5.102.36.0/23,"ASN 2914"
5.102.38.0/24,"ASN 2914"
5.158.208.0/21,"ASN 2914"
5.178.5.0/24,"ASN 2914"
5.178.6.0/24,"ASN 2914"
27.110.64.0/21,"ASN 2914"
46.34.60.0/23,"ASN 2914"
50.31.236.0/24,"ASN 2914"
61.58.32.0/22,"ASN 2914"
61.58.36.0/23,"ASN 2914"
61.58.39.0/24,"ASN 2914"
61.58.40.0/21,"ASN 2914"
61.120.144.0/20,"ASN 2914"
61.200.80.0/20,"ASN 2914"
61.213.144.0/22,"ASN 2914"
61.213.148.0/24,"ASN 2914"
61.213.150.0/24,"ASN 2914"
61.213.152.0/21,"ASN 2914"
61.213.160.0/21,"ASN 2914"
61.213.169.0/24,"ASN 2914"
61.213.170.0/23,"ASN 2914"
61.213.172.0/22,"ASN 2914"
61.213.176.0/21,"ASN 2914"
61.213.184.0/22,"ASN 2914"
61.213.188.0/24,"ASN 2914"
61.213.190.0/23,"ASN 2914"
61.251.96.0/20,"ASN 2914"
62.73.160.0/20,"ASN 2914"
62.73.176.0/21,"ASN 2914"
62.73.184.0/23,"ASN 2914"
62.73.187.0/24,"ASN 2914"
62.73.188.0/22,"ASN 2914"
81.19.96.0/21,"ASN 2914"
81.19.104.0/22,"ASN 2914"
81.19.108.0/23,"ASN 2914"
81.19.110.0/24,"ASN 2914"
81.20.64.0/20,"ASN 2914"
81.25.192.0/20,"ASN 2914"
81.93.176.0/21,"ASN 2914"
81.93.184.0/22,"ASN 2914"
81.93.188.0/23,"ASN 2914"
81.93.190.0/24,"ASN 2914"
81.93.208.0/21,"ASN 2914"
81.93.216.0/23,"ASN 2914"
81.93.218.0/24,"ASN 2914"
81.93.220.0/22,"ASN 2914"
82.112.96.0/19,"ASN 2914"
83.217.224.0/21,"ASN 2914"
83.217.233.0/24,"ASN 2914"
83.217.234.0/23,"ASN 2914"
83.217.236.0/22,"ASN 2914"
83.217.240.0/20,"ASN 2914"
83.231.128.0/20,"ASN 2914"
83.231.144.0/24,"ASN 2914"
83.231.146.0/23,"ASN 2914"
83.231.148.0/22,"ASN 2914"
83.231.154.0/23,"ASN 2914"
83.231.156.0/22,"ASN 2914"
83.231.160.0/19,"ASN 2914"
83.231.192.0/20,"ASN 2914"
83.231.208.0/22,"ASN 2914"
83.231.213.0/24,"ASN 2914"
83.231.214.0/23,"ASN 2914"
83.231.216.0/21,"ASN 2914"
83.231.224.0/21,"ASN 2914"
83.231.232.0/22,"ASN 2914"
83.231.236.0/23,"ASN 2914"
83.231.239.0/24,"ASN 2914"
83.231.240.0/20,"ASN 2914"
91.186.160.0/19,"ASN 2914"
91.190.186.0/24,"ASN 2914"
91.190.191.0/24,"ASN 2914"
91.194.205.0/24,"ASN 2914"
91.202.200.0/24,"ASN 2914"
92.61.107.0/24,"ASN 2914"
92.61.110.0/24,"ASN 2914"
93.93.96.0/21,"ASN 2914"
103.13.80.0/22,"ASN 2914"
103.20.18.0/23,"ASN 2914"
104.75.162.0/24,"ASN 2914"
104.77.163.0/24,"ASN 2914"
104.152.144.0/21,"ASN 2914"
116.51.16.0/21,"ASN 2914"
116.51.24.0/24,"ASN 2914"
116.51.26.0/23,"ASN 2914"
116.51.28.0/22,"ASN 2914"
116.51.40.0/21,"ASN 2914"
116.197.144.0/22,"ASN 2914"
116.197.148.0/23,"ASN 2914"
117.103.176.0/21,"ASN 2914"
117.103.184.0/22,"ASN 2914"
117.103.188.0/23,"ASN 2914"
117.104.64.0/18,"ASN 2914"
117.104.128.0/21,"ASN 2914"
117.104.136.0/22,"ASN 2914"
117.104.144.0/24,"ASN 2914"
117.104.146.0/23,"ASN 2914"
117.104.148.0/22,"ASN 2914"
117.104.152.0/21,"ASN 2914"
120.29.144.0/22,"ASN 2914"
120.29.149.0/24,"ASN 2914"
120.29.150.0/23,"ASN 2914"
120.88.48.0/21,"ASN 2914"
120.88.58.0/23,"ASN 2914"
120.88.60.0/22,"ASN 2914"
122.255.80.0/20,"ASN 2914"
124.40.0.0/19,"ASN 2914"
124.40.32.0/20,"ASN 2914"
124.40.48.0/22,"ASN 2914"
124.40.52.0/23,"ASN 2914"
124.40.54.0/24,"ASN 2914"
124.40.58.0/23,"ASN 2914"
124.40.60.0/22,"ASN 2914"
128.121.0.0/16,"ASN 2914"
128.241.0.0/19,"ASN 2914"
128.241.32.0/23,"ASN 2914"
128.241.35.0/24,"ASN 2914"
128.241.36.0/22,"ASN 2914"
128.241.40.0/21,"ASN 2914"
128.241.48.0/20,"ASN 2914"
128.241.64.0/20,"ASN 2914"
128.241.80.0/21,"ASN 2914"
128.241.88.0/23,"ASN 2914"
128.241.90.0/24,"ASN 2914"
128.241.96.0/19,"ASN 2914"
128.241.128.0/18,"ASN 2914"
128.241.192.0/20,"ASN 2914"
128.241.208.0/21,"ASN 2914"
128.241.216.0/24,"ASN 2914"
128.241.219.0/24,"ASN 2914"
128.241.220.0/22,"ASN 2914"
128.241.224.0/19,"ASN 2914"
128.242.0.0/17,"ASN 2914"
128.242.128.0/20,"ASN 2914"
128.242.144.0/22,"ASN 2914"
128.242.149.0/24,"ASN 2914"
128.242.150.0/23,"ASN 2914"
128.242.152.0/21,"ASN 2914"
128.242.160.0/19,"ASN 2914"
128.242.192.0/18,"ASN 2914"
129.250.0.0/19,"ASN 2914"
129.250.32.0/21,"ASN 2914"
129.250.41.0/24,"ASN 2914"
129.250.42.0/23,"ASN 2914"
129.250.44.0/22,"ASN 2914"
129.250.48.0/20,"ASN 2914"
129.250.64.0/18,"ASN 2914"
129.250.128.0/19,"ASN 2914"
129.250.160.0/24,"ASN 2914"
129.250.162.0/23,"ASN 2914"
129.250.164.0/22,"ASN 2914"
129.250.168.0/21,"ASN 2914"
129.250.176.0/20,"ASN 2914"
129.250.192.0/18,"ASN 2914"
130.94.0.0/16,"ASN 2914"
131.103.0.0/20,"ASN 2914"
131.103.16.0/22,"ASN 2914"
131.103.20.0/23,"ASN 2914"
131.103.23.0/24,"ASN 2914"
131.103.25.0/24,"ASN 2914"
131.103.26.0/23,"ASN 2914"
131.103.28.0/22,"ASN 2914"
131.103.32.0/19,"ASN 2914"
131.103.64.0/18,"ASN 2914"
131.103.128.0/21,"ASN 2914"
131.103.140.0/22,"ASN 2914"
131.103.144.0/21,"ASN 2914"
131.103.152.0/22,"ASN 2914"
131.103.157.0/24,"ASN 2914"
131.103.158.0/23,"ASN 2914"
131.103.160.0/19,"ASN 2914"
131.103.192.0/18,"ASN 2914"
140.174.10.0/23,"ASN 2914"
140.174.15.0/24,"ASN 2914"
140.174.16.0/23,"ASN 2914"
140.174.18.0/24,"ASN 2914"
140.174.20.0/23,"ASN 2914"
140.174.28.0/23,"ASN 2914"
140.174.31.0/24,"ASN 2914"
140.174.33.0/24,"ASN 2914"
140.174.34.0/23,"ASN 2914"
140.174.38.0/23,"ASN 2914"
140.174.40.0/24,"ASN 2914"
140.174.48.0/20,"ASN 2914"
140.174.64.0/18,"ASN 2914"
140.174.160.0/20,"ASN 2914"
140.174.176.0/24,"ASN 2914"
140.174.178.0/23,"ASN 2914"
140.174.180.0/22,"ASN 2914"
140.174.184.0/21,"ASN 2914"
140.174.192.0/19,"ASN 2914"
140.174.224.0/20,"ASN 2914"
142.147.128.0/18,"ASN 2914"
142.147.240.0/21,"ASN 2914"
146.184.152.0/23,"ASN 2914"
146.184.154.0/24,"ASN 2914"
148.253.240.0/22,"ASN 2914"
148.253.249.0/24,"ASN 2914"
148.253.250.0/24,"ASN 2914"
150.70.110.0/24,"ASN 2914"
151.249.90.0/23,"ASN 2914"
151.249.92.0/23,"ASN 2914"
151.249.94.0/24,"ASN 2914"
153.254.0.0/18,"ASN 2914"
153.254.64.0/20,"ASN 2914"
153.254.80.0/21,"ASN 2914"
153.254.88.0/22,"ASN 2914"
153.254.96.0/21,"ASN 2914"
153.254.104.0/22,"ASN 2914"
153.254.108.0/23,"ASN 2914"
153.254.110.0/24,"ASN 2914"
153.254.112.0/22,"ASN 2914"
153.254.116.0/23,"ASN 2914"
153.254.118.0/24,"ASN 2914"
153.254.120.0/21,"ASN 2914"
153.254.128.0/17,"ASN 2914"
153.255.0.0/16,"ASN 2914"
157.238.0.0/18,"ASN 2914"
157.238.64.0/22,"ASN 2914"
157.238.68.0/23,"ASN 2914"
157.238.72.0/23,"ASN 2914"
157.238.76.0/23,"ASN 2914"
157.238.78.0/24,"ASN 2914"
157.238.80.0/20,"ASN 2914"
157.238.96.0/19,"ASN 2914"
157.238.128.0/21,"ASN 2914"
157.238.144.0/20,"ASN 2914"
157.238.160.0/20,"ASN 2914"
157.238.176.0/23,"ASN 2914"
157.238.179.0/24,"ASN 2914"
157.238.180.0/22,"ASN 2914"
157.238.184.0/21,"ASN 2914"
157.238.192.0/20,"ASN 2914"
157.238.208.0/23,"ASN 2914"
157.238.210.0/24,"ASN 2914"
157.238.212.0/22,"ASN 2914"
157.238.216.0/21,"ASN 2914"
157.238.224.0/19,"ASN 2914"
158.181.56.0/21,"ASN 2914"
161.58.0.0/16,"ASN 2914"
163.171.77.0/24,"ASN 2914"
163.171.90.0/23,"ASN 2914"
163.171.246.0/23,"ASN 2914"
163.171.251.0/24,"ASN 2914"
163.171.253.0/24,"ASN 2914"
163.171.254.0/24,"ASN 2914"
165.254.1.0/24,"ASN 2914"
165.254.6.0/24,"ASN 2914"
165.254.8.0/23,"ASN 2914"
165.254.14.0/23,"ASN 2914"
165.254.16.0/22,"ASN 2914"
165.254.21.0/24,"ASN 2914"
165.254.22.0/23,"ASN 2914"
165.254.24.0/22,"ASN 2914"
165.254.28.0/23,"ASN 2914"
165.254.31.0/24,"ASN 2914"
165.254.34.0/23,"ASN 2914"
165.254.36.0/22,"ASN 2914"
165.254.42.0/24,"ASN 2914"
165.254.47.0/24,"ASN 2914"
165.254.48.0/23,"ASN 2914"
165.254.53.0/24,"ASN 2914"
165.254.54.0/23,"ASN 2914"
165.254.57.0/24,"ASN 2914"
165.254.58.0/23,"ASN 2914"
165.254.60.0/22,"ASN 2914"
165.254.80.0/24,"ASN 2914"
165.254.82.0/24,"ASN 2914"
165.254.84.0/22,"ASN 2914"
165.254.90.0/24,"ASN 2914"
165.254.92.0/22,"ASN 2914"
165.254.97.0/24,"ASN 2914"
165.254.99.0/24,"ASN 2914"
165.254.100.0/24,"ASN 2914"
165.254.102.0/23,"ASN 2914"
165.254.105.0/24,"ASN 2914"
165.254.106.0/24,"ASN 2914"
165.254.108.0/23,"ASN 2914"
165.254.112.0/22,"ASN 2914"
165.254.116.0/24,"ASN 2914"
165.254.118.0/23,"ASN 2914"
165.254.120.0/23,"ASN 2914"
165.254.124.0/22,"ASN 2914"
165.254.128.0/23,"ASN 2914"
165.254.131.0/24,"ASN 2914"
165.254.132.0/22,"ASN 2914"
165.254.137.0/24,"ASN 2914"
165.254.138.0/23,"ASN 2914"
165.254.140.0/24,"ASN 2914"
165.254.143.0/24,"ASN 2914"
165.254.144.0/23,"ASN 2914"
165.254.146.0/24,"ASN 2914"
165.254.148.0/23,"ASN 2914"
165.254.155.0/24,"ASN 2914"
165.254.158.0/23,"ASN 2914"
165.254.162.0/24,"ASN 2914"
165.254.165.0/24,"ASN 2914"
165.254.167.0/24,"ASN 2914"
165.254.168.0/23,"ASN 2914"
165.254.171.0/24,"ASN 2914"
165.254.172.0/24,"ASN 2914"
165.254.174.0/23,"ASN 2914"
165.254.176.0/24,"ASN 2914"
165.254.178.0/23,"ASN 2914"
165.254.181.0/24,"ASN 2914"
165.254.186.0/24,"ASN 2914"
165.254.188.0/22,"ASN 2914"
165.254.196.0/23,"ASN 2914"
165.254.199.0/24,"ASN 2914"
165.254.200.0/22,"ASN 2914"
165.254.204.0/23,"ASN 2914"
165.254.208.0/21,"ASN 2914"
165.254.218.0/23,"ASN 2914"
165.254.220.0/23,"ASN 2914"
165.254.224.0/24,"ASN 2914"
165.254.226.0/23,"ASN 2914"
165.254.228.0/23,"ASN 2914"
165.254.234.0/23,"ASN 2914"
165.254.236.0/22,"ASN 2914"
165.254.243.0/24,"ASN 2914"
165.254.244.0/22,"ASN 2914"
165.254.255.0/24,"ASN 2914"
168.143.0.0/17,"ASN 2914"
168.143.128.0/18,"ASN 2914"
168.143.192.0/19,"ASN 2914"
168.143.224.0/21,"ASN 2914"
168.143.232.0/22,"ASN 2914"
168.143.237.0/24,"ASN 2914"
168.143.238.0/23,"ASN 2914"
168.143.240.0/23,"ASN 2914"
168.143.244.0/22,"ASN 2914"
168.143.248.0/21,"ASN 2914"
174.35.9.0/24,"ASN 2914"
174.35.40.0/24,"ASN 2914"
174.35.64.0/23,"ASN 2914"
174.35.66.0/24,"ASN 2914"
177.129.168.0/22,"ASN 2914"
185.27.228.0/24,"ASN 2914"
185.84.16.0/22,"ASN 2914"
192.80.12.0/24,"ASN 2914"
192.80.14.0/23,"ASN 2914"
192.80.16.0/23,"ASN 2914"
192.147.160.0/21,"ASN 2914"
192.147.176.0/22,"ASN 2914"
192.204.0.0/22,"ASN 2914"
192.204.4.0/24,"ASN 2914"
192.204.6.0/23,"ASN 2914"
192.204.8.0/22,"ASN 2914"
192.204.16.0/21,"ASN 2914"
192.204.24.0/23,"ASN 2914"
192.204.28.0/22,"ASN 2914"
192.204.32.0/19,"ASN 2914"
192.204.64.0/19,"ASN 2914"
192.204.96.0/21,"ASN 2914"
192.204.104.0/23,"ASN 2914"
192.204.108.0/22,"ASN 2914"
192.204.112.0/20,"ASN 2914"
192.204.128.0/20,"ASN 2914"
192.204.147.0/24,"ASN 2914"
192.204.149.0/24,"ASN 2914"
192.204.150.0/23,"ASN 2914"
192.204.152.0/21,"ASN 2914"
192.204.160.0/20,"ASN 2914"
192.204.176.0/23,"ASN 2914"
192.204.183.0/24,"ASN 2914"
192.204.184.0/21,"ASN 2914"
192.204.192.0/18,"ASN 2914"
192.217.0.0/16,"ASN 2914"
192.220.0.0/16,"ASN 2914"
193.29.221.0/24,"ASN 2914"
194.180.26.0/23,"ASN 2914"
198.17.243.0/24,"ASN 2914"
198.63.0.0/16,"ASN 2914"
198.64.0.0/22,"ASN 2914"
198.64.4.0/23,"ASN 2914"
198.64.6.0/24,"ASN 2914"
198.64.30.0/23,"ASN 2914"
198.64.48.0/21,"ASN 2914"
198.64.56.0/24,"ASN 2914"
198.64.58.0/23,"ASN 2914"
198.64.60.0/22,"ASN 2914"
198.64.64.0/18,"ASN 2914"
198.64.128.0/18,"ASN 2914"
198.64.192.0/19,"ASN 2914"
198.64.224.0/20,"ASN 2914"
198.64.240.0/21,"ASN 2914"
198.64.252.0/22,"ASN 2914"
198.65.0.0/17,"ASN 2914"
198.65.128.0/18,"ASN 2914"
198.65.192.0/21,"ASN 2914"
198.65.200.0/22,"ASN 2914"
198.65.205.0/24,"ASN 2914"
198.65.206.0/23,"ASN 2914"
198.65.208.0/20,"ASN 2914"
198.65.224.0/19,"ASN 2914"
198.66.0.0/16,"ASN 2914"
198.84.16.0/20,"ASN 2914"
198.87.0.0/17,"ASN 2914"
198.87.128.0/18,"ASN 2914"
198.87.192.0/20,"ASN 2914"
198.87.216.0/21,"ASN 2914"
198.87.224.0/19,"ASN 2914"
198.88.0.0/18,"ASN 2914"
198.88.64.0/19,"ASN 2914"
198.88.96.0/20,"ASN 2914"
198.88.112.0/21,"ASN 2914"
198.88.122.0/23,"ASN 2914"
198.88.124.0/22,"ASN 2914"
198.88.128.0/18,"ASN 2914"
198.88.192.0/20,"ASN 2914"
198.88.208.0/21,"ASN 2914"
198.88.217.0/24,"ASN 2914"
198.88.218.0/23,"ASN 2914"
198.88.220.0/22,"ASN 2914"
198.88.224.0/19,"ASN 2914"
198.104.0.0/16,"ASN 2914"
198.106.0.0/15,"ASN 2914"
198.133.158.0/23,"ASN 2914"
198.138.0.0/19,"ASN 2914"
198.138.32.0/21,"ASN 2914"
198.138.42.0/23,"ASN 2914"
198.138.44.0/22,"ASN 2914"
198.138.49.0/24,"ASN 2914"
198.138.50.0/23,"ASN 2914"
198.138.52.0/22,"ASN 2914"
198.138.56.0/21,"ASN 2914"
198.138.64.0/22,"ASN 2914"
198.138.70.0/23,"ASN 2914"
198.138.72.0/21,"ASN 2914"
198.138.80.0/20,"ASN 2914"
198.138.96.0/19,"ASN 2914"
198.138.128.0/22,"ASN 2914"
198.138.136.0/21,"ASN 2914"
198.138.144.0/20,"ASN 2914"
198.138.160.0/19,"ASN 2914"
198.138.192.0/21,"ASN 2914"
198.138.200.0/22,"ASN 2914"
198.138.204.0/23,"ASN 2914"
198.138.206.0/24,"ASN 2914"
198.138.211.0/24,"ASN 2914"
198.138.212.0/22,"ASN 2914"
198.138.216.0/21,"ASN 2914"
198.138.224.0/19,"ASN 2914"
198.139.0.0/16,"ASN 2914"
198.170.0.0/17,"ASN 2914"
198.170.128.0/19,"ASN 2914"
198.170.160.0/20,"ASN 2914"
198.170.176.0/21,"ASN 2914"
198.170.186.0/23,"ASN 2914"
198.170.188.0/24,"ASN 2914"
198.170.190.0/23,"ASN 2914"
198.170.194.0/23,"ASN 2914"
198.170.196.0/22,"ASN 2914"
198.170.200.0/21,"ASN 2914"
198.170.208.0/20,"ASN 2914"
198.170.224.0/19,"ASN 2914"
198.171.0.0/16,"ASN 2914"
198.172.0.0/16,"ASN 2914"
198.173.0.0/17,"ASN 2914"
198.173.128.0/19,"ASN 2914"
198.173.162.0/23,"ASN 2914"
198.173.164.0/22,"ASN 2914"
198.173.168.0/21,"ASN 2914"
198.173.176.0/20,"ASN 2914"
198.173.192.0/21,"ASN 2914"
198.173.200.0/24,"ASN 2914"
198.173.204.0/22,"ASN 2914"
198.173.208.0/22,"ASN 2914"
198.173.212.0/24,"ASN 2914"
198.173.214.0/23,"ASN 2914"
198.173.216.0/21,"ASN 2914"
198.173.224.0/19,"ASN 2914"
198.247.0.0/17,"ASN 2914"
198.247.128.0/19,"ASN 2914"
198.247.160.0/21,"ASN 2914"
198.247.168.0/22,"ASN 2914"
198.247.176.0/20,"ASN 2914"
198.247.192.0/18,"ASN 2914"
199.4.64.0/19,"ASN 2914"
199.4.96.0/21,"ASN 2914"
199.4.104.0/22,"ASN 2914"
199.4.108.0/23,"ASN 2914"
199.4.111.0/24,"ASN 2914"
199.4.112.0/20,"ASN 2914"
199.73.32.0/21,"ASN 2914"
199.103.128.0/20,"ASN 2914"
199.103.144.0/23,"ASN 2914"
199.103.147.0/24,"ASN 2914"
199.103.148.0/22,"ASN 2914"
199.103.152.0/21,"ASN 2914"
199.103.160.0/19,"ASN 2914"
199.103.192.0/18,"ASN 2914"
199.164.210.0/24,"ASN 2914"
199.217.128.0/21,"ASN 2914"
199.217.136.0/23,"ASN 2914"
199.217.138.0/24,"ASN 2914"
199.217.141.0/24,"ASN 2914"
199.217.142.0/23,"ASN 2914"
199.217.144.0/21,"ASN 2914"
199.217.152.0/24,"ASN 2914"
199.217.154.0/23,"ASN 2914"
199.217.156.0/22,"ASN 2914"
199.217.160.0/19,"ASN 2914"
199.217.192.0/18,"ASN 2914"
199.224.2.0/23,"ASN 2914"
199.224.4.0/22,"ASN 2914"
199.224.8.0/23,"ASN 2914"
199.224.11.0/24,"ASN 2914"
199.224.12.0/24,"ASN 2914"
199.234.0.0/18,"ASN 2914"
199.234.72.0/21,"ASN 2914"
199.234.80.0/21,"ASN 2914"
199.234.88.0/24,"ASN 2914"
199.234.91.0/24,"ASN 2914"
199.234.92.0/22,"ASN 2914"
199.234.96.0/19,"ASN 2914"
199.234.128.0/18,"ASN 2914"
199.234.192.0/19,"ASN 2914"
199.234.224.0/20,"ASN 2914"
199.234.240.0/22,"ASN 2914"
199.234.248.0/21,"ASN 2914"
199.236.0.0/15,"ASN 2914"
199.238.0.0/16,"ASN 2914"
199.239.0.0/17,"ASN 2914"
199.239.128.0/19,"ASN 2914"
199.239.160.0/20,"ASN 2914"
199.239.176.0/22,"ASN 2914"
199.239.180.0/23,"ASN 2914"
199.239.185.0/24,"ASN 2914"
199.239.186.0/23,"ASN 2914"
199.239.188.0/22,"ASN 2914"
199.239.192.0/18,"ASN 2914"
199.240.0.0/17,"ASN 2914"
199.240.128.0/23,"ASN 2914"
199.240.132.0/22,"ASN 2914"
199.240.136.0/22,"ASN 2914"
199.240.142.0/23,"ASN 2914"
199.240.144.0/20,"ASN 2914"
199.240.160.0/19,"ASN 2914"
199.240.192.0/18,"ASN 2914"
199.245.16.0/20,"ASN 2914"
200.15.0.0/23,"ASN 2914"
200.15.2.0/24,"ASN 2914"
200.15.4.0/22,"ASN 2914"
200.15.8.0/21,"ASN 2914"
200.15.16.0/20,"ASN 2914"
200.15.32.0/19,"ASN 2914"
200.15.64.0/18,"ASN 2914"
200.15.128.0/17,"ASN 2914"
202.47.16.0/20,"ASN 2914"
202.68.64.0/20,"ASN 2914"
203.32.21.0/24,"ASN 2914"
203.78.192.0/21,"ASN 2914"
203.105.64.0/21,"ASN 2914"
203.105.72.0/22,"ASN 2914"
203.105.76.0/23,"ASN 2914"
203.105.79.0/24,"ASN 2914"
203.105.80.0/20,"ASN 2914"
203.131.240.0/20,"ASN 2914"
203.205.112.0/20,"ASN 2914"
204.0.0.0/16,"ASN 2914"
204.1.0.0/17,"ASN 2914"
204.1.128.0/21,"ASN 2914"
204.1.136.0/22,"ASN 2914"
204.1.140.0/24,"ASN 2914"
204.1.142.0/23,"ASN 2914"
204.1.144.0/20,"ASN 2914"
204.1.160.0/19,"ASN 2914"
204.1.192.0/18,"ASN 2914"
204.2.16.0/23,"ASN 2914"
204.2.18.0/24,"ASN 2914"
204.2.23.0/24,"ASN 2914"
204.2.24.0/23,"ASN 2914"
204.2.26.0/24,"ASN 2914"
204.2.28.0/23,"ASN 2914"
204.2.34.0/24,"ASN 2914"
204.2.38.0/23,"ASN 2914"
204.2.40.0/24,"ASN 2914"
204.2.42.0/24,"ASN 2914"
204.2.44.0/22,"ASN 2914"
204.2.52.0/22,"ASN 2914"
204.2.56.0/24,"ASN 2914"
204.2.58.0/23,"ASN 2914"
204.2.60.0/22,"ASN 2914"
204.2.80.0/21,"ASN 2914"
204.2.96.0/19,"ASN 2914"
204.2.128.0/24,"ASN 2914"
204.2.130.0/24,"ASN 2914"
204.2.132.0/24,"ASN 2914"
204.2.134.0/23,"ASN 2914"
204.2.144.0/24,"ASN 2914"
204.2.146.0/23,"ASN 2914"
204.2.148.0/22,"ASN 2914"
204.2.152.0/23,"ASN 2914"
204.2.154.0/24,"ASN 2914"
204.2.161.0/24,"ASN 2914"
204.2.163.0/24,"ASN 2914"
204.2.166.0/23,"ASN 2914"
204.2.168.0/24,"ASN 2914"
204.2.170.0/23,"ASN 2914"
204.2.176.0/22,"ASN 2914"
204.2.180.0/23,"ASN 2914"
204.2.184.0/23,"ASN 2914"
204.2.186.0/24,"ASN 2914"
204.2.188.0/22,"ASN 2914"
204.2.192.0/22,"ASN 2914"
204.2.199.0/24,"ASN 2914"
204.2.204.0/23,"ASN 2914"
204.2.206.0/24,"ASN 2914"
204.2.208.0/24,"ASN 2914"
204.2.210.0/23,"ASN 2914"
204.2.212.0/22,"ASN 2914"
204.2.216.0/24,"ASN 2914"
204.2.219.0/24,"ASN 2914"
204.2.221.0/24,"ASN 2914"
204.2.222.0/23,"ASN 2914"
204.2.224.0/22,"ASN 2914"
204.2.228.0/23,"ASN 2914"
204.2.231.0/24,"ASN 2914"
204.2.233.0/24,"ASN 2914"
204.2.234.0/23,"ASN 2914"
204.2.236.0/23,"ASN 2914"
204.2.240.0/22,"ASN 2914"
204.2.248.0/22,"ASN 2914"
204.2.254.0/23,"ASN 2914"
204.3.0.0/16,"ASN 2914"
204.42.0.0/20,"ASN 2914"
204.42.32.0/19,"ASN 2914"
204.42.64.0/18,"ASN 2914"
204.42.128.0/17,"ASN 2914"
204.57.32.0/19,"ASN 2914"
204.141.0.0/21,"ASN 2914"
204.141.16.0/22,"ASN 2914"
204.141.24.0/22,"ASN 2914"
204.141.34.0/24,"ASN 2914"
204.141.36.0/24,"ASN 2914"
204.141.38.0/23,"ASN 2914"
204.141.44.0/22,"ASN 2914"
204.141.48.0/21,"ASN 2914"
204.141.60.0/22,"ASN 2914"
204.141.64.0/20,"ASN 2914"
204.141.90.0/23,"ASN 2914"
204.141.92.0/22,"ASN 2914"
204.141.96.0/24,"ASN 2914"
204.141.98.0/23,"ASN 2914"
204.141.100.0/22,"ASN 2914"
204.141.112.0/22,"ASN 2914"
204.141.120.0/22,"ASN 2914"
204.141.128.0/22,"ASN 2914"
204.141.156.0/22,"ASN 2914"
204.141.161.0/24,"ASN 2914"
204.141.162.0/23,"ASN 2914"
204.141.172.0/22,"ASN 2914"
204.141.204.0/24,"ASN 2914"
204.141.206.0/23,"ASN 2914"
204.141.208.0/21,"ASN 2914"
204.141.216.0/22,"ASN 2914"
204.141.224.0/22,"ASN 2914"
204.141.228.0/23,"ASN 2914"
204.141.231.0/24,"ASN 2914"
204.141.232.0/22,"ASN 2914"
204.141.236.0/23,"ASN 2914"
204.141.238.0/24,"ASN 2914"
204.141.240.0/20,"ASN 2914"
204.142.0.0/17,"ASN 2914"
204.142.128.0/19,"ASN 2914"
204.142.160.0/20,"ASN 2914"
204.142.176.0/22,"ASN 2914"
204.142.181.0/24,"ASN 2914"
204.142.182.0/23,"ASN 2914"
204.142.184.0/21,"ASN 2914"
204.142.192.0/18,"ASN 2914"
204.143.0.0/19,"ASN 2914"
204.143.32.0/20,"ASN 2914"
204.143.48.0/21,"ASN 2914"
204.143.56.0/22,"ASN 2914"
204.143.60.0/24,"ASN 2914"
204.143.69.0/24,"ASN 2914"
204.143.70.0/23,"ASN 2914"
204.143.72.0/21,"ASN 2914"
204.143.80.0/20,"ASN 2914"
204.143.96.0/19,"ASN 2914"
204.143.128.0/17,"ASN 2914"
204.156.0.0/19,"ASN 2914"
204.156.128.0/19,"ASN 2914"
204.170.0.0/20,"ASN 2914"
204.170.16.0/22,"ASN 2914"
204.170.22.0/23,"ASN 2914"
204.170.24.0/21,"ASN 2914"
204.170.33.0/24,"ASN 2914"
204.170.34.0/24,"ASN 2914"
204.170.36.0/22,"ASN 2914"
204.170.40.0/21,"ASN 2914"
204.170.48.0/20,"ASN 2914"
204.170.64.0/18,"ASN 2914"
204.170.128.0/18,"ASN 2914"
204.170.192.0/20,"ASN 2914"
204.170.209.0/24,"ASN 2914"
204.170.210.0/23,"ASN 2914"
204.170.212.0/22,"ASN 2914"
204.170.216.0/21,"ASN 2914"
204.170.224.0/19,"ASN 2914"
204.171.0.0/19,"ASN 2914"
204.171.32.0/20,"ASN 2914"
204.171.52.0/22,"ASN 2914"
204.171.56.0/21,"ASN 2914"
204.171.64.0/18,"ASN 2914"
204.171.128.0/17,"ASN 2914"
204.194.176.0/21,"ASN 2914"
204.200.0.0/20,"ASN 2914"
204.200.16.0/21,"ASN 2914"
204.200.24.0/23,"ASN 2914"
204.200.28.0/22,"ASN 2914"
204.200.32.0/19,"ASN 2914"
204.200.64.0/18,"ASN 2914"
204.200.128.0/17,"ASN 2914"
204.201.0.0/17,"ASN 2914"
204.201.128.0/19,"ASN 2914"
204.201.161.0/24,"ASN 2914"
204.201.162.0/23,"ASN 2914"
204.201.164.0/22,"ASN 2914"
204.201.168.0/21,"ASN 2914"
204.201.176.0/20,"ASN 2914"
204.201.192.0/18,"ASN 2914"
204.202.0.0/16,"ASN 2914"
204.203.0.0/19,"ASN 2914"
204.203.32.0/20,"ASN 2914"
204.203.51.0/24,"ASN 2914"
204.203.52.0/22,"ASN 2914"
204.203.56.0/21,"ASN 2914"
204.203.64.0/20,"ASN 2914"
204.203.80.0/21,"ASN 2914"
204.203.88.0/22,"ASN 2914"
204.203.93.0/24,"ASN 2914"
204.203.94.0/23,"ASN 2914"
204.203.96.0/19,"ASN 2914"
204.203.128.0/17,"ASN 2914"
204.233.0.0/17,"ASN 2914"
204.233.128.0/18,"ASN 2914"
204.233.192.0/19,"ASN 2914"
204.233.224.0/21,"ASN 2914"
204.233.232.0/23,"ASN 2914"
204.233.234.0/24,"ASN 2914"
204.233.236.0/22,"ASN 2914"
204.233.240.0/20,"ASN 2914"
204.245.128.0/18,"ASN 2914"
204.245.192.0/22,"ASN 2914"
204.245.197.0/24,"ASN 2914"
204.245.198.0/23,"ASN 2914"
204.245.200.0/21,"ASN 2914"
204.245.208.0/20,"ASN 2914"
204.245.224.0/19,"ASN 2914"
204.247.0.0/16,"ASN 2914"
205.146.0.0/19,"ASN 2914"
205.146.32.0/20,"ASN 2914"
205.146.56.0/23,"ASN 2914"
205.146.59.0/24,"ASN 2914"
205.146.60.0/22,"ASN 2914"
205.146.64.0/18,"ASN 2914"
205.146.128.0/17,"ASN 2914"
205.149.160.0/19,"ASN 2914"
205.157.128.0/21,"ASN 2914"
205.157.137.0/24,"ASN 2914"
205.157.138.0/23,"ASN 2914"
205.157.140.0/22,"ASN 2914"
205.212.0.0/16,"ASN 2914"
205.238.0.0/20,"ASN 2914"
205.238.16.0/21,"ASN 2914"
205.238.24.0/24,"ASN 2914"
205.238.28.0/23,"ASN 2914"
205.238.31.0/24,"ASN 2914"
205.238.32.0/19,"ASN 2914"
206.14.0.0/18,"ASN 2914"
206.14.64.0/19,"ASN 2914"
206.14.96.0/20,"ASN 2914"
206.14.112.0/21,"ASN 2914"
206.14.120.0/22,"ASN 2914"
206.14.124.0/24,"ASN 2914"
206.14.126.0/23,"ASN 2914"
206.14.128.0/17,"ASN 2914"
206.50.0.0/22,"ASN 2914"
206.50.4.0/23,"ASN 2914"
206.50.8.0/21,"ASN 2914"
206.50.16.0/20,"ASN 2914"
206.50.32.0/19,"ASN 2914"
206.50.64.0/18,"ASN 2914"
206.50.128.0/17,"ASN 2914"
206.52.0.0/16,"ASN 2914"
206.54.0.0/18,"ASN 2914"
206.55.0.0/18,"ASN 2914"
206.58.0.0/17,"ASN 2914"
206.58.128.0/18,"ASN 2914"
206.58.192.0/21,"ASN 2914"
206.58.202.0/23,"ASN 2914"
206.58.204.0/22,"ASN 2914"
206.58.208.0/20,"ASN 2914"
206.58.224.0/19,"ASN 2914"
206.68.0.0/15,"ASN 2914"
206.80.32.0/19,"ASN 2914"
206.82.32.0/19,"ASN 2914"
206.86.0.0/16,"ASN 2914"
206.163.0.0/17,"ASN 2914"
206.163.128.0/18,"ASN 2914"
206.163.192.0/19,"ASN 2914"
206.166.128.0/21,"ASN 2914"
206.166.136.0/22,"ASN 2914"
206.166.144.0/20,"ASN 2914"
206.166.160.0/19,"ASN 2914"
206.183.192.0/19,"ASN 2914"
206.184.0.0/20,"ASN 2914"
206.184.16.0/24,"ASN 2914"
206.184.18.0/23,"ASN 2914"
206.184.20.0/22,"ASN 2914"
206.184.24.0/21,"ASN 2914"
206.184.32.0/19,"ASN 2914"
206.184.64.0/18,"ASN 2914"
206.184.128.0/17,"ASN 2914"
206.197.81.0/24,"ASN 2914"
206.213.64.0/18,"ASN 2914"
206.222.32.0/20,"ASN 2914"
206.222.48.0/21,"ASN 2914"
206.222.56.0/23,"ASN 2914"
206.222.60.0/22,"ASN 2914"
206.239.0.0/16,"ASN 2914"
207.20.0.0/18,"ASN 2914"
207.20.64.0/20,"ASN 2914"
207.20.80.0/22,"ASN 2914"
207.20.84.0/24,"ASN 2914"
207.20.86.0/23,"ASN 2914"
207.20.88.0/21,"ASN 2914"
207.20.96.0/19,"ASN 2914"
207.20.128.0/17,"ASN 2914"
207.21.0.0/18,"ASN 2914"
207.21.64.0/19,"ASN 2914"
207.21.96.0/20,"ASN 2914"
207.21.112.0/21,"ASN 2914"
207.21.120.0/24,"ASN 2914"
207.21.122.0/23,"ASN 2914"
207.21.124.0/22,"ASN 2914"
207.21.128.0/18,"ASN 2914"
207.22.64.0/18,"ASN 2914"
207.31.192.0/18,"ASN 2914"
207.32.64.0/18,"ASN 2914"
207.33.0.0/16,"ASN 2914"
207.55.128.0/18,"ASN 2914"
207.55.192.0/19,"ASN 2914"
207.56.0.0/15,"ASN 2914"
207.58.0.0/17,"ASN 2914"
207.67.128.0/23,"ASN 2914"
207.67.131.0/24,"ASN 2914"
207.67.132.0/22,"ASN 2914"
207.67.136.0/24,"ASN 2914"
207.67.138.0/23,"ASN 2914"
207.67.140.0/22,"ASN 2914"
207.67.144.0/20,"ASN 2914"
207.67.160.0/19,"ASN 2914"
207.67.192.0/18,"ASN 2914"
207.71.64.0/18,"ASN 2914"
207.91.64.0/19,"ASN 2914"
207.91.96.0/24,"ASN 2914"
207.91.98.0/23,"ASN 2914"
207.91.100.0/22,"ASN 2914"
207.91.104.0/21,"ASN 2914"
207.91.112.0/20,"ASN 2914"
207.97.0.0/17,"ASN 2914"
207.111.64.0/21,"ASN 2914"
207.111.72.0/22,"ASN 2914"
207.111.80.0/20,"ASN 2914"
207.111.96.0/19,"ASN 2914"
207.137.16.0/20,"ASN 2914"
207.137.32.0/19,"ASN 2914"
207.137.64.0/21,"ASN 2914"
207.137.72.0/22,"ASN 2914"
207.137.76.0/23,"ASN 2914"
207.137.80.0/20,"ASN 2914"
207.137.96.0/19,"ASN 2914"
207.137.128.0/17,"ASN 2914"
207.150.0.0/17,"ASN 2914"
207.150.128.0/19,"ASN 2914"
207.152.64.0/22,"ASN 2914"
207.152.72.0/21,"ASN 2914"
207.152.80.0/20,"ASN 2914"
207.152.96.0/22,"ASN 2914"
207.152.100.0/23,"ASN 2914"
207.152.104.0/21,"ASN 2914"
207.152.112.0/20,"ASN 2914"
207.153.128.0/17,"ASN 2914"
207.156.128.0/19,"ASN 2914"
207.156.160.0/21,"ASN 2914"
207.156.169.0/24,"ASN 2914"
207.156.170.0/23,"ASN 2914"
207.156.172.0/22,"ASN 2914"
207.156.176.0/20,"ASN 2914"
207.156.192.0/20,"ASN 2914"
207.156.208.0/21,"ASN 2914"
207.156.217.0/24,"ASN 2914"
207.156.219.0/24,"ASN 2914"
207.156.220.0/22,"ASN 2914"
207.156.224.0/19,"ASN 2914"
207.159.0.0/18,"ASN 2914"
207.196.0.0/17,"ASN 2914"
207.197.128.0/17,"ASN 2914"
207.198.128.0/23,"ASN 2914"
207.198.131.0/24,"ASN 2914"
207.198.132.0/22,"ASN 2914"
207.198.136.0/21,"ASN 2914"
207.198.144.0/20,"ASN 2914"
207.198.160.0/20,"ASN 2914"
207.198.176.0/22,"ASN 2914"
207.198.182.0/23,"ASN 2914"
207.198.184.0/21,"ASN 2914"
207.198.192.0/18,"ASN 2914"
207.199.0.0/17,"ASN 2914"
207.206.0.0/17,"ASN 2914"
207.207.128.0/19,"ASN 2914"
207.241.0.0/17,"ASN 2914"
208.80.248.0/23,"ASN 2914"
209.21.0.0/18,"ASN 2914"
209.39.0.0/20,"ASN 2914"
209.39.16.0/22,"ASN 2914"
209.39.21.0/24,"ASN 2914"
209.39.22.0/23,"ASN 2914"
209.39.24.0/23,"ASN 2914"
209.39.27.0/24,"ASN 2914"
209.39.28.0/22,"ASN 2914"
209.39.32.0/19,"ASN 2914"
209.39.64.0/18,"ASN 2914"
209.39.128.0/17,"ASN 2914"
209.43.128.0/17,"ASN 2914"
209.57.0.0/19,"ASN 2914"
209.57.33.0/24,"ASN 2914"
209.57.34.0/23,"ASN 2914"
209.57.36.0/22,"ASN 2914"
209.57.40.0/21,"ASN 2914"
209.57.48.0/20,"ASN 2914"
209.57.64.0/18,"ASN 2914"
209.57.128.0/17,"ASN 2914"
209.69.0.0/16,"ASN 2914"
209.70.0.0/17,"ASN 2914"
209.70.128.0/19,"ASN 2914"
209.70.160.0/20,"ASN 2914"
209.70.176.0/22,"ASN 2914"
209.70.180.0/23,"ASN 2914"
209.70.183.0/24,"ASN 2914"
209.70.184.0/21,"ASN 2914"
209.70.192.0/19,"ASN 2914"
209.70.224.0/20,"ASN 2914"
209.70.241.0/24,"ASN 2914"
209.70.242.0/23,"ASN 2914"
209.70.244.0/22,"ASN 2914"
209.70.248.0/21,"ASN 2914"
209.75.0.0/16,"ASN 2914"
209.94.0.0/19,"ASN 2914"
209.107.0.0/18,"ASN 2914"
209.107.64.0/21,"ASN 2914"
209.107.72.0/22,"ASN 2914"
209.107.76.0/23,"ASN 2914"
209.107.80.0/20,"ASN 2914"
209.124.0.0/19,"ASN 2914"
209.139.0.0/17,"ASN 2914"
209.139.128.0/18,"ASN 2914"
209.157.0.0/16,"ASN 2914"
209.162.64.0/18,"ASN 2914"
209.168.0.0/18,"ASN 2914"
209.168.64.0/19,"ASN 2914"
209.168.96.0/20,"ASN 2914"
209.168.112.0/21,"ASN 2914"
209.168.120.0/22,"ASN 2914"
209.168.125.0/24,"ASN 2914"
209.168.126.0/23,"ASN 2914"
209.170.0.0/18,"ASN 2914"
209.189.0.0/17,"ASN 2914"
209.207.128.0/17,"ASN 2914"
209.212.224.0/22,"ASN 2914"
209.212.230.0/23,"ASN 2914"
209.212.237.0/24,"ASN 2914"
209.212.238.0/23,"ASN 2914"
209.227.0.0/18,"ASN 2914"
209.227.64.0/21,"ASN 2914"
209.227.72.0/22,"ASN 2914"
209.227.76.0/23,"ASN 2914"
209.227.80.0/20,"ASN 2914"
209.227.96.0/19,"ASN 2914"
209.238.0.0/16,"ASN 2914"
210.175.160.0/19,"ASN 2914"
211.130.96.0/19,"ASN 2914"
212.119.0.0/22,"ASN 2914"
212.119.4.0/24,"ASN 2914"
212.119.6.0/23,"ASN 2914"
212.119.9.0/24,"ASN 2914"
212.119.10.0/24,"ASN 2914"
212.119.12.0/22,"ASN 2914"
212.119.16.0/20,"ASN 2914"
213.130.32.0/19,"ASN 2914"
213.198.0.0/20,"ASN 2914"
213.198.16.0/21,"ASN 2914"
213.198.24.0/22,"ASN 2914"
213.198.28.0/24,"ASN 2914"
213.198.30.0/23,"ASN 2914"
213.198.32.0/20,"ASN 2914"
213.198.51.0/24,"ASN 2914"
213.198.52.0/22,"ASN 2914"
213.198.56.0/21,"ASN 2914"
213.198.64.0/19,"ASN 2914"
213.198.96.0/21,"ASN 2914"
213.198.112.0/20,"ASN 2914"
216.42.0.0/17,"ASN 2914"
216.42.128.0/23,"ASN 2914"
216.42.130.0/24,"ASN 2914"
216.42.133.0/24,"ASN 2914"
216.42.134.0/23,"ASN 2914"
216.42.136.0/21,"ASN 2914"
216.42.144.0/20,"ASN 2914"
216.42.160.0/19,"ASN 2914"
216.42.192.0/18,"ASN 2914"
216.44.0.0/20,"ASN 2914"
216.44.32.0/19,"ASN 2914"
216.44.64.0/18,"ASN 2914"
216.44.128.0/17,"ASN 2914"
216.167.0.0/17,"ASN 2914"
217.67.72.0/22,"ASN 2914"
2001:218::/35,"ASN 2914"
2001:218:2000::/64,"ASN 2914"
2001:218:2000:2::/63,"ASN 2914"
2001:218:2000:4::/62,"ASN 2914"
2001:218:2000:8::/61,"ASN 2914"
2001:218:2000:10::/60,"ASN 2914"
2001:218:2000:20::/59,"ASN 2914"
2001:218:2000:40::/58,"ASN 2914"
2001:218:2000:80::/57,"ASN 2914"
2001:218:2000:100::/56,"ASN 2914"
2001:218:2000:200::/55,"ASN 2914"
2001:218:2000:400::/54,"ASN 2914"
2001:218:2000:800::/53,"ASN 2914"
2001:218:2000:1000::/52,"ASN 2914"
2001:218:2000:2000::/51,"ASN 2914"
2001:218:2000:4000::/50,"ASN 2914"
2001:218:2000:8000::/49,"ASN 2914"
2001:218:2001::/48,"ASN 2914"
2001:218:2002::/47,"ASN 2914"
2001:218:2004::/46,"ASN 2914"
2001:218:2008::/45,"ASN 2914"
2001:218:2010::/44,"ASN 2914"
2001:218:2020::/43,"ASN 2914"
2001:218:2040::/42,"ASN 2914"
2001:218:2080::/41,"ASN 2914"
2001:218:2100::/40,"ASN 2914"
2001:218:2300::/40,"ASN 2914"
2001:218:2400::/38,"ASN 2914"
2001:218:2800::/37,"ASN 2914"
2001:218:3000::/46,"ASN 2914"
2001:218:3005::/48,"ASN 2914"
2001:218:3006::/47,"ASN 2914"
2001:218:3008::/45,"ASN 2914"
2001:218:3010::/44,"ASN 2914"
2001:218:3020::/43,"ASN 2914"
2001:218:3040::/42,"ASN 2914"
2001:218:3080::/41,"ASN 2914"
2001:218:3100::/40,"ASN 2914"
2001:218:3200::/39,"ASN 2914"
2001:218:3400::/38,"ASN 2914"
2001:218:3800::/37,"ASN 2914"
2001:218:4000::/34,"ASN 2914"
2001:218:8000::/33,"ASN 2914"
2001:418::/48,"ASN 2914"
2001:418:2::/47,"ASN 2914"
2001:418:4::/46,"ASN 2914"
2001:418:8::/45,"ASN 2914"
2001:418:10::/44,"ASN 2914"
2001:418:20::/43,"ASN 2914"
2001:418:40::/42,"ASN 2914"
2001:418:80::/41,"ASN 2914"
2001:418:100::/40,"ASN 2914"
2001:418:200::/40,"ASN 2914"
2001:418:300::/41,"ASN 2914"
2001:418:380::/42,"ASN 2914"
2001:418:3c0::/43,"ASN 2914"
2001:418:3e0::/44,"ASN 2914"
2001:418:3f0::/45,"ASN 2914"
2001:418:3f8::/46,"ASN 2914"
2001:418:3fc::/47,"ASN 2914"
2001:418:3ff::/48,"ASN 2914"
2001:418:400::/38,"ASN 2914"
2001:418:800::/38,"ASN 2914"
2001:418:c00::/46,"ASN 2914"
2001:418:c04::/47,"ASN 2914"
2001:418:c07::/48,"ASN 2914"
2001:418:c08::/45,"ASN 2914"
2001:418:c10::/44,"ASN 2914"
2001:418:c20::/43,"ASN 2914"
2001:418:c40::/42,"ASN 2914"
2001:418:c80::/41,"ASN 2914"
2001:418:d00::/40,"ASN 2914"
2001:418:e00::/39,"ASN 2914"
2001:418:1000::/38,"ASN 2914"
2001:418:1400::/48,"ASN 2914"
2001:418:1401::/63,"ASN 2914"
2001:418:1401:2::/64,"ASN 2914"
2001:418:1401:5::/64,"ASN 2914"
2001:418:1401:6::/64,"ASN 2914"
2001:418:1401:8::/61,"ASN 2914"
2001:418:1401:10::/61,"ASN 2914"
2001:418:1401:19::/64,"ASN 2914"
2001:418:1401:1a::/63,"ASN 2914"
2001:418:1401:1d::/64,"ASN 2914"
2001:418:1401:1e::/63,"ASN 2914"
2001:418:1401:20::/64,"ASN 2914"
2001:418:1401:22::/63,"ASN 2914"
2001:418:1401:24::/64,"ASN 2914"
2001:418:1401:26::/63,"ASN 2914"
2001:418:1401:28::/62,"ASN 2914"
2001:418:1401:2d::/64,"ASN 2914"
2001:418:1401:2e::/63,"ASN 2914"
2001:418:1401:30::/60,"ASN 2914"
2001:418:1401:40::/59,"ASN 2914"
2001:418:1401:60::/61,"ASN 2914"
2001:418:1401:68::/63,"ASN 2914"
2001:418:1401:6b::/64,"ASN 2914"
2001:418:1401:6c::/62,"ASN 2914"
2001:418:1401:72::/63,"ASN 2914"
2001:418:1401:74::/62,"ASN 2914"
2001:418:1401:78::/62,"ASN 2914"
2001:418:1401:7c::/64,"ASN 2914"
2001:418:1401:7e::/63,"ASN 2914"
2001:418:1401:80::/57,"ASN 2914"
2001:418:1401:100::/56,"ASN 2914"
2001:418:1401:200::/56,"ASN 2914"
2001:418:1401:600::/55,"ASN 2914"
2001:418:1401:800::/53,"ASN 2914"
2001:418:1401:1000::/52,"ASN 2914"
2001:418:1401:2000::/51,"ASN 2914"
2001:418:1401:4000::/50,"ASN 2914"
2001:418:1401:8000::/49,"ASN 2914"
2001:418:1402::/47,"ASN 2914"
2001:418:1404::/47,"ASN 2914"
2001:418:1407::/48,"ASN 2914"
2001:418:1408::/45,"ASN 2914"
2001:418:1410::/44,"ASN 2914"
2001:418:1420::/44,"ASN 2914"
2001:418:1430::/45,"ASN 2914"
2001:418:1438::/48,"ASN 2914"
2001:418:143a::/47,"ASN 2914"
2001:418:143c::/46,"ASN 2914"
2001:418:1440::/45,"ASN 2914"
2001:418:1448::/46,"ASN 2914"
2001:418:144c::/48,"ASN 2914"
2001:418:1451::/48,"ASN 2914"
2001:418:1452::/47,"ASN 2914"
2001:418:1454::/47,"ASN 2914"
2001:418:1456::/53,"ASN 2914"
2001:418:1456:800::/55,"ASN 2914"
2001:418:1456:a00::/56,"ASN 2914"
2001:418:1456:b00::/59,"ASN 2914"
2001:418:1456:b23::/64,"ASN 2914"
2001:418:1456:b24::/62,"ASN 2914"
2001:418:1456:b28::/61,"ASN 2914"
2001:418:1456:b30::/60,"ASN 2914"
2001:418:1456:b40::/58,"ASN 2914"
2001:418:1456:b80::/57,"ASN 2914"
2001:418:1456:c00::/54,"ASN 2914"
2001:418:1456:1000::/52,"ASN 2914"
2001:418:1456:2000::/51,"ASN 2914"
2001:418:1456:4000::/50,"ASN 2914"
2001:418:1456:8000::/49,"ASN 2914"
2001:418:1457::/48,"ASN 2914"
2001:418:1458::/45,"ASN 2914"
2001:418:1460::/46,"ASN 2914"
2001:418:1464::/47,"ASN 2914"
2001:418:1467::/48,"ASN 2914"
2001:418:1468::/45,"ASN 2914"
2001:418:1470::/44,"ASN 2914"
2001:418:1480::/41,"ASN 2914"
2001:418:1500::/40,"ASN 2914"
2001:418:1600::/39,"ASN 2914"
2001:418:1800::/38,"ASN 2914"
2001:418:1c00::/48,"ASN 2914"
2001:418:1c01::/64,"ASN 2914"
2001:418:1c01:2::/63,"ASN 2914"
2001:418:1c01:4::/62,"ASN 2914"
2001:418:1c01:8::/61,"ASN 2914"
2001:418:1c01:10::/60,"ASN 2914"
2001:418:1c01:20::/59,"ASN 2914"
2001:418:1c01:40::/58,"ASN 2914"
2001:418:1c01:80::/57,"ASN 2914"
2001:418:1c01:100::/56,"ASN 2914"
2001:418:1c01:200::/55,"ASN 2914"
2001:418:1c01:400::/54,"ASN 2914"
2001:418:1c01:800::/53,"ASN 2914"
2001:418:1c01:1000::/52,"ASN 2914"
2001:418:1c01:2000::/51,"ASN 2914"
2001:418:1c01:4000::/50,"ASN 2914"
2001:418:1c01:8000::/49,"ASN 2914"
2001:418:1c02::/47,"ASN 2914"
2001:418:1c04::/46,"ASN 2914"
2001:418:1c08::/45,"ASN 2914"
2001:418:1c10::/44,"ASN 2914"
2001:418:1c20::/43,"ASN 2914"
2001:418:1c40::/42,"ASN 2914"
2001:418:1c80::/41,"ASN 2914"
2001:418:1d00::/40,"ASN 2914"
2001:418:1e00::/39,"ASN 2914"
2001:418:2000::/38,"ASN 2914"
2001:418:2400::/48,"ASN 2914"
2001:418:2401::/64,"ASN 2914"
2001:418:2401:2::/63,"ASN 2914"
2001:418:2401:4::/62,"ASN 2914"
2001:418:2401:8::/61,"ASN 2914"
2001:418:2401:10::/60,"ASN 2914"
2001:418:2401:20::/59,"ASN 2914"
2001:418:2401:40::/58,"ASN 2914"
2001:418:2401:80::/57,"ASN 2914"
2001:418:2401:100::/56,"ASN 2914"
2001:418:2401:200::/55,"ASN 2914"
2001:418:2401:400::/54,"ASN 2914"
2001:418:2401:800::/53,"ASN 2914"
2001:418:2401:1000::/52,"ASN 2914"
2001:418:2401:2000::/51,"ASN 2914"
2001:418:2401:4000::/50,"ASN 2914"
2001:418:2401:8000::/49,"ASN 2914"
2001:418:2402::/47,"ASN 2914"
2001:418:2404::/46,"ASN 2914"
2001:418:2408::/45,"ASN 2914"
2001:418:2410::/44,"ASN 2914"
2001:418:2420::/43,"ASN 2914"
2001:418:2440::/42,"ASN 2914"
2001:418:2480::/41,"ASN 2914"
2001:418:2500::/40,"ASN 2914"
2001:418:2600::/39,"ASN 2914"
2001:418:2800::/37,"ASN 2914"
2001:418:3000::/37,"ASN 2914"
2001:418:3800::/46,"ASN 2914"
2001:418:3804::/47,"ASN 2914"
2001:418:3806::/48,"ASN 2914"
2001:418:3808::/45,"ASN 2914"
2001:418:3810::/44,"ASN 2914"
2001:418:3820::/43,"ASN 2914"
2001:418:3840::/42,"ASN 2914"
2001:418:3880::/41,"ASN 2914"
2001:418:3900::/40,"ASN 2914"
2001:418:3a00::/39,"ASN 2914"
2001:418:3c00::/38,"ASN 2914"
2001:418:4000::/48,"ASN 2914"
2001:418:4001::/63,"ASN 2914"
2001:418:4001:3::/64,"ASN 2914"
2001:418:4001:5::/64,"ASN 2914"
2001:418:4001:6::/63,"ASN 2914"
2001:418:4001:8::/61,"ASN 2914"
2001:418:4001:10::/60,"ASN 2914"
2001:418:4001:20::/59,"ASN 2914"
2001:418:4001:40::/58,"ASN 2914"
2001:418:4001:80::/57,"ASN 2914"
2001:418:4001:100::/56,"ASN 2914"
2001:418:4001:200::/55,"ASN 2914"
2001:418:4001:400::/54,"ASN 2914"
2001:418:4001:800::/53,"ASN 2914"
2001:418:4001:1000::/52,"ASN 2914"
2001:418:4001:2000::/51,"ASN 2914"
2001:418:4001:4000::/50,"ASN 2914"
2001:418:4001:8000::/49,"ASN 2914"
2001:418:4002::/47,"ASN 2914"
2001:418:4004::/48,"ASN 2914"
2001:418:4006::/47,"ASN 2914"
2001:418:4008::/45,"ASN 2914"
2001:418:4010::/44,"ASN 2914"
2001:418:4020::/43,"ASN 2914"
2001:418:4040::/42,"ASN 2914"
2001:418:4080::/41,"ASN 2914"
2001:418:4100::/40,"ASN 2914"
2001:418:4200::/39,"ASN 2914"
2001:418:4400::/38,"ASN 2914"
2001:418:4800::/37,"ASN 2914"
2001:418:5000::/36,"ASN 2914"
2001:418:6000::/35,"ASN 2914"
2001:418:8000::/46,"ASN 2914"
2001:418:8007::/48,"ASN 2914"
2001:418:8008::/45,"ASN 2914"
2001:418:8010::/44,"ASN 2914"
2001:418:8020::/43,"ASN 2914"
2001:418:8040::/42,"ASN 2914"
2001:418:8080::/41,"ASN 2914"
2001:418:8100::/40,"ASN 2914"
2001:418:8200::/39,"ASN 2914"
2001:418:8400::/46,"ASN 2914"
2001:418:8404:2::/63,"ASN 2914"
2001:418:8404:4::/62,"ASN 2914"
2001:418:8404:8::/61,"ASN 2914"
2001:418:8404:10::/60,"ASN 2914"
2001:418:8404:20::/59,"ASN 2914"
2001:418:8404:40::/58,"ASN 2914"
2001:418:8404:80::/57,"ASN 2914"
2001:418:8404:100::/56,"ASN 2914"
2001:418:8404:200::/55,"ASN 2914"
2001:418:8404:400::/54,"ASN 2914"
2001:418:8404:800::/53,"ASN 2914"
2001:418:8404:1000::/52,"ASN 2914"
2001:418:8404:2000::/51,"ASN 2914"
2001:418:8404:4000::/50,"ASN 2914"
2001:418:8404:8000::/49,"ASN 2914"
2001:418:8405::/48,"ASN 2914"
2001:418:8406::/47,"ASN 2914"
2001:418:8408::/45,"ASN 2914"
2001:418:8410::/44,"ASN 2914"
2001:418:8420::/43,"ASN 2914"
2001:418:8440::/42,"ASN 2914"
2001:418:8480::/41,"ASN 2914"
2001:418:8500::/40,"ASN 2914"
2001:418:8600::/39,"ASN 2914"
2001:418:8800::/37,"ASN 2914"
2001:418:9000::/37,"ASN 2914"
2001:418:9800::/45,"ASN 2914"
2001:418:9809::/48,"ASN 2914"
2001:418:980a::/47,"ASN 2914"
2001:418:980c::/46,"ASN 2914"
2001:418:9810::/44,"ASN 2914"
2001:418:9820::/43,"ASN 2914"
2001:418:9840::/42,"ASN 2914"
2001:418:9880::/41,"ASN 2914"
2001:418:9900::/40,"ASN 2914"
2001:418:9a00::/39,"ASN 2914"
2001:418:9c00::/38,"ASN 2914"
2001:418:a000::/35,"ASN 2914"
2001:418:c000::/34,"ASN 2914"
2001:728::/36,"ASN 2914"
2001:728:1000::/38,"ASN 2914"
2001:728:1400::/46,"ASN 2914"
2001:728:1405::/48,"ASN 2914"
2001:728:1406::/47,"ASN 2914"
2001:728:1408::/45,"ASN 2914"
2001:728:1410::/44,"ASN 2914"
2001:728:1420::/43,"ASN 2914"
2001:728:1440::/42,"ASN 2914"
2001:728:1480::/41,"ASN 2914"
2001:728:1500::/40,"ASN 2914"
2001:728:1600::/39,"ASN 2914"
2001:728:1800::/37,"ASN 2914"
2001:728:2000::/35,"ASN 2914"
2001:728:4000::/34,"ASN 2914"
2001:728:8000::/33,"ASN 2914"
2001:d38::/32,"ASN 2914"
2604:180:c1::/48,"ASN 2914"
2604:180:f5::/48,"ASN 2914"
2804:8f8::/32,"ASN 2914"
2a02:26f0:cb::/48,"ASN 2914"
