23.15.44.0/22,"ASN 8781"
23.195.4.0/22,"ASN 8781"
37.208.128.0/17,"ASN 8781"
37.210.0.0/16,"ASN 8781"
37.211.0.0/20,"ASN 8781"
37.211.16.0/20,"ASN 42298"
37.211.32.0/19,"ASN 8781"
37.211.64.0/18,"ASN 8781"
37.211.128.0/17,"ASN 8781"
78.100.0.0/21,"ASN 8781"
78.100.8.0/23,"ASN 8781"
78.100.10.0/24,"ASN 42298"
78.100.11.0/24,"ASN 8781"
78.100.12.0/23,"ASN 8781"
78.100.14.0/24,"ASN 8781"
78.100.15.0/24,"ASN 42298"
78.100.16.0/20,"ASN 8781"
78.100.32.0/20,"ASN 8781"
78.100.48.0/21,"ASN 8781"
78.100.56.0/22,"ASN 8781"
78.100.60.0/23,"ASN 8781"
78.100.62.0/24,"ASN 42298"
78.100.63.0/24,"ASN 8781"
78.100.64.0/18,"ASN 8781"
78.100.128.0/17,"ASN 8781"
78.101.0.0/16,"ASN 8781"
82.148.96.0/21,"ASN 8781"
82.148.104.0/23,"ASN 8781"
82.148.106.0/24,"ASN 8781"
82.148.107.0/24,"ASN 42298"
82.148.108.0/22,"ASN 8781"
82.148.112.0/20,"ASN 8781"
86.62.192.0/20,"ASN 8781"
86.62.208.0/24,"ASN 8781"
86.62.209.0/24,"ASN 42298"
86.62.210.0/23,"ASN 8781"
86.62.212.0/22,"ASN 8781"
86.62.216.0/24,"ASN 42298"
86.62.217.0/24,"ASN 8781"
86.62.218.0/24,"ASN 42298"
86.62.219.0/24,"ASN 8781"
86.62.220.0/24,"ASN 8781"
86.62.221.0/24,"ASN 42298"
86.62.222.0/24,"ASN 8781"
86.62.223.0/24,"ASN 42298"
86.62.224.0/22,"ASN 42298"
86.62.228.0/22,"ASN 8781"
86.62.232.0/22,"ASN 42298"
86.62.236.0/22,"ASN 8781"
86.62.240.0/23,"ASN 8781"
86.62.242.0/23,"ASN 42298"
86.62.244.0/23,"ASN 42298"
86.62.246.0/24,"ASN 42298"
86.62.247.0/24,"ASN 8781"
86.62.248.0/24,"ASN 42298"
86.62.249.0/24,"ASN 8781"
86.62.250.0/23,"ASN 8781"
86.62.252.0/23,"ASN 8781"
86.62.254.0/24,"ASN 8781"
86.62.255.0/24,"ASN 42298"
89.211.0.0/18,"ASN 8781"
89.211.64.0/19,"ASN 8781"
89.211.96.0/20,"ASN 42298"
89.211.112.0/20,"ASN 8781"
89.211.128.0/17,"ASN 8781"
176.202.0.0/15,"ASN 8781"
178.23.16.0/21,"ASN 42298"
178.152.0.0/15,"ASN 8781"
185.96.224.0/22,"ASN 8781"
185.154.168.0/23,"ASN 42298"
195.219.42.0/24,"ASN 42298"
206.82.133.0/24,"ASN 42298"
209.58.40.0/23,"ASN 8781"
212.77.192.0/19,"ASN 8781"
213.130.96.0/20,"ASN 8781"
213.130.112.0/21,"ASN 8781"
213.130.120.0/22,"ASN 8781"
213.130.124.0/23,"ASN 8781"
213.130.126.0/24,"ASN 8781"
213.130.127.0/24,"ASN 42298"
2001:1a10::/36,"ASN 8781"
2001:1a10:1000::/40,"ASN 8781"
2001:1a10:1100::/43,"ASN 8781"
2001:1a10:1120::/43,"ASN 42298"
2001:1a10:1140::/42,"ASN 42298"
2001:1a10:1180::/41,"ASN 42298"
2001:1a10:1200::/42,"ASN 42298"
2001:1a10:1240::/42,"ASN 8781"
2001:1a10:1280::/41,"ASN 8781"
2001:1a10:1300::/40,"ASN 8781"
2001:1a10:1400::/40,"ASN 8781"
2001:1a10:1500::/40,"ASN 42298"
2001:1a10:1600::/41,"ASN 42298"
2001:1a10:1680::/41,"ASN 8781"
2001:1a10:1700::/40,"ASN 8781"
2001:1a10:1800::/37,"ASN 8781"
2001:1a10:2000::/38,"ASN 8781"
2001:1a10:2400::/48,"ASN 8781"
2001:1a10:2401::/48,"ASN 42298"
2001:1a10:2402::/47,"ASN 42298"
2001:1a10:2404::/46,"ASN 42298"
2001:1a10:2408::/47,"ASN 42298"
2001:1a10:240a::/48,"ASN 8781"
2001:1a10:240b::/48,"ASN 42298"
2001:1a10:240c::/48,"ASN 42298"
2001:1a10:240d::/48,"ASN 8781"
2001:1a10:240e::/47,"ASN 42298"
2001:1a10:2410::/45,"ASN 42298"
2001:1a10:2418::/46,"ASN 42298"
2001:1a10:241c::/47,"ASN 42298"
2001:1a10:241e::/48,"ASN 42298"
2001:1a10:241f::/48,"ASN 8781"
2001:1a10:2420::/47,"ASN 42298"
2001:1a10:2422::/48,"ASN 8781"
2001:1a10:2423::/48,"ASN 42298"
2001:1a10:2424::/46,"ASN 42298"
2001:1a10:2428::/46,"ASN 42298"
2001:1a10:242c::/47,"ASN 42298"
2001:1a10:242e::/48,"ASN 42298"
2001:1a10:242f::/48,"ASN 8781"
2001:1a10:2430::/46,"ASN 42298"
2001:1a10:2434::/48,"ASN 8781"
2001:1a10:2435::/48,"ASN 42298"
2001:1a10:2436::/48,"ASN 42298"
2001:1a10:2437::/48,"ASN 8781"
2001:1a10:2438::/48,"ASN 42298"
2001:1a10:2439::/48,"ASN 8781"
2001:1a10:243a::/47,"ASN 8781"
2001:1a10:243c::/46,"ASN 8781"
2001:1a10:2440::/42,"ASN 8781"
2001:1a10:2480::/41,"ASN 8781"
2001:1a10:2500::/40,"ASN 8781"
2001:1a10:2600::/39,"ASN 8781"
2001:1a10:2800::/37,"ASN 8781"
2001:1a10:3000::/36,"ASN 8781"
2001:1a10:4000::/34,"ASN 8781"
2001:1a10:8000::/36,"ASN 8781"
2001:1a10:9000::/40,"ASN 8781"
2001:1a10:9100::/43,"ASN 8781"
2001:1a10:9138::/45,"ASN 8781"
2001:1a10:9140::/42,"ASN 8781"
2001:1a10:9180::/41,"ASN 8781"
2001:1a10:9200::/39,"ASN 8781"
2001:1a10:9400::/38,"ASN 8781"
2001:1a10:9800::/37,"ASN 8781"
2001:1a10:a000::/35,"ASN 8781"
2001:1a10:c000::/34,"ASN 8781"
2001:1a11::/45,"ASN 8781"
2001:1a11:8::/46,"ASN 8781"
2001:1a11:c::/47,"ASN 8781"
2001:1a11:e::/48,"ASN 8781"
2001:1a11:f::/48,"ASN 42298"
2001:1a11:10::/47,"ASN 42298"
2001:1a11:12::/47,"ASN 8781"
2001:1a11:14::/46,"ASN 8781"
2001:1a11:18::/46,"ASN 8781"
2001:1a11:1c::/48,"ASN 8781"
2001:1a11:1d::/48,"ASN 42298"
2001:1a11:1e::/48,"ASN 42298"
2001:1a11:1f::/48,"ASN 8781"
2001:1a11:20::/48,"ASN 8781"
2001:1a11:21::/48,"ASN 42298"
2001:1a11:22::/47,"ASN 8781"
2001:1a11:24::/47,"ASN 8781"
2001:1a11:26::/48,"ASN 42298"
2001:1a11:27::/48,"ASN 8781"
2001:1a11:28::/45,"ASN 8781"
2001:1a11:30::/44,"ASN 8781"
2001:1a11:40::/44,"ASN 8781"
2001:1a11:50::/46,"ASN 8781"
2001:1a11:54::/48,"ASN 8781"
2001:1a11:55::/48,"ASN 42298"
2001:1a11:56::/47,"ASN 42298"
2001:1a11:58::/47,"ASN 8781"
2001:1a11:5a::/47,"ASN 42298"
2001:1a11:5c::/46,"ASN 42298"
2001:1a11:60::/47,"ASN 42298"
2001:1a11:62::/48,"ASN 42298"
2001:1a11:63::/48,"ASN 8781"
2001:1a11:64::/46,"ASN 42298"
2001:1a11:68::/47,"ASN 8781"
2001:1a11:6a::/48,"ASN 8781"
2001:1a11:6b::/48,"ASN 42298"
2001:1a11:6c::/47,"ASN 42298"
2001:1a11:6e::/48,"ASN 8781"
2001:1a11:6f::/48,"ASN 42298"
2001:1a11:70::/47,"ASN 8781"
2001:1a11:72::/48,"ASN 42298"
2001:1a11:73::/48,"ASN 8781"
2001:1a11:74::/47,"ASN 42298"
2001:1a11:76::/48,"ASN 42298"
2001:1a11:77::/48,"ASN 8781"
2001:1a11:78::/48,"ASN 8781"
2001:1a11:79::/48,"ASN 42298"
2001:1a11:7a::/48,"ASN 42298"
2001:1a11:7b::/48,"ASN 8781"
2001:1a11:7c::/46,"ASN 8781"
2001:1a11:80::/48,"ASN 8781"
2001:1a11:81::/48,"ASN 42298"
2001:1a11:82::/47,"ASN 8781"
2001:1a11:84::/48,"ASN 42298"
2001:1a11:85::/48,"ASN 8781"
2001:1a11:86::/48,"ASN 8781"
2001:1a11:87::/48,"ASN 42298"
2001:1a11:88::/46,"ASN 42298"
2001:1a11:8c::/47,"ASN 42298"
2001:1a11:8e::/48,"ASN 8781"
2001:1a11:8f::/48,"ASN 42298"
2001:1a11:90::/48,"ASN 8781"
2001:1a11:91::/48,"ASN 42298"
2001:1a11:92::/48,"ASN 8781"
2001:1a11:93::/48,"ASN 42298"
2001:1a11:94::/46,"ASN 8781"
2001:1a11:98::/47,"ASN 42298"
2001:1a11:9a::/48,"ASN 8781"
2001:1a11:9b::/48,"ASN 42298"
2001:1a11:9c::/48,"ASN 42298"
2001:1a11:9d::/48,"ASN 8781"
2001:1a11:9e::/48,"ASN 42298"
2001:1a11:9f::/48,"ASN 8781"
2001:1a11:a0::/48,"ASN 42298"
2001:1a11:a1::/48,"ASN 8781"
2001:1a11:a2::/47,"ASN 42298"
2001:1a11:a4::/47,"ASN 42298"
2001:1a11:a6::/48,"ASN 42298"
2001:1a11:a7::/48,"ASN 8781"
2001:1a11:a8::/45,"ASN 42298"
2001:1a11:b0::/47,"ASN 8781"
2001:1a11:b2::/48,"ASN 8781"
2001:1a11:b3::/48,"ASN 42298"
2001:1a11:b4::/46,"ASN 42298"
2001:1a11:b8::/47,"ASN 8781"
2001:1a11:ba::/48,"ASN 8781"
2001:1a11:bb::/48,"ASN 42298"
2001:1a11:bc::/48,"ASN 8781"
2001:1a11:bd::/48,"ASN 42298"
2001:1a11:be::/48,"ASN 8781"
2001:1a11:bf::/48,"ASN 42298"
2001:1a11:c0::/48,"ASN 8781"
2001:1a11:c1::/48,"ASN 42298"
2001:1a11:c2::/47,"ASN 42298"
2001:1a11:c4::/46,"ASN 42298"
2001:1a11:c8::/46,"ASN 42298"
2001:1a11:cc::/47,"ASN 42298"
2001:1a11:ce::/48,"ASN 8781"
2001:1a11:cf::/48,"ASN 42298"
2001:1a11:d0::/46,"ASN 42298"
2001:1a11:d4::/48,"ASN 8781"
2001:1a11:d5::/48,"ASN 42298"
2001:1a11:d6::/48,"ASN 8781"
2001:1a11:d7::/48,"ASN 42298"
2001:1a11:d8::/47,"ASN 42298"
2001:1a11:da::/48,"ASN 42298"
2001:1a11:db::/48,"ASN 8781"
2001:1a11:dc::/46,"ASN 42298"
2001:1a11:e0::/48,"ASN 42298"
2001:1a11:e1::/48,"ASN 8781"
2001:1a11:e2::/47,"ASN 42298"
2001:1a11:e4::/46,"ASN 42298"
2001:1a11:e8::/46,"ASN 42298"
2001:1a11:ec::/48,"ASN 42298"
2001:1a11:ed::/48,"ASN 8781"
2001:1a11:ee::/48,"ASN 8781"
2001:1a11:ef::/48,"ASN 42298"
2001:1a11:f0::/46,"ASN 42298"
2001:1a11:f4::/48,"ASN 8781"
2001:1a11:f5::/48,"ASN 42298"
2001:1a11:f6::/47,"ASN 42298"
2001:1a11:f8::/45,"ASN 42298"
2001:1a11:100::/46,"ASN 42298"
2001:1a11:104::/48,"ASN 42298"
2001:1a11:105::/48,"ASN 8781"
2001:1a11:106::/47,"ASN 42298"
2001:1a11:108::/47,"ASN 42298"
2001:1a11:10a::/48,"ASN 42298"
2001:1a11:10b::/48,"ASN 8781"
2001:1a11:10c::/48,"ASN 42298"
2001:1a11:10d::/48,"ASN 8781"
2001:1a11:10e::/48,"ASN 8781"
2001:1a11:10f::/48,"ASN 42298"
2001:1a11:110::/46,"ASN 42298"
2001:1a11:114::/47,"ASN 8781"
2001:1a11:116::/48,"ASN 8781"
2001:1a11:117::/48,"ASN 42298"
2001:1a11:118::/47,"ASN 42298"
2001:1a11:11a::/48,"ASN 8781"
2001:1a11:11b::/48,"ASN 42298"
2001:1a11:11c::/48,"ASN 42298"
2001:1a11:11d::/48,"ASN 8781"
2001:1a11:11e::/47,"ASN 42298"
2001:1a11:120::/47,"ASN 8781"
2001:1a11:122::/48,"ASN 42298"
2001:1a11:123::/48,"ASN 8781"
2001:1a11:124::/48,"ASN 8781"
2001:1a11:125::/48,"ASN 42298"
2001:1a11:126::/48,"ASN 8781"
2001:1a11:127::/48,"ASN 42298"
2001:1a11:128::/46,"ASN 42298"
2001:1a11:12c::/48,"ASN 8781"
2001:1a11:12d::/48,"ASN 42298"
2001:1a11:12e::/48,"ASN 8781"
2001:1a11:12f::/48,"ASN 42298"
2001:1a11:130::/44,"ASN 42298"
2001:1a11:140::/45,"ASN 42298"
2001:1a11:148::/47,"ASN 42298"
2001:1a11:14a::/48,"ASN 42298"
2001:1a11:14b::/48,"ASN 8781"
2001:1a11:14c::/48,"ASN 8781"
2001:1a11:14d::/48,"ASN 42298"
2001:1a11:14e::/47,"ASN 42298"
2001:1a11:150::/48,"ASN 42298"
2001:1a11:151::/48,"ASN 8781"
2001:1a11:152::/48,"ASN 42298"
2001:1a11:153::/48,"ASN 8781"
2001:1a11:154::/46,"ASN 42298"
2001:1a11:158::/48,"ASN 8781"
2001:1a11:159::/48,"ASN 42298"
2001:1a11:15a::/47,"ASN 42298"
2001:1a11:15c::/47,"ASN 42298"
2001:1a11:15e::/48,"ASN 42298"
2001:1a11:15f::/48,"ASN 8781"
2001:1a11:160::/47,"ASN 8781"
2001:1a11:162::/48,"ASN 8781"
2001:1a11:163::/48,"ASN 42298"
2001:1a11:164::/47,"ASN 8781"
2001:1a11:166::/48,"ASN 8781"
2001:1a11:167::/48,"ASN 42298"
2001:1a11:168::/45,"ASN 42298"
2001:1a11:170::/47,"ASN 42298"
2001:1a11:172::/48,"ASN 8781"
2001:1a11:173::/48,"ASN 42298"
2001:1a11:174::/48,"ASN 42298"
2001:1a11:175::/48,"ASN 8781"
2001:1a11:176::/47,"ASN 42298"
2001:1a11:178::/47,"ASN 42298"
2001:1a11:17a::/48,"ASN 42298"
2001:1a11:17b::/48,"ASN 8781"
2001:1a11:17c::/48,"ASN 42298"
2001:1a11:17d::/48,"ASN 8781"
2001:1a11:17e::/47,"ASN 42298"
2001:1a11:180::/46,"ASN 42298"
2001:1a11:184::/47,"ASN 42298"
2001:1a11:186::/47,"ASN 8781"
2001:1a11:188::/48,"ASN 8781"
2001:1a11:189::/48,"ASN 42298"
2001:1a11:18a::/48,"ASN 42298"
2001:1a11:18b::/48,"ASN 8781"
2001:1a11:18c::/48,"ASN 8781"
2001:1a11:18d::/48,"ASN 42298"
2001:1a11:18e::/47,"ASN 42298"
2001:1a11:190::/48,"ASN 8781"
2001:1a11:191::/48,"ASN 42298"
2001:1a11:192::/47,"ASN 42298"
2001:1a11:194::/47,"ASN 8781"
2001:1a11:196::/48,"ASN 8781"
2001:1a11:197::/48,"ASN 42298"
2001:1a11:198::/45,"ASN 42298"
2001:1a11:1a0::/47,"ASN 8781"
2001:1a11:1a2::/47,"ASN 42298"
2001:1a11:1a4::/46,"ASN 42298"
2001:1a11:1a8::/48,"ASN 42298"
2001:1a11:1a9::/48,"ASN 8781"
2001:1a11:1aa::/47,"ASN 42298"
2001:1a11:1ac::/46,"ASN 42298"
2001:1a11:1b0::/46,"ASN 42298"
2001:1a11:1b4::/48,"ASN 42298"
2001:1a11:1b5::/48,"ASN 8781"
2001:1a11:1b6::/48,"ASN 42298"
2001:1a11:1b7::/48,"ASN 8781"
2001:1a11:1b8::/47,"ASN 42298"
2001:1a11:1ba::/47,"ASN 8781"
2001:1a11:1bc::/47,"ASN 42298"
2001:1a11:1be::/48,"ASN 42298"
2001:1a11:1bf::/48,"ASN 8781"
2001:1a11:1c0::/47,"ASN 8781"
2001:1a11:1c2::/48,"ASN 42298"
2001:1a11:1c3::/48,"ASN 8781"
2001:1a11:1c4::/48,"ASN 42298"
2001:1a11:1c5::/48,"ASN 8781"
2001:1a11:1c6::/48,"ASN 8781"
2001:1a11:1c7::/48,"ASN 42298"
2001:1a11:1c8::/47,"ASN 42298"
2001:1a11:1ca::/48,"ASN 8781"
2001:1a11:1cb::/48,"ASN 42298"
2001:1a11:1cc::/48,"ASN 8781"
2001:1a11:1cd::/48,"ASN 42298"
2001:1a11:1ce::/48,"ASN 8781"
2001:1a11:1cf::/48,"ASN 42298"
2001:1a11:1d0::/47,"ASN 8781"
2001:1a11:1d2::/48,"ASN 42298"
2001:1a11:1d3::/48,"ASN 8781"
2001:1a11:1d4::/46,"ASN 42298"
2001:1a11:1d8::/47,"ASN 42298"
2001:1a11:1da::/47,"ASN 8781"
2001:1a11:1dc::/46,"ASN 42298"
2001:1a11:1e0::/48,"ASN 8781"
2001:1a11:1e1::/48,"ASN 42298"
2001:1a11:1e2::/48,"ASN 42298"
2001:1a11:1e3::/48,"ASN 8781"
2001:1a11:1e4::/46,"ASN 42298"
2001:1a11:1e8::/45,"ASN 42298"
2001:1a11:1f0::/47,"ASN 42298"
2001:1a11:1f2::/48,"ASN 8781"
2001:1a11:1f3::/48,"ASN 42298"
2001:1a11:1f4::/46,"ASN 42298"
2001:1a11:1f8::/46,"ASN 42298"
2001:1a11:1fc::/48,"ASN 8781"
2001:1a11:1fd::/48,"ASN 42298"
2001:1a11:1fe::/48,"ASN 42298"
2001:1a11:1ff::/48,"ASN 8781"
2001:1a11:200::/47,"ASN 8781"
2001:1a11:202::/47,"ASN 42298"
2001:1a11:204::/46,"ASN 42298"
2001:1a11:208::/47,"ASN 42298"
2001:1a11:20a::/48,"ASN 42298"
2001:1a11:20b::/48,"ASN 8781"
2001:1a11:20c::/47,"ASN 42298"
2001:1a11:20e::/47,"ASN 8781"
2001:1a11:210::/46,"ASN 42298"
2001:1a11:214::/48,"ASN 8781"
2001:1a11:215::/48,"ASN 42298"
2001:1a11:216::/47,"ASN 42298"
2001:1a11:218::/48,"ASN 42298"
2001:1a11:219::/48,"ASN 8781"
2001:1a11:21a::/47,"ASN 8781"
2001:1a11:21c::/46,"ASN 42298"
2001:1a11:220::/47,"ASN 42298"
2001:1a11:222::/48,"ASN 42298"
2001:1a11:223::/48,"ASN 8781"
2001:1a11:224::/48,"ASN 42298"
2001:1a11:225::/48,"ASN 8781"
2001:1a11:226::/47,"ASN 42298"
2001:1a11:228::/48,"ASN 8781"
2001:1a11:229::/48,"ASN 42298"
2001:1a11:22a::/48,"ASN 42298"
2001:1a11:22b::/48,"ASN 8781"
2001:1a11:22c::/46,"ASN 42298"
2001:1a11:230::/47,"ASN 42298"
2001:1a11:232::/48,"ASN 42298"
2001:1a11:233::/48,"ASN 8781"
2001:1a11:234::/46,"ASN 42298"
2001:1a11:238::/45,"ASN 42298"
2001:1a11:240::/48,"ASN 42298"
2001:1a11:241::/48,"ASN 8781"
2001:1a11:242::/47,"ASN 42298"
2001:1a11:244::/46,"ASN 42298"
2001:1a11:248::/46,"ASN 42298"
2001:1a11:24c::/48,"ASN 8781"
2001:1a11:24d::/48,"ASN 42298"
2001:1a11:24e::/48,"ASN 42298"
2001:1a11:24f::/48,"ASN 8781"
2001:1a11:250::/47,"ASN 42298"
2001:1a11:252::/48,"ASN 42298"
2001:1a11:253::/48,"ASN 8781"
2001:1a11:254::/48,"ASN 8781"
2001:1a11:255::/48,"ASN 42298"
2001:1a11:256::/48,"ASN 8781"
2001:1a11:257::/48,"ASN 42298"
2001:1a11:258::/48,"ASN 42298"
2001:1a11:259::/48,"ASN 8781"
2001:1a11:25a::/48,"ASN 42298"
2001:1a11:25b::/48,"ASN 8781"
2001:1a11:25c::/46,"ASN 42298"
2001:1a11:260::/46,"ASN 42298"
2001:1a11:264::/47,"ASN 8781"
2001:1a11:266::/47,"ASN 42298"
2001:1a11:268::/48,"ASN 8781"
2001:1a11:269::/48,"ASN 42298"
2001:1a11:26a::/47,"ASN 8781"
2001:1a11:26c::/47,"ASN 8781"
2001:1a11:26e::/48,"ASN 8781"
2001:1a11:26f::/48,"ASN 42298"
2001:1a11:270::/48,"ASN 42298"
2001:1a11:271::/48,"ASN 8781"
2001:1a11:272::/48,"ASN 8781"
2001:1a11:273::/48,"ASN 42298"
2001:1a11:274::/46,"ASN 8781"
2001:1a11:278::/48,"ASN 42298"
2001:1a11:279::/48,"ASN 8781"
2001:1a11:27a::/47,"ASN 42298"
2001:1a11:27c::/48,"ASN 8781"
2001:1a11:27d::/48,"ASN 42298"
2001:1a11:27e::/47,"ASN 42298"
2001:1a11:280::/48,"ASN 42298"
2001:1a11:281::/48,"ASN 8781"
2001:1a11:282::/47,"ASN 42298"
2001:1a11:284::/46,"ASN 8781"
2001:1a11:288::/48,"ASN 8781"
2001:1a11:289::/48,"ASN 42298"
2001:1a11:28a::/48,"ASN 42298"
2001:1a11:28b::/48,"ASN 8781"
2001:1a11:28c::/46,"ASN 42298"
2001:1a11:290::/48,"ASN 8781"
2001:1a11:291::/48,"ASN 42298"
2001:1a11:292::/47,"ASN 42298"
2001:1a11:294::/46,"ASN 42298"
2001:1a11:298::/47,"ASN 42298"
2001:1a11:29a::/48,"ASN 42298"
2001:1a11:29b::/48,"ASN 8781"
2001:1a11:29c::/48,"ASN 8781"
2001:1a11:29d::/48,"ASN 42298"
2001:1a11:29e::/47,"ASN 42298"
2001:1a11:2a0::/45,"ASN 42298"
2001:1a11:2a8::/47,"ASN 42298"
2001:1a11:2aa::/48,"ASN 42298"
2001:1a11:2ab::/48,"ASN 8781"
2001:1a11:2ac::/48,"ASN 42298"
2001:1a11:2ad::/48,"ASN 8781"
2001:1a11:2ae::/47,"ASN 8781"
2001:1a11:2b0::/46,"ASN 42298"
2001:1a11:2b4::/48,"ASN 42298"
2001:1a11:2b5::/48,"ASN 8781"
2001:1a11:2b6::/47,"ASN 42298"
2001:1a11:2b8::/47,"ASN 42298"
2001:1a11:2ba::/48,"ASN 8781"
2001:1a11:2bb::/48,"ASN 42298"
2001:1a11:2bc::/46,"ASN 42298"
2001:1a11:2c0::/48,"ASN 42298"
2001:1a11:2c1::/48,"ASN 8781"
2001:1a11:2c2::/47,"ASN 42298"
2001:1a11:2c4::/46,"ASN 42298"
2001:1a11:2c8::/46,"ASN 42298"
2001:1a11:2cc::/48,"ASN 42298"
2001:1a11:2cd::/48,"ASN 8781"
2001:1a11:2ce::/48,"ASN 8781"
2001:1a11:2cf::/48,"ASN 42298"
2001:1a11:2d0::/47,"ASN 42298"
2001:1a11:2d2::/48,"ASN 42298"
2001:1a11:2d3::/48,"ASN 8781"
2001:1a11:2d4::/46,"ASN 42298"
2001:1a11:2d8::/46,"ASN 8781"
2001:1a11:2dc::/46,"ASN 42298"
2001:1a11:2e0::/46,"ASN 42298"
2001:1a11:2e4::/47,"ASN 42298"
2001:1a11:2e6::/48,"ASN 42298"
2001:1a11:2e7::/48,"ASN 8781"
2001:1a11:2e8::/47,"ASN 42298"
2001:1a11:2ea::/48,"ASN 8781"
2001:1a11:2eb::/48,"ASN 42298"
2001:1a11:2ec::/48,"ASN 42298"
2001:1a11:2ed::/48,"ASN 8781"
2001:1a11:2ee::/47,"ASN 8781"
2001:1a11:2f0::/48,"ASN 42298"
2001:1a11:2f1::/48,"ASN 8781"
2001:1a11:2f2::/47,"ASN 8781"
2001:1a11:2f4::/48,"ASN 8781"
2001:1a11:2f5::/48,"ASN 42298"
2001:1a11:2f6::/47,"ASN 42298"
2001:1a11:2f8::/48,"ASN 42298"
2001:1a11:2f9::/48,"ASN 8781"
2001:1a11:2fa::/48,"ASN 8781"
2001:1a11:2fb::/48,"ASN 42298"
2001:1a11:2fc::/47,"ASN 42298"
2001:1a11:2fe::/47,"ASN 8781"
2001:1a11:300::/46,"ASN 42298"
2001:1a11:304::/47,"ASN 42298"
2001:1a11:306::/48,"ASN 42298"
2001:1a11:307::/48,"ASN 8781"
2001:1a11:308::/46,"ASN 42298"
2001:1a11:30c::/47,"ASN 42298"
2001:1a11:30e::/47,"ASN 8781"
2001:1a11:310::/47,"ASN 8781"
2001:1a11:312::/47,"ASN 42298"
2001:1a11:314::/46,"ASN 42298"
2001:1a11:318::/46,"ASN 42298"
2001:1a11:31c::/48,"ASN 8781"
2001:1a11:31d::/48,"ASN 42298"
2001:1a11:31e::/48,"ASN 42298"
2001:1a11:31f::/48,"ASN 8781"
2001:1a11:320::/46,"ASN 42298"
2001:1a11:324::/47,"ASN 42298"
2001:1a11:326::/48,"ASN 42298"
2001:1a11:327::/48,"ASN 8781"
2001:1a11:328::/45,"ASN 42298"
2001:1a11:330::/48,"ASN 42298"
2001:1a11:331::/48,"ASN 8781"
2001:1a11:332::/48,"ASN 42298"
2001:1a11:333::/48,"ASN 8781"
2001:1a11:334::/48,"ASN 8781"
2001:1a11:335::/48,"ASN 42298"
2001:1a11:336::/47,"ASN 8781"
2001:1a11:338::/48,"ASN 42298"
2001:1a11:339::/48,"ASN 8781"
2001:1a11:33a::/47,"ASN 42298"
2001:1a11:33c::/46,"ASN 42298"
2001:1a11:340::/45,"ASN 42298"
2001:1a11:348::/46,"ASN 42298"
2001:1a11:34c::/48,"ASN 8781"
2001:1a11:34d::/48,"ASN 42298"
2001:1a11:34e::/47,"ASN 42298"
2001:1a11:350::/46,"ASN 42298"
2001:1a11:354::/47,"ASN 42298"
2001:1a11:356::/48,"ASN 42298"
2001:1a11:357::/48,"ASN 8781"
2001:1a11:358::/48,"ASN 42298"
2001:1a11:359::/48,"ASN 8781"
2001:1a11:35a::/47,"ASN 42298"
2001:1a11:35c::/48,"ASN 8781"
2001:1a11:35d::/48,"ASN 42298"
2001:1a11:35e::/48,"ASN 42298"
2001:1a11:35f::/48,"ASN 8781"
2001:1a11:360::/48,"ASN 8781"
2001:1a11:361::/48,"ASN 42298"
2001:1a11:362::/47,"ASN 42298"
2001:1a11:364::/46,"ASN 42298"
2001:1a11:368::/46,"ASN 8781"
2001:1a11:36c::/46,"ASN 42298"
2001:1a11:370::/47,"ASN 42298"
2001:1a11:373::/48,"ASN 42298"
2001:1a11:374::/47,"ASN 42298"
2001:1a11:376::/48,"ASN 42298"
2001:1a11:377::/48,"ASN 8781"
2001:1a11:378::/48,"ASN 42298"
2001:1a11:379::/48,"ASN 8781"
2001:1a11:37a::/47,"ASN 42298"
2001:1a11:37c::/46,"ASN 42298"
2001:1a11:380::/48,"ASN 8781"
2001:1a11:381::/48,"ASN 42298"
2001:1a11:382::/48,"ASN 42298"
2001:1a11:383::/48,"ASN 8781"
2001:1a11:384::/47,"ASN 8781"
2001:1a11:386::/47,"ASN 42298"
2001:1a11:388::/48,"ASN 42298"
2001:1a11:389::/48,"ASN 8781"
2001:1a11:38a::/47,"ASN 42298"
2001:1a11:38c::/46,"ASN 42298"
2001:1a11:390::/47,"ASN 42298"
2001:1a11:392::/48,"ASN 8781"
2001:1a11:393::/48,"ASN 42298"
2001:1a11:394::/47,"ASN 42298"
2001:1a11:396::/48,"ASN 8781"
2001:1a11:397::/48,"ASN 42298"
2001:1a11:398::/47,"ASN 42298"
2001:1a11:39a::/48,"ASN 42298"
2001:1a11:39b::/48,"ASN 8781"
2001:1a11:39c::/46,"ASN 42298"
2001:1a11:3a0::/46,"ASN 42298"
2001:1a11:3a4::/47,"ASN 42298"
2001:1a11:3a6::/48,"ASN 8781"
2001:1a11:3a7::/48,"ASN 42298"
2001:1a11:3a8::/46,"ASN 42298"
2001:1a11:3ac::/48,"ASN 42298"
2001:1a11:3ad::/48,"ASN 8781"
2001:1a11:3ae::/47,"ASN 42298"
2001:1a11:3b0::/44,"ASN 42298"
2001:1a11:3c0::/47,"ASN 42298"
2001:1a11:3c2::/48,"ASN 42298"
2001:1a11:3c3::/48,"ASN 8781"
2001:1a11:3c4::/46,"ASN 42298"
2001:1a11:3c8::/46,"ASN 42298"
2001:1a11:3cc::/48,"ASN 42298"
2001:1a11:3cd::/48,"ASN 8781"
2001:1a11:3ce::/48,"ASN 42298"
2001:1a11:3cf::/48,"ASN 8781"
2001:1a11:3d0::/48,"ASN 42298"
2001:1a11:3d1::/48,"ASN 8781"
2001:1a11:3d2::/47,"ASN 42298"
2001:1a11:3d4::/48,"ASN 8781"
2001:1a11:3d5::/48,"ASN 42298"
2001:1a11:3d6::/48,"ASN 8781"
2001:1a11:3d7::/48,"ASN 42298"
2001:1a11:3d8::/47,"ASN 42298"
2001:1a11:3da::/48,"ASN 42298"
2001:1a11:3db::/48,"ASN 8781"
2001:1a11:3dc::/46,"ASN 42298"
2001:1a11:3e0::/48,"ASN 42298"
2001:1a11:3e1::/48,"ASN 8781"
2001:1a11:3e2::/48,"ASN 42298"
2001:1a11:3e3::/48,"ASN 8781"
2001:1a11:3e4::/48,"ASN 42298"
2001:1a11:3e5::/48,"ASN 8781"
2001:1a11:3e6::/47,"ASN 42298"
2001:1a11:3e8::/45,"ASN 42298"
2001:1a11:3f0::/47,"ASN 42298"
2001:1a11:3f2::/47,"ASN 8781"
2001:1a11:3f4::/47,"ASN 8781"
2001:1a11:3f6::/47,"ASN 42298"
2001:1a11:3f8::/47,"ASN 8781"
2001:1a11:3fa::/47,"ASN 42298"
2001:1a11:3fc::/47,"ASN 8781"
2001:1a11:3fe::/47,"ASN 42298"
2001:1a11:400::/46,"ASN 42298"
2001:1a11:404::/47,"ASN 42298"
2001:1a11:406::/48,"ASN 8781"
2001:1a11:407::/48,"ASN 42298"
2001:1a11:408::/48,"ASN 8781"
2001:1a11:409::/48,"ASN 42298"
2001:1a11:40a::/48,"ASN 8781"
2001:1a11:40b::/48,"ASN 42298"
2001:1a11:40c::/47,"ASN 42298"
2001:1a11:40e::/48,"ASN 42298"
2001:1a11:40f::/48,"ASN 8781"
2001:1a11:410::/48,"ASN 42298"
2001:1a11:411::/48,"ASN 8781"
2001:1a11:412::/47,"ASN 8781"
2001:1a11:414::/46,"ASN 8781"
2001:1a11:418::/45,"ASN 8781"
2001:1a11:420::/43,"ASN 8781"
2001:1a11:440::/42,"ASN 8781"
2001:1a11:480::/41,"ASN 8781"
2001:1a11:500::/40,"ASN 8781"
2001:1a11:600::/39,"ASN 8781"
2001:1a11:800::/37,"ASN 8781"
2001:1a11:1000::/36,"ASN 8781"
2001:1a11:2000::/35,"ASN 8781"
2001:1a11:4000::/34,"ASN 8781"
2001:1a11:8000::/33,"ASN 8781"
2001:1a12::/31,"ASN 8781"
2001:1a14::/30,"ASN 8781"
2600:1417:4800::/48,"ASN 8781"
2a0c:a640:1::/48,"ASN 42298"
2a0c:a640:20::/48,"ASN 42298"
