8.11.166.0/24,"ASN 46887"
8.28.48.0/21,"ASN 46887"
8.29.209.0/24,"ASN 46887"
8.29.210.0/23,"ASN 46887"
8.29.212.0/24,"ASN 46887"
8.29.214.0/23,"ASN 46887"
8.41.195.0/24,"ASN 46887"
8.41.200.0/24,"ASN 46887"
8.225.193.0/24,"ASN 46887"
38.147.220.0/23,"ASN 46887"
63.123.77.0/24,"ASN 46887"
63.123.78.0/24,"ASN 46887"
63.123.240.0/23,"ASN 46887"
64.20.160.0/21,"ASN 46887"
64.20.169.0/24,"ASN 46887"
64.20.171.0/24,"ASN 46887"
64.20.172.0/23,"ASN 46887"
64.20.174.0/24,"ASN 46887"
64.72.64.0/22,"ASN 46887"
64.72.68.0/23,"ASN 46887"
64.72.71.0/24,"ASN 46887"
64.72.72.0/22,"ASN 46887"
64.72.76.0/23,"ASN 46887"
64.72.78.0/24,"ASN 46887"
64.72.80.0/23,"ASN 46887"
64.72.84.0/22,"ASN 46887"
64.72.88.0/22,"ASN 46887"
64.72.92.0/23,"ASN 46887"
64.72.95.0/24,"ASN 46887"
64.112.182.0/23,"ASN 46887"
64.189.34.0/24,"ASN 46887"
64.195.212.0/24,"ASN 46887"
64.195.215.0/24,"ASN 46887"
64.238.128.0/20,"ASN 46887"
65.254.0.0/20,"ASN 46887"
65.254.16.0/22,"ASN 46887"
65.254.23.0/24,"ASN 46887"
65.254.24.0/23,"ASN 46887"
65.254.28.0/22,"ASN 46887"
66.37.32.0/22,"ASN 46887"
66.37.36.0/24,"ASN 46887"
66.37.38.0/23,"ASN 46887"
66.37.40.0/22,"ASN 46887"
66.37.44.0/23,"ASN 46887"
66.206.112.0/21,"ASN 46887"
66.206.120.0/24,"ASN 46887"
66.206.122.0/24,"ASN 46887"
66.206.126.0/23,"ASN 46887"
66.248.239.0/24,"ASN 46887"
67.97.247.0/24,"ASN 46887"
67.208.160.0/22,"ASN 46887"
67.208.165.0/24,"ASN 46887"
67.208.166.0/24,"ASN 46887"
67.208.168.0/21,"ASN 46887"
67.208.176.0/20,"ASN 46887"
68.171.192.0/21,"ASN 46887"
69.46.224.0/22,"ASN 46887"
69.46.228.0/23,"ASN 46887"
69.46.230.0/24,"ASN 46887"
69.46.232.0/24,"ASN 46887"
69.46.234.0/23,"ASN 46887"
69.46.238.0/23,"ASN 46887"
69.64.192.0/22,"ASN 46887"
69.64.196.0/23,"ASN 46887"
69.64.198.0/24,"ASN 46887"
69.64.200.0/22,"ASN 46887"
69.64.206.0/23,"ASN 46887"
69.64.208.0/21,"ASN 46887"
69.64.220.0/23,"ASN 46887"
69.64.222.0/24,"ASN 46887"
69.80.132.0/23,"ASN 46887"
69.195.33.0/24,"ASN 46887"
69.195.34.0/24,"ASN 46887"
69.195.37.0/24,"ASN 46887"
69.195.38.0/23,"ASN 46887"
69.195.40.0/23,"ASN 46887"
69.195.47.0/24,"ASN 46887"
72.22.160.0/22,"ASN 46887"
72.22.164.0/23,"ASN 46887"
72.22.167.0/24,"ASN 46887"
72.22.168.0/22,"ASN 46887"
72.22.173.0/24,"ASN 46887"
72.22.174.0/23,"ASN 46887"
72.22.176.0/20,"ASN 46887"
74.113.48.0/24,"ASN 46887"
74.113.50.0/23,"ASN 46887"
74.113.52.0/23,"ASN 46887"
74.113.54.0/24,"ASN 46887"
74.115.238.0/23,"ASN 46887"
74.118.24.0/23,"ASN 46887"
74.118.27.0/24,"ASN 46887"
76.8.64.0/22,"ASN 46887"
76.8.69.0/24,"ASN 46887"
76.8.70.0/23,"ASN 46887"
76.8.72.0/21,"ASN 46887"
76.8.80.0/22,"ASN 46887"
76.8.84.0/23,"ASN 46887"
76.8.86.0/24,"ASN 46887"
76.8.88.0/22,"ASN 46887"
76.8.93.0/24,"ASN 46887"
76.8.94.0/23,"ASN 46887"
96.44.4.0/24,"ASN 46887"
96.44.7.0/24,"ASN 46887"
97.107.160.0/22,"ASN 46887"
97.107.165.0/24,"ASN 46887"
97.107.166.0/23,"ASN 46887"
97.107.168.0/24,"ASN 46887"
97.107.170.0/23,"ASN 46887"
97.107.173.0/24,"ASN 46887"
97.107.174.0/24,"ASN 46887"
104.129.64.0/22,"ASN 46887"
104.129.69.0/24,"ASN 46887"
104.129.70.0/23,"ASN 46887"
104.129.72.0/21,"ASN 46887"
104.129.80.0/21,"ASN 46887"
104.129.88.0/23,"ASN 46887"
104.129.90.0/24,"ASN 46887"
104.129.92.0/22,"ASN 46887"
104.167.135.0/24,"ASN 46887"
104.167.188.0/24,"ASN 46887"
104.207.192.0/21,"ASN 46887"
104.207.200.0/23,"ASN 46887"
104.207.203.0/24,"ASN 46887"
104.207.204.0/24,"ASN 46887"
104.207.206.0/24,"ASN 46887"
104.207.208.0/21,"ASN 46887"
104.207.216.0/22,"ASN 46887"
104.207.220.0/24,"ASN 46887"
104.247.32.0/21,"ASN 46887"
104.247.40.0/23,"ASN 46887"
104.247.43.0/24,"ASN 46887"
104.247.44.0/22,"ASN 46887"
104.247.48.0/21,"ASN 46887"
104.247.56.0/22,"ASN 46887"
104.247.60.0/23,"ASN 46887"
107.181.16.0/21,"ASN 46887"
107.181.24.0/23,"ASN 46887"
107.181.26.0/24,"ASN 46887"
108.169.194.0/23,"ASN 46887"
130.250.97.0/24,"ASN 46887"
131.239.4.0/24,"ASN 46887"
131.239.7.0/24,"ASN 46887"
131.239.8.0/21,"ASN 46887"
131.239.16.0/24,"ASN 46887"
131.239.18.0/23,"ASN 46887"
131.239.20.0/22,"ASN 46887"
131.239.24.0/22,"ASN 46887"
131.239.28.0/24,"ASN 46887"
131.239.32.0/22,"ASN 46887"
131.239.36.0/24,"ASN 46887"
131.239.38.0/23,"ASN 46887"
131.239.40.0/21,"ASN 46887"
131.239.48.0/20,"ASN 46887"
131.239.64.0/20,"ASN 46887"
131.239.80.0/23,"ASN 46887"
131.239.83.0/24,"ASN 46887"
131.239.84.0/22,"ASN 46887"
131.239.88.0/21,"ASN 46887"
131.239.96.0/19,"ASN 46887"
131.239.128.0/19,"ASN 46887"
131.239.160.0/21,"ASN 46887"
131.239.168.0/22,"ASN 46887"
131.239.172.0/23,"ASN 46887"
131.239.174.0/24,"ASN 46887"
131.239.176.0/20,"ASN 46887"
131.239.192.0/18,"ASN 46887"
136.223.0.0/20,"ASN 46887"
136.223.34.0/24,"ASN 46887"
136.223.54.0/24,"ASN 46887"
136.223.64.0/24,"ASN 46887"
138.123.0.0/16,"ASN 46887"
140.82.211.0/24,"ASN 46887"
141.193.51.0/24,"ASN 46887"
142.131.182.0/23,"ASN 46887"
144.121.0.0/24,"ASN 46887"
144.121.2.0/23,"ASN 46887"
144.121.5.0/24,"ASN 46887"
144.121.6.0/23,"ASN 46887"
144.121.8.0/21,"ASN 46887"
144.121.16.0/21,"ASN 46887"
144.121.24.0/23,"ASN 46887"
144.121.26.0/24,"ASN 46887"
144.121.28.0/23,"ASN 46887"
144.121.31.0/24,"ASN 46887"
144.121.32.0/21,"ASN 46887"
144.121.40.0/23,"ASN 46887"
144.121.44.0/22,"ASN 46887"
144.121.48.0/21,"ASN 46887"
144.121.56.0/23,"ASN 46887"
144.121.59.0/24,"ASN 46887"
144.121.60.0/24,"ASN 46887"
144.121.62.0/23,"ASN 46887"
144.121.64.0/21,"ASN 46887"
144.121.72.0/24,"ASN 46887"
144.121.74.0/23,"ASN 46887"
144.121.76.0/22,"ASN 46887"
144.121.80.0/21,"ASN 46887"
144.121.88.0/24,"ASN 46887"
144.121.90.0/23,"ASN 46887"
144.121.92.0/23,"ASN 46887"
144.121.94.0/24,"ASN 46887"
144.121.96.0/22,"ASN 46887"
144.121.100.0/23,"ASN 46887"
144.121.103.0/24,"ASN 46887"
144.121.105.0/24,"ASN 46887"
144.121.106.0/24,"ASN 46887"
144.121.108.0/22,"ASN 46887"
144.121.112.0/24,"ASN 46887"
144.121.114.0/24,"ASN 46887"
144.121.116.0/22,"ASN 46887"
144.121.121.0/24,"ASN 46887"
144.121.122.0/23,"ASN 46887"
144.121.124.0/22,"ASN 46887"
144.121.128.0/22,"ASN 46887"
144.121.133.0/24,"ASN 46887"
144.121.134.0/23,"ASN 46887"
144.121.137.0/24,"ASN 46887"
144.121.138.0/23,"ASN 46887"
144.121.140.0/24,"ASN 46887"
144.121.142.0/23,"ASN 46887"
144.121.144.0/23,"ASN 46887"
144.121.147.0/24,"ASN 46887"
144.121.149.0/24,"ASN 46887"
144.121.150.0/23,"ASN 46887"
144.121.152.0/21,"ASN 46887"
144.121.160.0/20,"ASN 46887"
144.121.176.0/22,"ASN 46887"
144.121.181.0/24,"ASN 46887"
144.121.182.0/23,"ASN 46887"
144.121.184.0/21,"ASN 46887"
144.121.192.0/20,"ASN 46887"
144.121.208.0/21,"ASN 46887"
144.121.216.0/24,"ASN 46887"
144.121.218.0/23,"ASN 46887"
144.121.220.0/22,"ASN 46887"
144.121.224.0/19,"ASN 46887"
149.70.0.0/16,"ASN 46887"
151.181.33.0/24,"ASN 46887"
151.181.34.0/23,"ASN 46887"
151.181.37.0/24,"ASN 46887"
151.181.38.0/23,"ASN 46887"
151.181.41.0/24,"ASN 46887"
151.181.42.0/23,"ASN 46887"
151.181.44.0/22,"ASN 46887"
151.181.48.0/22,"ASN 46887"
151.181.52.0/24,"ASN 46887"
151.181.54.0/23,"ASN 46887"
151.181.56.0/21,"ASN 46887"
151.181.64.0/22,"ASN 46887"
151.181.68.0/23,"ASN 46887"
151.181.70.0/24,"ASN 46887"
151.181.72.0/21,"ASN 46887"
151.181.80.0/21,"ASN 46887"
151.181.89.0/24,"ASN 46887"
151.181.90.0/23,"ASN 46887"
151.181.92.0/22,"ASN 46887"
151.181.160.0/20,"ASN 46887"
151.181.192.0/19,"ASN 46887"
151.181.224.0/21,"ASN 46887"
151.181.233.0/24,"ASN 46887"
151.181.234.0/23,"ASN 46887"
151.181.238.0/23,"ASN 46887"
154.13.162.0/24,"ASN 46887"
154.17.213.0/24,"ASN 46887"
157.206.108.0/24,"ASN 46887"
158.59.128.0/17,"ASN 46887"
159.63.0.0/23,"ASN 46887"
159.63.2.0/24,"ASN 46887"
159.63.5.0/24,"ASN 46887"
159.63.6.0/23,"ASN 46887"
160.72.0.0/21,"ASN 46887"
160.72.8.0/24,"ASN 46887"
160.72.11.0/24,"ASN 46887"
160.72.12.0/24,"ASN 46887"
160.72.15.0/24,"ASN 46887"
160.72.16.0/23,"ASN 46887"
160.72.18.0/24,"ASN 46887"
160.72.20.0/22,"ASN 46887"
160.72.24.0/22,"ASN 46887"
160.72.28.0/23,"ASN 46887"
160.72.30.0/24,"ASN 46887"
160.72.32.0/19,"ASN 46887"
160.72.64.0/19,"ASN 46887"
160.72.96.0/24,"ASN 46887"
160.72.98.0/24,"ASN 46887"
160.72.100.0/23,"ASN 46887"
160.72.102.0/24,"ASN 46887"
160.72.104.0/22,"ASN 46887"
160.72.109.0/24,"ASN 46887"
160.72.110.0/23,"ASN 46887"
160.72.112.0/20,"ASN 46887"
160.72.128.0/20,"ASN 46887"
160.72.144.0/23,"ASN 46887"
160.72.147.0/24,"ASN 46887"
160.72.148.0/24,"ASN 46887"
160.72.150.0/23,"ASN 46887"
160.72.152.0/21,"ASN 46887"
160.72.160.0/24,"ASN 46887"
160.72.162.0/23,"ASN 46887"
160.72.164.0/23,"ASN 46887"
160.72.167.0/24,"ASN 46887"
160.72.168.0/21,"ASN 46887"
160.72.176.0/20,"ASN 46887"
160.72.192.0/21,"ASN 46887"
160.72.200.0/24,"ASN 46887"
160.72.202.0/23,"ASN 46887"
160.72.204.0/22,"ASN 46887"
160.72.208.0/22,"ASN 46887"
160.72.213.0/24,"ASN 46887"
160.72.215.0/24,"ASN 46887"
160.72.216.0/24,"ASN 46887"
160.72.220.0/24,"ASN 46887"
160.72.223.0/24,"ASN 46887"
160.72.224.0/22,"ASN 46887"
160.72.228.0/23,"ASN 46887"
160.72.230.0/24,"ASN 46887"
160.72.232.0/21,"ASN 46887"
160.72.240.0/20,"ASN 46887"
162.44.239.0/24,"ASN 46887"
162.211.108.0/22,"ASN 46887"
162.212.104.0/22,"ASN 46887"
162.212.108.0/23,"ASN 46887"
162.212.111.0/24,"ASN 46887"
162.220.40.0/22,"ASN 46887"
162.220.44.0/23,"ASN 46887"
162.220.46.0/24,"ASN 46887"
162.249.152.0/22,"ASN 46887"
162.254.110.0/23,"ASN 46887"
167.253.160.0/19,"ASN 46887"
168.245.236.0/23,"ASN 46887"
169.139.0.0/20,"ASN 46887"
169.139.115.0/24,"ASN 46887"
170.28.1.0/24,"ASN 46887"
170.161.75.0/24,"ASN 46887"
172.85.32.0/20,"ASN 46887"
172.85.48.0/24,"ASN 46887"
172.85.50.0/23,"ASN 46887"
172.85.52.0/22,"ASN 46887"
172.85.56.0/22,"ASN 46887"
172.85.60.0/23,"ASN 46887"
172.85.116.0/23,"ASN 46887"
172.85.119.0/24,"ASN 46887"
172.99.170.0/23,"ASN 46887"
173.225.50.0/24,"ASN 46887"
173.225.52.0/24,"ASN 46887"
173.225.54.0/23,"ASN 46887"
173.225.56.0/24,"ASN 46887"
173.225.58.0/23,"ASN 46887"
173.225.61.0/24,"ASN 46887"
173.225.62.0/23,"ASN 46887"
184.75.192.0/20,"ASN 46887"
192.64.64.0/23,"ASN 46887"
192.64.66.0/24,"ASN 46887"
192.65.18.0/24,"ASN 46887"
192.148.8.0/22,"ASN 46887"
192.154.112.0/22,"ASN 46887"
192.154.116.0/23,"ASN 46887"
192.154.119.0/24,"ASN 46887"
192.189.237.0/24,"ASN 46887"
192.235.16.0/20,"ASN 46887"
192.236.65.0/24,"ASN 46887"
192.236.67.0/24,"ASN 46887"
198.11.8.0/22,"ASN 46887"
198.11.13.0/24,"ASN 46887"
198.11.14.0/24,"ASN 46887"
198.72.8.0/22,"ASN 46887"
198.72.12.0/24,"ASN 46887"
198.140.211.0/24,"ASN 46887"
198.168.0.0/24,"ASN 46887"
198.181.252.0/24,"ASN 46887"
198.181.254.0/24,"ASN 46887"
198.187.247.0/24,"ASN 46887"
198.212.135.0/24,"ASN 46887"
198.212.136.0/22,"ASN 46887"
198.212.140.0/24,"ASN 46887"
198.212.199.0/24,"ASN 46887"
198.242.208.0/22,"ASN 46887"
198.242.212.0/24,"ASN 46887"
199.46.117.0/24,"ASN 46887"
199.79.168.0/23,"ASN 46887"
199.79.170.0/24,"ASN 46887"
199.88.141.0/24,"ASN 46887"
199.88.171.0/24,"ASN 46887"
199.89.247.0/24,"ASN 46887"
199.96.105.0/24,"ASN 46887"
199.96.106.0/23,"ASN 46887"
199.102.114.0/23,"ASN 46887"
199.102.116.0/22,"ASN 46887"
199.164.27.0/24,"ASN 46887"
199.167.120.0/23,"ASN 46887"
199.167.123.0/24,"ASN 46887"
199.167.124.0/24,"ASN 46887"
199.167.126.0/23,"ASN 46887"
199.180.144.0/23,"ASN 46887"
199.180.147.0/24,"ASN 46887"
199.188.233.0/24,"ASN 46887"
199.244.233.0/24,"ASN 46887"
199.254.197.0/24,"ASN 46887"
204.109.14.0/23,"ASN 46887"
204.130.8.0/24,"ASN 46887"
204.130.200.0/24,"ASN 46887"
205.142.111.0/24,"ASN 46887"
205.166.75.0/24,"ASN 46887"
206.57.19.0/24,"ASN 46887"
206.226.128.0/23,"ASN 46887"
206.226.133.0/24,"ASN 46887"
206.226.138.0/23,"ASN 46887"
206.226.143.0/24,"ASN 46887"
206.226.145.0/24,"ASN 46887"
206.226.154.0/24,"ASN 46887"
206.226.170.0/24,"ASN 46887"
206.226.211.0/24,"ASN 46887"
206.226.214.0/24,"ASN 46887"
206.226.225.0/24,"ASN 46887"
206.226.226.0/24,"ASN 46887"
206.226.255.0/24,"ASN 46887"
207.31.166.0/24,"ASN 46887"
207.99.171.0/24,"ASN 46887"
207.180.5.0/24,"ASN 46887"
207.180.6.0/24,"ASN 46887"
207.180.8.0/23,"ASN 46887"
207.180.11.0/24,"ASN 46887"
207.180.13.0/24,"ASN 46887"
207.180.15.0/24,"ASN 46887"
207.180.16.0/23,"ASN 46887"
207.180.61.0/24,"ASN 46887"
207.237.156.0/23,"ASN 46887"
208.49.40.0/22,"ASN 46887"
208.49.44.0/23,"ASN 46887"
208.49.47.0/24,"ASN 46887"
208.69.86.0/24,"ASN 46887"
208.79.76.0/23,"ASN 46887"
208.79.78.0/24,"ASN 46887"
208.83.120.0/23,"ASN 46887"
208.83.122.0/24,"ASN 46887"
208.83.124.0/22,"ASN 46887"
208.90.76.0/24,"ASN 46887"
208.94.138.0/24,"ASN 46887"
208.99.240.0/24,"ASN 46887"
208.99.242.0/23,"ASN 46887"
208.99.244.0/24,"ASN 46887"
208.99.246.0/23,"ASN 46887"
208.99.251.0/24,"ASN 46887"
208.99.252.0/24,"ASN 46887"
208.99.254.0/24,"ASN 46887"
209.51.93.0/24,"ASN 46887"
209.59.241.0/24,"ASN 46887"
209.80.140.0/24,"ASN 46887"
209.80.156.0/23,"ASN 46887"
209.80.159.0/24,"ASN 46887"
209.148.32.0/21,"ASN 46887"
209.148.41.0/24,"ASN 46887"
209.148.42.0/24,"ASN 46887"
209.148.44.0/22,"ASN 46887"
209.148.48.0/21,"ASN 46887"
209.148.56.0/24,"ASN 46887"
209.148.58.0/23,"ASN 46887"
209.148.60.0/24,"ASN 46887"
209.148.62.0/23,"ASN 46887"
209.160.128.0/24,"ASN 46887"
209.160.130.0/23,"ASN 46887"
209.160.132.0/22,"ASN 46887"
209.160.136.0/21,"ASN 46887"
209.160.145.0/24,"ASN 46887"
209.160.146.0/23,"ASN 46887"
209.160.148.0/22,"ASN 46887"
209.160.152.0/22,"ASN 46887"
209.160.157.0/24,"ASN 46887"
209.160.158.0/23,"ASN 46887"
209.160.160.0/19,"ASN 46887"
209.160.192.0/21,"ASN 46887"
209.160.200.0/23,"ASN 46887"
209.160.204.0/22,"ASN 46887"
209.160.208.0/21,"ASN 46887"
209.160.216.0/23,"ASN 46887"
209.160.218.0/24,"ASN 46887"
209.160.220.0/22,"ASN 46887"
209.160.224.0/21,"ASN 46887"
209.160.232.0/24,"ASN 46887"
209.160.236.0/24,"ASN 46887"
209.160.238.0/23,"ASN 46887"
209.160.240.0/21,"ASN 46887"
209.160.249.0/24,"ASN 46887"
209.160.250.0/23,"ASN 46887"
209.160.252.0/22,"ASN 46887"
209.164.157.0/24,"ASN 46887"
216.57.128.0/21,"ASN 46887"
216.57.136.0/22,"ASN 46887"
216.57.140.0/23,"ASN 46887"
216.57.144.0/21,"ASN 46887"
216.57.152.0/23,"ASN 46887"
216.57.155.0/24,"ASN 46887"
216.57.156.0/23,"ASN 46887"
216.57.159.0/24,"ASN 46887"
216.106.132.0/24,"ASN 46887"
216.106.135.0/24,"ASN 46887"
2604:200:10::/48,"ASN 46887"
2604:200:1500::/48,"ASN 46887"
2604:1a00::/43,"ASN 46887"
2604:1a00:20::/44,"ASN 46887"
2604:1a00:30::/46,"ASN 46887"
2604:1a00:34::/47,"ASN 46887"
2604:1a00:37::/48,"ASN 46887"
2604:1a00:38::/45,"ASN 46887"
2604:1a00:40::/46,"ASN 46887"
2604:1a00:44::/48,"ASN 46887"
2604:1a00:46::/47,"ASN 46887"
2604:1a00:48::/45,"ASN 46887"
2604:1a00:50::/46,"ASN 46887"
2604:1a00:54::/47,"ASN 46887"
2604:1a00:56::/48,"ASN 46887"
2604:1a00:58::/46,"ASN 46887"
2604:1a00:5c::/47,"ASN 46887"
2604:1a00:5e::/48,"ASN 46887"
2604:1a00:60::/43,"ASN 46887"
2604:1a00:80::/41,"ASN 46887"
2604:1a00:100::/40,"ASN 46887"
2604:1a00:200::/39,"ASN 46887"
2604:1a00:400::/38,"ASN 46887"
2604:1a00:800::/37,"ASN 46887"
2604:1a00:1000::/36,"ASN 46887"
2604:1a00:2000::/35,"ASN 46887"
2604:1a00:4000::/34,"ASN 46887"
2604:1a00:8000::/33,"ASN 46887"
2605:a900::/45,"ASN 46887"
2605:a900:9::/48,"ASN 46887"
2605:a900:a::/47,"ASN 46887"
2605:a900:c::/46,"ASN 46887"
2605:a900:10::/44,"ASN 46887"
2605:a900:20::/43,"ASN 46887"
2605:a900:40::/42,"ASN 46887"
2605:a900:80::/41,"ASN 46887"
2605:a900:100::/40,"ASN 46887"
2605:a900:200::/39,"ASN 46887"
2605:a900:400::/38,"ASN 46887"
2605:a900:800::/37,"ASN 46887"
2605:a900:1000::/36,"ASN 46887"
2605:a900:2000::/40,"ASN 46887"
2605:a900:2200::/39,"ASN 46887"
2605:a900:2400::/38,"ASN 46887"
2605:a900:2800::/37,"ASN 46887"
2605:a900:3000::/36,"ASN 46887"
2605:a900:4000::/34,"ASN 46887"
2605:a900:8000::/33,"ASN 46887"
2607:f518::/32,"ASN 46887"
2607:f7a8:200::/39,"ASN 46887"
2607:f7a8:400::/39,"ASN 46887"
2607:f7a8:602::/48,"ASN 46887"
2607:f7a8:a00::/39,"ASN 46887"
2607:f7a8:e00::/39,"ASN 46887"
2607:f7a8:1000::/39,"ASN 46887"
2607:f7a8:1400::/38,"ASN 46887"
2607:f7a8:1800::/37,"ASN 46887"
2607:f7a8:2000::/35,"ASN 46887"
2607:f7a8:4000::/34,"ASN 46887"
2607:f7a8:8000::/33,"ASN 46887"
2620:11:c000::/48,"ASN 46887"
2620:131:6010::/48,"ASN 46887"
