64.13.6.0/23,"ASN 17133"
64.13.8.0/21,"ASN 17133"
64.13.16.0/20,"ASN 17133"
64.13.32.0/19,"ASN 17133"
64.13.64.0/21,"ASN 17133"
64.13.72.0/22,"ASN 17133"
64.13.112.0/20,"ASN 17133"
65.76.0.0/16,"ASN 21928"
66.94.0.0/19,"ASN 21928"
72.250.0.0/18,"ASN 21928"
72.250.64.0/20,"ASN 21928"
72.250.96.0/20,"ASN 21928"
74.60.0.0/16,"ASN 21928"
75.122.0.0/15,"ASN 21928"
97.65.105.0/24,"ASN 21928"
100.128.0.0/9,"ASN 21928"
104.152.20.0/24,"ASN 21928"
162.160.0.0/11,"ASN 21928"
165.27.240.0/22,"ASN 18933"
165.27.244.0/22,"ASN 6614"
165.27.248.0/24,"ASN 18933"
165.27.253.0/24,"ASN 18933"
166.181.0.0/17,"ASN 6614"
166.181.128.0/19,"ASN 6614"
166.181.160.0/20,"ASN 18933"
166.181.176.0/20,"ASN 6614"
166.181.192.0/18,"ASN 6614"
166.182.0.0/22,"ASN 18933"
166.182.4.0/23,"ASN 18933"
166.182.6.0/23,"ASN 6614"
166.182.8.0/21,"ASN 18933"
166.182.16.0/20,"ASN 18933"
166.182.32.0/19,"ASN 18933"
166.182.64.0/20,"ASN 18933"
166.182.80.0/21,"ASN 6614"
166.182.88.0/23,"ASN 6614"
166.182.90.0/23,"ASN 18933"
166.182.92.0/22,"ASN 18933"
166.182.96.0/19,"ASN 18933"
166.182.128.0/18,"ASN 18933"
166.182.192.0/19,"ASN 18933"
166.182.224.0/20,"ASN 18933"
166.182.240.0/24,"ASN 18933"
166.182.241.0/24,"ASN 6614"
166.182.242.0/23,"ASN 6614"
166.182.244.0/24,"ASN 6614"
166.182.245.0/24,"ASN 18933"
166.182.246.0/23,"ASN 18933"
166.182.248.0/21,"ASN 6614"
166.224.0.0/17,"ASN 6614"
166.224.128.0/18,"ASN 6614"
166.224.192.0/18,"ASN 18933"
166.225.0.0/16,"ASN 6614"
166.226.0.0/15,"ASN 6614"
166.236.0.0/16,"ASN 6614"
167.20.0.0/16,"ASN 21928"
168.73.0.0/16,"ASN 21928"
170.206.0.0/16,"ASN 21928"
172.32.0.0/13,"ASN 21928"
172.40.0.0/19,"ASN 21928"
172.40.32.0/21,"ASN 21928"
172.40.40.0/23,"ASN 21928"
172.40.42.0/24,"ASN 21928"
172.40.44.0/22,"ASN 21928"
172.40.48.0/22,"ASN 21928"
172.40.52.0/23,"ASN 21928"
172.40.54.0/24,"ASN 21928"
172.40.56.0/21,"ASN 21928"
172.40.64.0/19,"ASN 21928"
172.40.96.0/22,"ASN 21928"
172.40.100.0/23,"ASN 21928"
172.40.103.0/24,"ASN 21928"
172.40.104.0/24,"ASN 21928"
172.40.107.0/24,"ASN 21928"
172.40.108.0/22,"ASN 21928"
172.40.112.0/20,"ASN 21928"
172.40.128.0/20,"ASN 21928"
172.40.144.0/21,"ASN 21928"
172.40.152.0/23,"ASN 21928"
172.40.154.0/24,"ASN 21928"
172.40.156.0/22,"ASN 21928"
172.40.160.0/20,"ASN 21928"
172.40.176.0/21,"ASN 21928"
172.40.184.0/22,"ASN 21928"
172.40.189.0/24,"ASN 21928"
172.40.191.0/24,"ASN 21928"
172.40.192.0/19,"ASN 21928"
172.40.224.0/20,"ASN 21928"
172.40.240.0/21,"ASN 21928"
172.40.249.0/24,"ASN 21928"
172.40.250.0/23,"ASN 21928"
172.40.252.0/22,"ASN 21928"
172.41.0.0/16,"ASN 21928"
172.42.0.0/15,"ASN 21928"
172.44.0.0/14,"ASN 21928"
172.48.0.0/12,"ASN 21928"
174.141.208.0/20,"ASN 21928"
198.8.10.0/23,"ASN 6614"
198.8.12.0/24,"ASN 6614"
198.8.14.0/23,"ASN 6614"
198.227.0.0/19,"ASN 6614"
198.227.32.0/20,"ASN 6614"
198.227.48.0/21,"ASN 6614"
198.227.56.0/24,"ASN 6614"
198.227.57.0/24,"ASN 18933"
198.227.58.0/23,"ASN 6614"
198.227.60.0/23,"ASN 18933"
198.227.62.0/23,"ASN 6614"
198.227.64.0/18,"ASN 6614"
198.227.128.0/19,"ASN 6614"
198.227.160.0/20,"ASN 6614"
198.227.176.0/21,"ASN 6614"
198.227.184.0/22,"ASN 6614"
198.227.188.0/24,"ASN 6614"
198.227.189.0/24,"ASN 18933"
198.227.190.0/23,"ASN 6614"
198.227.192.0/19,"ASN 6614"
198.227.224.0/21,"ASN 6614"
198.227.232.0/22,"ASN 6614"
198.227.236.0/23,"ASN 6614"
198.227.238.0/24,"ASN 18933"
198.227.239.0/24,"ASN 6614"
198.227.240.0/21,"ASN 6614"
198.227.248.0/24,"ASN 6614"
198.227.249.0/24,"ASN 18933"
198.227.250.0/23,"ASN 6614"
198.227.252.0/22,"ASN 6614"
198.230.224.0/20,"ASN 6614"
206.29.168.0/22,"ASN 21928"
206.29.176.0/22,"ASN 22140"
206.29.188.0/22,"ASN 21928"
208.54.0.0/20,"ASN 21928"
208.54.16.0/22,"ASN 21928"
208.54.20.0/23,"ASN 21928"
208.54.24.0/21,"ASN 21928"
208.54.32.0/24,"ASN 21928"
208.54.34.0/23,"ASN 21928"
208.54.36.0/22,"ASN 21928"
208.54.40.0/21,"ASN 21928"
208.54.48.0/20,"ASN 21928"
208.54.64.0/20,"ASN 21928"
208.54.80.0/24,"ASN 21928"
208.54.82.0/23,"ASN 21928"
208.54.84.0/22,"ASN 21928"
208.54.88.0/21,"ASN 21928"
208.54.96.0/19,"ASN 21928"
208.54.128.0/19,"ASN 21928"
2001:4870:150::/44,"ASN 21928"
2001:4870:e00b::/48,"ASN 21928"
2607:fb90::/35,"ASN 21928"
2607:fb90:2000::/39,"ASN 21928"
2607:fb90:2200::/40,"ASN 21928"
2607:fb90:2300::/43,"ASN 21928"
2607:fb90:2320::/48,"ASN 21928"
2607:fb90:2321::/49,"ASN 21928"
2607:fb90:2321:8000::/50,"ASN 21928"
2607:fb90:2321:c000::/51,"ASN 21928"
2607:fb90:2321:e000::/54,"ASN 21928"
2607:fb90:2321:e400::/56,"ASN 21928"
2607:fb90:2321:e500::/57,"ASN 21928"
2607:fb90:2321:e580::/59,"ASN 21928"
2607:fb90:2321:e5a0::/60,"ASN 21928"
2607:fb90:2321:e5b0::/61,"ASN 21928"
2607:fb90:2321:e5b8::/64,"ASN 21928"
2607:fb90:2321:e5ba::/63,"ASN 21928"
2607:fb90:2321:e5bc::/62,"ASN 21928"
2607:fb90:2321:e5c0::/58,"ASN 21928"
2607:fb90:2321:e600::/55,"ASN 21928"
2607:fb90:2321:e800::/53,"ASN 21928"
2607:fb90:2321:f000::/52,"ASN 21928"
2607:fb90:2322::/47,"ASN 21928"
2607:fb90:2324::/46,"ASN 21928"
2607:fb90:2328::/45,"ASN 21928"
2607:fb90:2330::/44,"ASN 21928"
2607:fb90:2340::/42,"ASN 21928"
2607:fb90:2380::/41,"ASN 21928"
2607:fb90:2400::/39,"ASN 21928"
2607:fb90:2600::/40,"ASN 21928"
2607:fb90:2700::/42,"ASN 21928"
2607:fb90:2740::/44,"ASN 21928"
2607:fb90:2750::/46,"ASN 21928"
2607:fb90:2754::/48,"ASN 21928"
2607:fb90:2755::/51,"ASN 21928"
2607:fb90:2755:2000::/53,"ASN 21928"
2607:fb90:2755:2800::/54,"ASN 21928"
2607:fb90:2755:2c00::/56,"ASN 21928"
2607:fb90:2755:2d00::/57,"ASN 21928"
2607:fb90:2755:2d80::/61,"ASN 21928"
2607:fb90:2755:2d88::/62,"ASN 21928"
2607:fb90:2755:2d8c::/63,"ASN 21928"
2607:fb90:2755:2d8f::/64,"ASN 21928"
2607:fb90:2755:2d90::/60,"ASN 21928"
2607:fb90:2755:2da0::/59,"ASN 21928"
2607:fb90:2755:2dc0::/58,"ASN 21928"
2607:fb90:2755:2e00::/55,"ASN 21928"
2607:fb90:2755:3000::/52,"ASN 21928"
2607:fb90:2755:4000::/53,"ASN 21928"
2607:fb90:2755:4800::/56,"ASN 21928"
2607:fb90:2755:4900::/57,"ASN 21928"
2607:fb90:2755:4980::/59,"ASN 21928"
2607:fb90:2755:49a1::/64,"ASN 21928"
2607:fb90:2755:49a2::/63,"ASN 21928"
2607:fb90:2755:49a4::/62,"ASN 21928"
2607:fb90:2755:49a8::/61,"ASN 21928"
2607:fb90:2755:49b0::/60,"ASN 21928"
2607:fb90:2755:49c0::/58,"ASN 21928"
2607:fb90:2755:4a00::/55,"ASN 21928"
2607:fb90:2755:4c00::/54,"ASN 21928"
2607:fb90:2755:5000::/52,"ASN 21928"
2607:fb90:2755:6000::/54,"ASN 21928"
2607:fb90:2755:6400::/55,"ASN 21928"
2607:fb90:2755:6600::/56,"ASN 21928"
2607:fb90:2755:6700::/58,"ASN 21928"
2607:fb90:2755:6740::/60,"ASN 21928"
2607:fb90:2755:6750::/61,"ASN 21928"
2607:fb90:2755:6758::/63,"ASN 21928"
2607:fb90:2755:675a::/64,"ASN 21928"
2607:fb90:2755:675c::/62,"ASN 21928"
2607:fb90:2755:6760::/59,"ASN 21928"
2607:fb90:2755:6780::/57,"ASN 21928"
2607:fb90:2755:6800::/53,"ASN 21928"
2607:fb90:2755:7000::/52,"ASN 21928"
2607:fb90:2755:8000::/52,"ASN 21928"
2607:fb90:2755:9000::/56,"ASN 21928"
2607:fb90:2755:9100::/57,"ASN 21928"
2607:fb90:2755:9180::/60,"ASN 21928"
2607:fb90:2755:9190::/63,"ASN 21928"
2607:fb90:2755:9192::/64,"ASN 21928"
2607:fb90:2755:9194::/62,"ASN 21928"
2607:fb90:2755:9198::/61,"ASN 21928"
2607:fb90:2755:91a0::/59,"ASN 21928"
2607:fb90:2755:91c0::/58,"ASN 21928"
2607:fb90:2755:9200::/56,"ASN 21928"
2607:fb90:2755:9300::/58,"ASN 21928"
2607:fb90:2755:9340::/61,"ASN 21928"
2607:fb90:2755:9349::/64,"ASN 21928"
2607:fb90:2755:934a::/63,"ASN 21928"
2607:fb90:2755:934c::/62,"ASN 21928"
2607:fb90:2755:9350::/60,"ASN 21928"
2607:fb90:2755:9360::/59,"ASN 21928"
2607:fb90:2755:9380::/57,"ASN 21928"
2607:fb90:2755:9400::/54,"ASN 21928"
2607:fb90:2755:9800::/53,"ASN 21928"
2607:fb90:2755:a000::/51,"ASN 21928"
2607:fb90:2755:c000::/50,"ASN 21928"
2607:fb90:2756::/49,"ASN 21928"
2607:fb90:2756:8000::/50,"ASN 21928"
2607:fb90:2756:c000::/52,"ASN 21928"
2607:fb90:2756:d000::/53,"ASN 21928"
2607:fb90:2756:d800::/55,"ASN 21928"
2607:fb90:2756:da00::/56,"ASN 21928"
2607:fb90:2756:db00::/58,"ASN 21928"
2607:fb90:2756:db40::/59,"ASN 21928"
2607:fb90:2756:db60::/61,"ASN 21928"
2607:fb90:2756:db69::/64,"ASN 21928"
2607:fb90:2756:db6a::/63,"ASN 21928"
2607:fb90:2756:db6c::/62,"ASN 21928"
2607:fb90:2756:db70::/60,"ASN 21928"
2607:fb90:2756:db80::/57,"ASN 21928"
2607:fb90:2756:dc00::/54,"ASN 21928"
2607:fb90:2756:e000::/52,"ASN 21928"
2607:fb90:2756:f000::/53,"ASN 21928"
2607:fb90:2756:f800::/56,"ASN 21928"
2607:fb90:2756:f900::/57,"ASN 21928"
2607:fb90:2756:f980::/58,"ASN 21928"
2607:fb90:2756:f9c0::/59,"ASN 21928"
2607:fb90:2756:f9e0::/61,"ASN 21928"
2607:fb90:2756:f9e8::/62,"ASN 21928"
2607:fb90:2756:f9ec::/63,"ASN 21928"
2607:fb90:2756:f9ee::/64,"ASN 21928"
2607:fb90:2756:f9f0::/60,"ASN 21928"
2607:fb90:2756:fa00::/55,"ASN 21928"
2607:fb90:2756:fc00::/54,"ASN 21928"
2607:fb90:2757::/50,"ASN 21928"
2607:fb90:2757:4000::/52,"ASN 21928"
2607:fb90:2757:5000::/53,"ASN 21928"
2607:fb90:2757:5800::/54,"ASN 21928"
2607:fb90:2757:5c00::/55,"ASN 21928"
2607:fb90:2757:5e00::/56,"ASN 21928"
2607:fb90:2757:5f00::/57,"ASN 21928"
2607:fb90:2757:5f80::/59,"ASN 21928"
2607:fb90:2757:5fa0::/61,"ASN 21928"
2607:fb90:2757:5fa9::/64,"ASN 21928"
2607:fb90:2757:5faa::/63,"ASN 21928"
2607:fb90:2757:5fac::/62,"ASN 21928"
2607:fb90:2757:5fb0::/60,"ASN 21928"
2607:fb90:2757:5fc0::/58,"ASN 21928"
2607:fb90:2757:6000::/51,"ASN 21928"
2607:fb90:2757:8000::/49,"ASN 21928"
2607:fb90:2758::/45,"ASN 21928"
2607:fb90:2760::/43,"ASN 21928"
2607:fb90:2780::/41,"ASN 21928"
2607:fb90:2800::/43,"ASN 21928"
2607:fb90:2820::/44,"ASN 21928"
2607:fb90:2830::/49,"ASN 21928"
2607:fb90:2830:8000::/51,"ASN 21928"
2607:fb90:2830:a000::/53,"ASN 21928"
2607:fb90:2830:a800::/55,"ASN 21928"
2607:fb90:2830:aa00::/57,"ASN 21928"
2607:fb90:2830:aa80::/60,"ASN 21928"
2607:fb90:2830:aa90::/61,"ASN 21928"
2607:fb90:2830:aa98::/62,"ASN 21928"
2607:fb90:2830:aa9c::/63,"ASN 21928"
2607:fb90:2830:aa9f::/64,"ASN 21928"
2607:fb90:2830:aaa0::/59,"ASN 21928"
2607:fb90:2830:aac0::/58,"ASN 21928"
2607:fb90:2830:ab00::/56,"ASN 21928"
2607:fb90:2830:ac00::/54,"ASN 21928"
2607:fb90:2830:b000::/52,"ASN 21928"
2607:fb90:2830:c000::/50,"ASN 21928"
2607:fb90:2831::/51,"ASN 21928"
2607:fb90:2831:2000::/52,"ASN 21928"
2607:fb90:2831:3000::/56,"ASN 21928"
2607:fb90:2831:3100::/57,"ASN 21928"
2607:fb90:2831:3180::/59,"ASN 21928"
2607:fb90:2831:31a0::/60,"ASN 21928"
2607:fb90:2831:31b0::/62,"ASN 21928"
2607:fb90:2831:31b4::/63,"ASN 21928"
2607:fb90:2831:31b6::/64,"ASN 21928"
2607:fb90:2831:31b8::/61,"ASN 21928"
2607:fb90:2831:31c0::/58,"ASN 21928"
2607:fb90:2831:3200::/55,"ASN 21928"
2607:fb90:2831:3400::/54,"ASN 21928"
2607:fb90:2831:3800::/53,"ASN 21928"
2607:fb90:2831:4000::/50,"ASN 21928"
2607:fb90:2831:8000::/49,"ASN 21928"
2607:fb90:2832::/47,"ASN 21928"
2607:fb90:2834::/46,"ASN 21928"
2607:fb90:2838::/45,"ASN 21928"
2607:fb90:2840::/42,"ASN 21928"
2607:fb90:2880::/41,"ASN 21928"
2607:fb90:2900::/40,"ASN 21928"
2607:fb90:2a00::/39,"ASN 21928"
2607:fb90:2c00::/38,"ASN 21928"
2607:fb90:3000::/36,"ASN 21928"
2607:fb90:4000::/37,"ASN 21928"
2607:fb90:4800::/41,"ASN 21928"
2607:fb90:4880::/48,"ASN 21928"
2607:fb90:4881::/55,"ASN 21928"
2607:fb90:4881:200::/56,"ASN 21928"
2607:fb90:4881:300::/59,"ASN 21928"
2607:fb90:4881:320::/61,"ASN 21928"
2607:fb90:4881:328::/62,"ASN 21928"
2607:fb90:4881:32d::/64,"ASN 21928"
2607:fb90:4881:32e::/63,"ASN 21928"
2607:fb90:4881:330::/60,"ASN 21928"
2607:fb90:4881:340::/58,"ASN 21928"
2607:fb90:4881:380::/57,"ASN 21928"
2607:fb90:4881:400::/54,"ASN 21928"
2607:fb90:4881:800::/53,"ASN 21928"
2607:fb90:4881:1000::/52,"ASN 21928"
2607:fb90:4881:2000::/53,"ASN 21928"
2607:fb90:4881:2800::/55,"ASN 21928"
2607:fb90:4881:2a00::/56,"ASN 21928"
2607:fb90:4881:2b00::/57,"ASN 21928"
2607:fb90:4881:2b80::/58,"ASN 21928"
2607:fb90:4881:2bc0::/61,"ASN 21928"
2607:fb90:4881:2bc8::/63,"ASN 21928"
2607:fb90:4881:2bcb::/64,"ASN 21928"
2607:fb90:4881:2bcc::/62,"ASN 21928"
2607:fb90:4881:2bd0::/60,"ASN 21928"
2607:fb90:4881:2be0::/59,"ASN 21928"
2607:fb90:4881:2c00::/54,"ASN 21928"
2607:fb90:4881:3000::/52,"ASN 21928"
2607:fb90:4881:4000::/50,"ASN 21928"
2607:fb90:4881:8000::/49,"ASN 21928"
2607:fb90:4882::/47,"ASN 21928"
2607:fb90:4884::/46,"ASN 21928"
2607:fb90:4888::/45,"ASN 21928"
2607:fb90:4890::/44,"ASN 21928"
2607:fb90:48a0::/43,"ASN 21928"
2607:fb90:48c0::/42,"ASN 21928"
2607:fb90:4900::/40,"ASN 21928"
2607:fb90:4a00::/43,"ASN 21928"
2607:fb90:4a20::/51,"ASN 21928"
2607:fb90:4a20:2000::/53,"ASN 21928"
2607:fb90:4a20:2800::/54,"ASN 21928"
2607:fb90:4a20:2c00::/55,"ASN 21928"
2607:fb90:4a20:2e00::/56,"ASN 21928"
2607:fb90:4a20:2f00::/57,"ASN 21928"
2607:fb90:4a20:2f80::/58,"ASN 21928"
2607:fb90:4a20:2fc0::/59,"ASN 21928"
2607:fb90:4a20:2fe0::/62,"ASN 21928"
2607:fb90:4a20:2fe4::/63,"ASN 21928"
2607:fb90:4a20:2fe6::/64,"ASN 21928"
2607:fb90:4a20:2fe8::/61,"ASN 21928"
2607:fb90:4a20:2ff0::/60,"ASN 21928"
2607:fb90:4a20:3000::/52,"ASN 21928"
2607:fb90:4a20:4000::/50,"ASN 21928"
2607:fb90:4a20:8000::/49,"ASN 21928"
2607:fb90:4a21::/48,"ASN 21928"
2607:fb90:4a22::/47,"ASN 21928"
2607:fb90:4a24::/46,"ASN 21928"
2607:fb90:4a28::/48,"ASN 21928"
2607:fb90:4a29::/49,"ASN 21928"
2607:fb90:4a29:8000::/52,"ASN 21928"
2607:fb90:4a29:9000::/54,"ASN 21928"
2607:fb90:4a29:9400::/56,"ASN 21928"
2607:fb90:4a29:9500::/57,"ASN 21928"
2607:fb90:4a29:9580::/58,"ASN 21928"
2607:fb90:4a29:95c0::/59,"ASN 21928"
2607:fb90:4a29:95e0::/61,"ASN 21928"
2607:fb90:4a29:95e8::/63,"ASN 21928"
2607:fb90:4a29:95ea::/64,"ASN 21928"
2607:fb90:4a29:95ec::/62,"ASN 21928"
2607:fb90:4a29:95f0::/60,"ASN 21928"
2607:fb90:4a29:9600::/55,"ASN 21928"
2607:fb90:4a29:9800::/53,"ASN 21928"
2607:fb90:4a29:a000::/51,"ASN 21928"
2607:fb90:4a29:c000::/50,"ASN 21928"
2607:fb90:4a2a::/47,"ASN 21928"
2607:fb90:4a2c::/46,"ASN 21928"
2607:fb90:4a30::/44,"ASN 21928"
2607:fb90:4a40::/42,"ASN 21928"
2607:fb90:4a80::/41,"ASN 21928"
2607:fb90:4b00::/40,"ASN 21928"
2607:fb90:4c00::/38,"ASN 21928"
2607:fb90:5000::/37,"ASN 21928"
2607:fb90:5800::/38,"ASN 21928"
2607:fb90:5c00::/45,"ASN 21928"
2607:fb90:5c08::/47,"ASN 21928"
2607:fb90:5c0a::/50,"ASN 21928"
2607:fb90:5c0a:4000::/52,"ASN 21928"
2607:fb90:5c0a:5000::/55,"ASN 21928"
2607:fb90:5c0a:5200::/56,"ASN 21928"
2607:fb90:5c0a:5300::/57,"ASN 21928"
2607:fb90:5c0a:5380::/60,"ASN 21928"
2607:fb90:5c0a:5390::/62,"ASN 21928"
2607:fb90:5c0a:5394::/63,"ASN 21928"
2607:fb90:5c0a:5397::/64,"ASN 21928"
2607:fb90:5c0a:5398::/61,"ASN 21928"
2607:fb90:5c0a:53a0::/59,"ASN 21928"
2607:fb90:5c0a:53c0::/58,"ASN 21928"
2607:fb90:5c0a:5400::/54,"ASN 21928"
2607:fb90:5c0a:5800::/53,"ASN 21928"
2607:fb90:5c0a:6000::/51,"ASN 21928"
2607:fb90:5c0a:8000::/49,"ASN 21928"
2607:fb90:5c0b::/48,"ASN 21928"
2607:fb90:5c0c::/46,"ASN 21928"
2607:fb90:5c10::/44,"ASN 21928"
2607:fb90:5c20::/43,"ASN 21928"
2607:fb90:5c40::/42,"ASN 21928"
2607:fb90:5c80::/45,"ASN 21928"
2607:fb90:5c88::/54,"ASN 21928"
2607:fb90:5c88:400::/55,"ASN 21928"
2607:fb90:5c88:600::/56,"ASN 21928"
2607:fb90:5c88:700::/58,"ASN 21928"
2607:fb90:5c88:740::/59,"ASN 21928"
2607:fb90:5c88:760::/60,"ASN 21928"
2607:fb90:5c88:770::/63,"ASN 21928"
2607:fb90:5c88:773::/64,"ASN 21928"
2607:fb90:5c88:774::/62,"ASN 21928"
2607:fb90:5c88:778::/61,"ASN 21928"
2607:fb90:5c88:780::/57,"ASN 21928"
2607:fb90:5c88:800::/53,"ASN 21928"
2607:fb90:5c88:1000::/52,"ASN 21928"
2607:fb90:5c88:2000::/52,"ASN 21928"
2607:fb90:5c88:3000::/53,"ASN 21928"
2607:fb90:5c88:3800::/54,"ASN 21928"
2607:fb90:5c88:3c00::/56,"ASN 21928"
2607:fb90:5c88:3d00::/58,"ASN 21928"
2607:fb90:5c88:3d40::/60,"ASN 21928"
2607:fb90:5c88:3d50::/62,"ASN 21928"
2607:fb90:5c88:3d55::/64,"ASN 21928"
2607:fb90:5c88:3d56::/63,"ASN 21928"
2607:fb90:5c88:3d58::/61,"ASN 21928"
2607:fb90:5c88:3d60::/59,"ASN 21928"
2607:fb90:5c88:3d80::/57,"ASN 21928"
2607:fb90:5c88:3e00::/55,"ASN 21928"
2607:fb90:5c88:4000::/50,"ASN 21928"
2607:fb90:5c88:8000::/50,"ASN 21928"
2607:fb90:5c88:c000::/53,"ASN 21928"
2607:fb90:5c88:c800::/54,"ASN 21928"
2607:fb90:5c88:cc00::/55,"ASN 21928"
2607:fb90:5c88:ce00::/56,"ASN 21928"
2607:fb90:5c88:cf00::/59,"ASN 21928"
2607:fb90:5c88:cf20::/61,"ASN 21928"
2607:fb90:5c88:cf28::/63,"ASN 21928"
2607:fb90:5c88:cf2b::/64,"ASN 21928"
2607:fb90:5c88:cf2c::/62,"ASN 21928"
2607:fb90:5c88:cf30::/60,"ASN 21928"
2607:fb90:5c88:cf40::/58,"ASN 21928"
2607:fb90:5c88:cf80::/57,"ASN 21928"
2607:fb90:5c88:d000::/52,"ASN 21928"
2607:fb90:5c88:e000::/52,"ASN 21928"
2607:fb90:5c88:f000::/53,"ASN 21928"
2607:fb90:5c88:f800::/54,"ASN 21928"
2607:fb90:5c88:fc00::/55,"ASN 21928"
2607:fb90:5c88:fe00::/57,"ASN 21928"
2607:fb90:5c88:fe80::/59,"ASN 21928"
2607:fb90:5c88:fea0::/60,"ASN 21928"
2607:fb90:5c88:feb0::/61,"ASN 21928"
2607:fb90:5c88:feb8::/62,"ASN 21928"
2607:fb90:5c88:febc::/64,"ASN 21928"
2607:fb90:5c88:febe::/63,"ASN 21928"
2607:fb90:5c88:fec0::/58,"ASN 21928"
2607:fb90:5c88:ff00::/56,"ASN 21928"
2607:fb90:5c89::/48,"ASN 21928"
2607:fb90:5c8a::/50,"ASN 21928"
2607:fb90:5c8a:4000::/52,"ASN 21928"
2607:fb90:5c8a:5000::/56,"ASN 21928"
2607:fb90:5c8a:5100::/59,"ASN 21928"
2607:fb90:5c8a:5120::/60,"ASN 21928"
2607:fb90:5c8a:5130::/61,"ASN 21928"
2607:fb90:5c8a:5138::/63,"ASN 21928"
2607:fb90:5c8a:513b::/64,"ASN 21928"
2607:fb90:5c8a:513c::/62,"ASN 21928"
2607:fb90:5c8a:5140::/58,"ASN 21928"
2607:fb90:5c8a:5180::/57,"ASN 21928"
2607:fb90:5c8a:5200::/55,"ASN 21928"
2607:fb90:5c8a:5400::/54,"ASN 21928"
2607:fb90:5c8a:5800::/53,"ASN 21928"
2607:fb90:5c8a:6000::/51,"ASN 21928"
2607:fb90:5c8a:8000::/51,"ASN 21928"
2607:fb90:5c8a:a000::/52,"ASN 21928"
2607:fb90:5c8a:b000::/54,"ASN 21928"
2607:fb90:5c8a:b400::/58,"ASN 21928"
2607:fb90:5c8a:b440::/59,"ASN 21928"
2607:fb90:5c8a:b460::/61,"ASN 21928"
2607:fb90:5c8a:b469::/64,"ASN 21928"
2607:fb90:5c8a:b46a::/63,"ASN 21928"
2607:fb90:5c8a:b46c::/62,"ASN 21928"
2607:fb90:5c8a:b470::/60,"ASN 21928"
2607:fb90:5c8a:b480::/57,"ASN 21928"
2607:fb90:5c8a:b500::/56,"ASN 21928"
2607:fb90:5c8a:b600::/55,"ASN 21928"
2607:fb90:5c8a:b800::/53,"ASN 21928"
2607:fb90:5c8a:c000::/50,"ASN 21928"
2607:fb90:5c8b::/48,"ASN 21928"
2607:fb90:5c8c::/46,"ASN 21928"
2607:fb90:5c90::/44,"ASN 21928"
2607:fb90:5ca0::/43,"ASN 21928"
2607:fb90:5cc0::/42,"ASN 21928"
2607:fb90:5d00::/40,"ASN 21928"
2607:fb90:5e00::/39,"ASN 21928"
2607:fb90:6000::/40,"ASN 21928"
2607:fb90:6100::/42,"ASN 21928"
2607:fb90:6140::/44,"ASN 21928"
2607:fb90:6150::/45,"ASN 21928"
2607:fb90:6158::/48,"ASN 21928"
2607:fb90:6159::/50,"ASN 21928"
2607:fb90:6159:4000::/53,"ASN 21928"
2607:fb90:6159:4800::/55,"ASN 21928"
2607:fb90:6159:4a00::/56,"ASN 21928"
2607:fb90:6159:4b00::/57,"ASN 21928"
2607:fb90:6159:4b80::/59,"ASN 21928"
2607:fb90:6159:4ba0::/61,"ASN 21928"
2607:fb90:6159:4ba8::/63,"ASN 21928"
2607:fb90:6159:4baa::/64,"ASN 21928"
2607:fb90:6159:4bac::/62,"ASN 21928"
2607:fb90:6159:4bb0::/60,"ASN 21928"
2607:fb90:6159:4bc0::/58,"ASN 21928"
2607:fb90:6159:4c00::/54,"ASN 21928"
2607:fb90:6159:5000::/52,"ASN 21928"
2607:fb90:6159:6000::/51,"ASN 21928"
2607:fb90:6159:8000::/49,"ASN 21928"
2607:fb90:615a::/47,"ASN 21928"
2607:fb90:615c::/46,"ASN 21928"
2607:fb90:6160::/43,"ASN 21928"
2607:fb90:6180::/41,"ASN 21928"
2607:fb90:6200::/39,"ASN 21928"
2607:fb90:6400::/38,"ASN 21928"
2607:fb90:6800::/37,"ASN 21928"
2607:fb90:7000::/40,"ASN 21928"
2607:fb90:7100::/41,"ASN 21928"
2607:fb90:7180::/49,"ASN 21928"
2607:fb90:7180:8000::/53,"ASN 21928"
2607:fb90:7180:8800::/57,"ASN 21928"
2607:fb90:7180:8880::/58,"ASN 21928"
2607:fb90:7180:88c0::/60,"ASN 21928"
2607:fb90:7180:88d0::/64,"ASN 21928"
2607:fb90:7180:88d2::/63,"ASN 21928"
2607:fb90:7180:88d4::/62,"ASN 21928"
2607:fb90:7180:88d8::/61,"ASN 21928"
2607:fb90:7180:88e0::/59,"ASN 21928"
2607:fb90:7180:8900::/56,"ASN 21928"
2607:fb90:7180:8a00::/55,"ASN 21928"
2607:fb90:7180:8c00::/54,"ASN 21928"
2607:fb90:7180:9000::/52,"ASN 21928"
2607:fb90:7180:a000::/51,"ASN 21928"
2607:fb90:7180:c000::/51,"ASN 21928"
2607:fb90:7180:e000::/56,"ASN 21928"
2607:fb90:7180:e100::/58,"ASN 21928"
2607:fb90:7180:e140::/59,"ASN 21928"
2607:fb90:7180:e160::/62,"ASN 21928"
2607:fb90:7180:e164::/64,"ASN 21928"
2607:fb90:7180:e166::/63,"ASN 21928"
2607:fb90:7180:e168::/61,"ASN 21928"
2607:fb90:7180:e170::/60,"ASN 21928"
2607:fb90:7180:e180::/57,"ASN 21928"
2607:fb90:7180:e200::/55,"ASN 21928"
2607:fb90:7180:e400::/54,"ASN 21928"
2607:fb90:7180:e800::/53,"ASN 21928"
2607:fb90:7180:f000::/52,"ASN 21928"
2607:fb90:7181::/48,"ASN 21928"
2607:fb90:7182::/47,"ASN 21928"
2607:fb90:7184::/46,"ASN 21928"
2607:fb90:7188::/45,"ASN 21928"
2607:fb90:7190::/44,"ASN 21928"
2607:fb90:71a0::/43,"ASN 21928"
2607:fb90:71c0::/42,"ASN 21928"
2607:fb90:7200::/39,"ASN 21928"
2607:fb90:7400::/38,"ASN 21928"
2607:fb90:7800::/37,"ASN 21928"
2607:fb90:8000::/36,"ASN 21928"
2607:fb90:9000::/37,"ASN 21928"
2607:fb90:9800::/40,"ASN 21928"
2607:fb90:9900::/49,"ASN 21928"
2607:fb90:9900:8000::/51,"ASN 21928"
2607:fb90:9900:a000::/55,"ASN 21928"
2607:fb90:9900:a200::/56,"ASN 21928"
2607:fb90:9900:a300::/57,"ASN 21928"
2607:fb90:9900:a380::/58,"ASN 21928"
2607:fb90:9900:a3c0::/59,"ASN 21928"
2607:fb90:9900:a3e0::/61,"ASN 21928"
2607:fb90:9900:a3e9::/64,"ASN 21928"
2607:fb90:9900:a3ea::/63,"ASN 21928"
2607:fb90:9900:a3ec::/62,"ASN 21928"
2607:fb90:9900:a3f0::/60,"ASN 21928"
2607:fb90:9900:a400::/54,"ASN 21928"
2607:fb90:9900:a800::/53,"ASN 21928"
2607:fb90:9900:b000::/52,"ASN 21928"
2607:fb90:9900:c000::/50,"ASN 21928"
2607:fb90:9901::/48,"ASN 21928"
2607:fb90:9902::/48,"ASN 21928"
2607:fb90:9903::/53,"ASN 21928"
2607:fb90:9903:800::/54,"ASN 21928"
2607:fb90:9903:c00::/55,"ASN 21928"
2607:fb90:9903:e00::/56,"ASN 21928"
2607:fb90:9903:f00::/57,"ASN 21928"
2607:fb90:9903:f80::/58,"ASN 21928"
2607:fb90:9903:fc0::/59,"ASN 21928"
2607:fb90:9903:fe0::/60,"ASN 21928"
2607:fb90:9903:ff0::/62,"ASN 21928"
2607:fb90:9903:ff5::/64,"ASN 21928"
2607:fb90:9903:ff6::/63,"ASN 21928"
2607:fb90:9903:ff8::/61,"ASN 21928"
2607:fb90:9903:1000::/52,"ASN 21928"
2607:fb90:9903:2000::/52,"ASN 21928"
2607:fb90:9903:3000::/55,"ASN 21928"
2607:fb90:9903:3200::/56,"ASN 21928"
2607:fb90:9903:3300::/58,"ASN 21928"
2607:fb90:9903:3340::/59,"ASN 21928"
2607:fb90:9903:3360::/60,"ASN 21928"
2607:fb90:9903:3370::/61,"ASN 21928"
2607:fb90:9903:3378::/62,"ASN 21928"
2607:fb90:9903:337c::/63,"ASN 21928"
2607:fb90:9903:337f::/64,"ASN 21928"
2607:fb90:9903:3380::/57,"ASN 21928"
2607:fb90:9903:3400::/54,"ASN 21928"
2607:fb90:9903:3800::/53,"ASN 21928"
2607:fb90:9903:4000::/50,"ASN 21928"
2607:fb90:9903:8000::/55,"ASN 21928"
2607:fb90:9903:8200::/56,"ASN 21928"
2607:fb90:9903:8300::/57,"ASN 21928"
2607:fb90:9903:8380::/61,"ASN 21928"
2607:fb90:9903:8388::/62,"ASN 21928"
2607:fb90:9903:838c::/63,"ASN 21928"
2607:fb90:9903:838e::/64,"ASN 21928"
2607:fb90:9903:8390::/60,"ASN 21928"
2607:fb90:9903:83a0::/59,"ASN 21928"
2607:fb90:9903:83c0::/58,"ASN 21928"
2607:fb90:9903:8400::/54,"ASN 21928"
2607:fb90:9903:8800::/53,"ASN 21928"
2607:fb90:9903:9000::/52,"ASN 21928"
2607:fb90:9903:a000::/57,"ASN 21928"
2607:fb90:9903:a080::/60,"ASN 21928"
2607:fb90:9903:a090::/61,"ASN 21928"
2607:fb90:9903:a098::/63,"ASN 21928"
2607:fb90:9903:a09b::/64,"ASN 21928"
2607:fb90:9903:a09c::/62,"ASN 21928"
2607:fb90:9903:a0a0::/59,"ASN 21928"
2607:fb90:9903:a0c0::/58,"ASN 21928"
2607:fb90:9903:a100::/56,"ASN 21928"
2607:fb90:9903:a200::/55,"ASN 21928"
2607:fb90:9903:a400::/54,"ASN 21928"
2607:fb90:9903:a800::/53,"ASN 21928"
2607:fb90:9903:b000::/52,"ASN 21928"
2607:fb90:9903:c000::/50,"ASN 21928"
2607:fb90:9904::/46,"ASN 21928"
2607:fb90:9908::/45,"ASN 21928"
2607:fb90:9910::/44,"ASN 21928"
2607:fb90:9920::/43,"ASN 21928"
2607:fb90:9940::/42,"ASN 21928"
2607:fb90:9980::/50,"ASN 21928"
2607:fb90:9980:4000::/52,"ASN 21928"
2607:fb90:9980:5000::/53,"ASN 21928"
2607:fb90:9980:5800::/54,"ASN 21928"
2607:fb90:9980:5c00::/59,"ASN 21928"
2607:fb90:9980:5c20::/61,"ASN 21928"
2607:fb90:9980:5c28::/63,"ASN 21928"
2607:fb90:9980:5c2a::/64,"ASN 21928"
2607:fb90:9980:5c2c::/62,"ASN 21928"
2607:fb90:9980:5c30::/60,"ASN 21928"
2607:fb90:9980:5c40::/58,"ASN 21928"
2607:fb90:9980:5c80::/57,"ASN 21928"
2607:fb90:9980:5d00::/56,"ASN 21928"
2607:fb90:9980:5e00::/55,"ASN 21928"
2607:fb90:9980:6000::/51,"ASN 21928"
2607:fb90:9980:8000::/51,"ASN 21928"
2607:fb90:9980:a000::/52,"ASN 21928"
2607:fb90:9980:b000::/53,"ASN 21928"
2607:fb90:9980:b800::/54,"ASN 21928"
2607:fb90:9980:bc00::/56,"ASN 21928"
2607:fb90:9980:bd00::/58,"ASN 21928"
2607:fb90:9980:bd40::/63,"ASN 21928"
2607:fb90:9980:bd43::/64,"ASN 21928"
2607:fb90:9980:bd44::/62,"ASN 21928"
2607:fb90:9980:bd48::/61,"ASN 21928"
2607:fb90:9980:bd50::/60,"ASN 21928"
2607:fb90:9980:bd60::/59,"ASN 21928"
2607:fb90:9980:bd80::/57,"ASN 21928"
2607:fb90:9980:be00::/55,"ASN 21928"
2607:fb90:9980:c000::/51,"ASN 21928"
2607:fb90:9980:e000::/53,"ASN 21928"
2607:fb90:9980:e800::/58,"ASN 21928"
2607:fb90:9980:e840::/59,"ASN 21928"
2607:fb90:9980:e860::/63,"ASN 21928"
2607:fb90:9980:e863::/64,"ASN 21928"
2607:fb90:9980:e864::/62,"ASN 21928"
2607:fb90:9980:e868::/61,"ASN 21928"
2607:fb90:9980:e870::/60,"ASN 21928"
2607:fb90:9980:e880::/57,"ASN 21928"
2607:fb90:9980:e900::/56,"ASN 21928"
2607:fb90:9980:ea00::/55,"ASN 21928"
2607:fb90:9980:ec00::/54,"ASN 21928"
2607:fb90:9980:f000::/52,"ASN 21928"
2607:fb90:9981::/48,"ASN 21928"
2607:fb90:9982::/50,"ASN 21928"
2607:fb90:9982:4000::/51,"ASN 21928"
2607:fb90:9982:6000::/52,"ASN 21928"
2607:fb90:9982:7000::/53,"ASN 21928"
2607:fb90:9982:7800::/57,"ASN 21928"
2607:fb90:9982:7880::/60,"ASN 21928"
2607:fb90:9982:7891::/64,"ASN 21928"
2607:fb90:9982:7892::/63,"ASN 21928"
2607:fb90:9982:7894::/62,"ASN 21928"
2607:fb90:9982:7898::/61,"ASN 21928"
2607:fb90:9982:78a0::/59,"ASN 21928"
2607:fb90:9982:78c0::/58,"ASN 21928"
2607:fb90:9982:7900::/56,"ASN 21928"
2607:fb90:9982:7a00::/55,"ASN 21928"
2607:fb90:9982:7c00::/54,"ASN 21928"
2607:fb90:9982:8000::/50,"ASN 21928"
2607:fb90:9982:c000::/51,"ASN 21928"
2607:fb90:9982:e000::/52,"ASN 21928"
2607:fb90:9982:f000::/56,"ASN 21928"
2607:fb90:9982:f100::/57,"ASN 21928"
2607:fb90:9982:f180::/58,"ASN 21928"
2607:fb90:9982:f1c0::/59,"ASN 21928"
2607:fb90:9982:f1e0::/60,"ASN 21928"
2607:fb90:9982:f1f0::/61,"ASN 21928"
2607:fb90:9982:f1f8::/62,"ASN 21928"
2607:fb90:9982:f1fd::/64,"ASN 21928"
2607:fb90:9982:f1fe::/63,"ASN 21928"
2607:fb90:9982:f200::/55,"ASN 21928"
2607:fb90:9982:f400::/54,"ASN 21928"
2607:fb90:9982:f800::/53,"ASN 21928"
2607:fb90:9983::/54,"ASN 21928"
2607:fb90:9983:400::/61,"ASN 21928"
2607:fb90:9983:408::/62,"ASN 21928"
2607:fb90:9983:40c::/63,"ASN 21928"
2607:fb90:9983:40f::/64,"ASN 21928"
2607:fb90:9983:410::/60,"ASN 21928"
2607:fb90:9983:420::/59,"ASN 21928"
2607:fb90:9983:440::/58,"ASN 21928"
2607:fb90:9983:480::/57,"ASN 21928"
2607:fb90:9983:500::/56,"ASN 21928"
2607:fb90:9983:600::/55,"ASN 21928"
2607:fb90:9983:800::/53,"ASN 21928"
2607:fb90:9983:1000::/52,"ASN 21928"
2607:fb90:9983:2000::/51,"ASN 21928"
2607:fb90:9983:4000::/50,"ASN 21928"
2607:fb90:9983:8000::/50,"ASN 21928"
2607:fb90:9983:c000::/52,"ASN 21928"
2607:fb90:9983:d000::/54,"ASN 21928"
2607:fb90:9983:d400::/56,"ASN 21928"
2607:fb90:9983:d500::/57,"ASN 21928"
2607:fb90:9983:d580::/61,"ASN 21928"
2607:fb90:9983:d588::/63,"ASN 21928"
2607:fb90:9983:d58b::/64,"ASN 21928"
2607:fb90:9983:d58c::/62,"ASN 21928"
2607:fb90:9983:d590::/60,"ASN 21928"
2607:fb90:9983:d5a0::/59,"ASN 21928"
2607:fb90:9983:d5c0::/58,"ASN 21928"
2607:fb90:9983:d600::/55,"ASN 21928"
2607:fb90:9983:d800::/53,"ASN 21928"
2607:fb90:9983:e000::/51,"ASN 21928"
2607:fb90:9984::/47,"ASN 21928"
2607:fb90:9986::/48,"ASN 21928"
2607:fb90:9987::/49,"ASN 21928"
2607:fb90:9987:8000::/50,"ASN 21928"
2607:fb90:9987:c000::/52,"ASN 21928"
2607:fb90:9987:d000::/53,"ASN 21928"
2607:fb90:9987:d800::/55,"ASN 21928"
2607:fb90:9987:da00::/56,"ASN 21928"
2607:fb90:9987:db00::/61,"ASN 21928"
2607:fb90:9987:db08::/62,"ASN 21928"
2607:fb90:9987:db0c::/64,"ASN 21928"
2607:fb90:9987:db0e::/63,"ASN 21928"
2607:fb90:9987:db10::/60,"ASN 21928"
2607:fb90:9987:db20::/59,"ASN 21928"
2607:fb90:9987:db40::/58,"ASN 21928"
2607:fb90:9987:db80::/57,"ASN 21928"
2607:fb90:9987:dc00::/54,"ASN 21928"
2607:fb90:9987:e000::/51,"ASN 21928"
2607:fb90:9988::/45,"ASN 21928"
2607:fb90:9990::/44,"ASN 21928"
2607:fb90:99a0::/43,"ASN 21928"
2607:fb90:99c0::/42,"ASN 21928"
2607:fb90:9a00::/39,"ASN 21928"
2607:fb90:9c00::/43,"ASN 21928"
2607:fb90:9c20::/50,"ASN 21928"
2607:fb90:9c20:4000::/52,"ASN 21928"
2607:fb90:9c20:5000::/53,"ASN 21928"
2607:fb90:9c20:5800::/55,"ASN 21928"
2607:fb90:9c20:5a00::/56,"ASN 21928"
2607:fb90:9c20:5b00::/57,"ASN 21928"
2607:fb90:9c20:5b80::/60,"ASN 21928"
2607:fb90:9c20:5b91::/64,"ASN 21928"
2607:fb90:9c20:5b92::/63,"ASN 21928"
2607:fb90:9c20:5b94::/62,"ASN 21928"
2607:fb90:9c20:5b98::/61,"ASN 21928"
2607:fb90:9c20:5ba0::/59,"ASN 21928"
2607:fb90:9c20:5bc0::/58,"ASN 21928"
2607:fb90:9c20:5c00::/54,"ASN 21928"
2607:fb90:9c20:6000::/51,"ASN 21928"
2607:fb90:9c20:8000::/49,"ASN 21928"
2607:fb90:9c21::/48,"ASN 21928"
2607:fb90:9c22::/47,"ASN 21928"
2607:fb90:9c24::/46,"ASN 21928"
2607:fb90:9c28::/45,"ASN 21928"
2607:fb90:9c30::/44,"ASN 21928"
2607:fb90:9c40::/42,"ASN 21928"
2607:fb90:9c80::/41,"ASN 21928"
2607:fb90:9d00::/40,"ASN 21928"
2607:fb90:9e00::/39,"ASN 21928"
2607:fb90:a000::/38,"ASN 21928"
2607:fb90:a400::/40,"ASN 21928"
2607:fb90:a500::/41,"ASN 21928"
2607:fb90:a580::/50,"ASN 21928"
2607:fb90:a580:4000::/55,"ASN 21928"
2607:fb90:a580:4200::/58,"ASN 21928"
2607:fb90:a580:4240::/61,"ASN 21928"
2607:fb90:a580:4248::/62,"ASN 21928"
2607:fb90:a580:424c::/63,"ASN 21928"
2607:fb90:a580:424f::/64,"ASN 21928"
2607:fb90:a580:4250::/60,"ASN 21928"
2607:fb90:a580:4260::/59,"ASN 21928"
2607:fb90:a580:4280::/57,"ASN 21928"
2607:fb90:a580:4300::/56,"ASN 21928"
2607:fb90:a580:4400::/54,"ASN 21928"
2607:fb90:a580:4800::/53,"ASN 21928"
2607:fb90:a580:5000::/52,"ASN 21928"
2607:fb90:a580:6000::/51,"ASN 21928"
2607:fb90:a580:8000::/49,"ASN 21928"
2607:fb90:a581::/53,"ASN 21928"
2607:fb90:a581:800::/54,"ASN 21928"
2607:fb90:a581:c00::/55,"ASN 21928"
2607:fb90:a581:e00::/56,"ASN 21928"
2607:fb90:a581:f00::/59,"ASN 21928"
2607:fb90:a581:f20::/60,"ASN 21928"
2607:fb90:a581:f30::/61,"ASN 21928"
2607:fb90:a581:f38::/62,"ASN 21928"
2607:fb90:a581:f3c::/63,"ASN 21928"
2607:fb90:a581:f3e::/64,"ASN 21928"
2607:fb90:a581:f40::/58,"ASN 21928"
2607:fb90:a581:f80::/57,"ASN 21928"
2607:fb90:a581:1000::/52,"ASN 21928"
2607:fb90:a581:2000::/51,"ASN 21928"
2607:fb90:a581:4000::/50,"ASN 21928"
2607:fb90:a581:8000::/49,"ASN 21928"
2607:fb90:a582::/47,"ASN 21928"
2607:fb90:a584::/46,"ASN 21928"
2607:fb90:a588::/45,"ASN 21928"
2607:fb90:a590::/44,"ASN 21928"
2607:fb90:a5a0::/43,"ASN 21928"
2607:fb90:a5c0::/42,"ASN 21928"
2607:fb90:a600::/39,"ASN 21928"
2607:fb90:a800::/37,"ASN 21928"
2607:fb90:b000::/36,"ASN 21928"
2607:fb90:c000::/40,"ASN 21928"
2607:fb90:c100::/43,"ASN 21928"
2607:fb90:c120::/44,"ASN 21928"
2607:fb90:c130::/45,"ASN 21928"
2607:fb90:c138::/46,"ASN 21928"
2607:fb90:c13c::/47,"ASN 21928"
2607:fb90:c13e::/48,"ASN 22140"
2607:fb90:c13f::/48,"ASN 21928"
2607:fb90:c140::/42,"ASN 21928"
2607:fb90:c180::/41,"ASN 21928"
2607:fb90:c200::/39,"ASN 21928"
2607:fb90:c400::/38,"ASN 21928"
2607:fb90:c800::/37,"ASN 21928"
2607:fb90:d000::/36,"ASN 21928"
2607:fb90:e000::/35,"ASN 21928"
2607:fb91::/35,"ASN 21928"
2607:fb91:2000::/36,"ASN 21928"
2607:fb91:3000::/37,"ASN 21928"
2607:fb91:3800::/38,"ASN 21928"
2607:fb91:3c00::/40,"ASN 21928"
2607:fb91:3d00::/41,"ASN 21928"
2607:fb91:3d80::/55,"ASN 21928"
2607:fb91:3d80:200::/56,"ASN 21928"
2607:fb91:3d80:300::/59,"ASN 21928"
2607:fb91:3d80:320::/62,"ASN 21928"
2607:fb91:3d80:324::/64,"ASN 21928"
2607:fb91:3d80:326::/63,"ASN 21928"
2607:fb91:3d80:328::/61,"ASN 21928"
2607:fb91:3d80:330::/60,"ASN 21928"
2607:fb91:3d80:340::/58,"ASN 21928"
2607:fb91:3d80:380::/57,"ASN 21928"
2607:fb91:3d80:400::/54,"ASN 21928"
2607:fb91:3d80:800::/53,"ASN 21928"
2607:fb91:3d80:1000::/52,"ASN 21928"
2607:fb91:3d80:2000::/51,"ASN 21928"
2607:fb91:3d80:4000::/50,"ASN 21928"
2607:fb91:3d80:8000::/50,"ASN 21928"
2607:fb91:3d80:c000::/52,"ASN 21928"
2607:fb91:3d80:d000::/59,"ASN 21928"
2607:fb91:3d80:d020::/61,"ASN 21928"
2607:fb91:3d80:d028::/63,"ASN 21928"
2607:fb91:3d80:d02b::/64,"ASN 21928"
2607:fb91:3d80:d02c::/62,"ASN 21928"
2607:fb91:3d80:d030::/60,"ASN 21928"
2607:fb91:3d80:d040::/58,"ASN 21928"
2607:fb91:3d80:d080::/57,"ASN 21928"
2607:fb91:3d80:d100::/56,"ASN 21928"
2607:fb91:3d80:d200::/55,"ASN 21928"
2607:fb91:3d80:d400::/54,"ASN 21928"
2607:fb91:3d80:d800::/56,"ASN 21928"
2607:fb91:3d80:d900::/61,"ASN 21928"
2607:fb91:3d80:d908::/64,"ASN 21928"
2607:fb91:3d80:d90a::/63,"ASN 21928"
2607:fb91:3d80:d90c::/62,"ASN 21928"
2607:fb91:3d80:d910::/60,"ASN 21928"
2607:fb91:3d80:d920::/59,"ASN 21928"
2607:fb91:3d80:d940::/58,"ASN 21928"
2607:fb91:3d80:d980::/57,"ASN 21928"
2607:fb91:3d80:da00::/55,"ASN 21928"
2607:fb91:3d80:dc00::/54,"ASN 21928"
2607:fb91:3d80:e000::/51,"ASN 21928"
2607:fb91:3d81::/48,"ASN 21928"
2607:fb91:3d82::/47,"ASN 21928"
2607:fb91:3d84::/46,"ASN 21928"
2607:fb91:3d88::/45,"ASN 21928"
2607:fb91:3d90::/44,"ASN 21928"
2607:fb91:3da0::/43,"ASN 21928"
2607:fb91:3dc0::/42,"ASN 21928"
2607:fb91:3e00::/39,"ASN 21928"
2607:fb91:4000::/51,"ASN 21928"
2607:fb91:4000:2000::/52,"ASN 21928"
2607:fb91:4000:3000::/54,"ASN 21928"
2607:fb91:4000:3400::/55,"ASN 21928"
2607:fb91:4000:3600::/57,"ASN 21928"
2607:fb91:4000:3680::/61,"ASN 21928"
2607:fb91:4000:3688::/62,"ASN 21928"
2607:fb91:4000:368c::/64,"ASN 21928"
2607:fb91:4000:368e::/63,"ASN 21928"
2607:fb91:4000:3690::/60,"ASN 21928"
2607:fb91:4000:36a0::/59,"ASN 21928"
2607:fb91:4000:36c0::/58,"ASN 21928"
2607:fb91:4000:3700::/56,"ASN 21928"
2607:fb91:4000:3800::/53,"ASN 21928"
2607:fb91:4000:4000::/50,"ASN 21928"
2607:fb91:4000:8000::/49,"ASN 21928"
2607:fb91:4001::/49,"ASN 21928"
2607:fb91:4001:8000::/50,"ASN 21928"
2607:fb91:4001:c000::/53,"ASN 21928"
2607:fb91:4001:c800::/56,"ASN 21928"
2607:fb91:4001:c900::/59,"ASN 21928"
2607:fb91:4001:c920::/62,"ASN 21928"
2607:fb91:4001:c924::/63,"ASN 21928"
2607:fb91:4001:c927::/64,"ASN 21928"
2607:fb91:4001:c928::/61,"ASN 21928"
2607:fb91:4001:c930::/60,"ASN 21928"
2607:fb91:4001:c940::/58,"ASN 21928"
2607:fb91:4001:c980::/57,"ASN 21928"
2607:fb91:4001:ca00::/55,"ASN 21928"
2607:fb91:4001:cc00::/54,"ASN 21928"
2607:fb91:4001:d000::/52,"ASN 21928"
2607:fb91:4001:e000::/51,"ASN 21928"
2607:fb91:4002::/47,"ASN 21928"
2607:fb91:4004::/46,"ASN 21928"
2607:fb91:4008::/45,"ASN 21928"
2607:fb91:4010::/44,"ASN 21928"
2607:fb91:4020::/43,"ASN 21928"
2607:fb91:4040::/42,"ASN 21928"
2607:fb91:4080::/52,"ASN 21928"
2607:fb91:4080:1000::/55,"ASN 21928"
2607:fb91:4080:1200::/56,"ASN 21928"
2607:fb91:4080:1300::/58,"ASN 21928"
2607:fb91:4080:1340::/60,"ASN 21928"
2607:fb91:4080:1350::/61,"ASN 21928"
2607:fb91:4080:1358::/62,"ASN 21928"
2607:fb91:4080:135d::/64,"ASN 21928"
2607:fb91:4080:135e::/63,"ASN 21928"
2607:fb91:4080:1360::/59,"ASN 21928"
2607:fb91:4080:1380::/57,"ASN 21928"
2607:fb91:4080:1400::/54,"ASN 21928"
2607:fb91:4080:1800::/53,"ASN 21928"
2607:fb91:4080:2000::/51,"ASN 21928"
2607:fb91:4080:4000::/50,"ASN 21928"
2607:fb91:4080:8000::/49,"ASN 21928"
2607:fb91:4081::/54,"ASN 21928"
2607:fb91:4081:400::/56,"ASN 21928"
2607:fb91:4081:500::/59,"ASN 21928"
2607:fb91:4081:520::/61,"ASN 21928"
2607:fb91:4081:528::/64,"ASN 21928"
2607:fb91:4081:52a::/63,"ASN 21928"
2607:fb91:4081:52c::/62,"ASN 21928"
2607:fb91:4081:530::/60,"ASN 21928"
2607:fb91:4081:540::/58,"ASN 21928"
2607:fb91:4081:580::/57,"ASN 21928"
2607:fb91:4081:600::/55,"ASN 21928"
2607:fb91:4081:800::/53,"ASN 21928"
2607:fb91:4081:1000::/52,"ASN 21928"
2607:fb91:4081:2000::/51,"ASN 21928"
2607:fb91:4081:4000::/50,"ASN 21928"
2607:fb91:4081:8000::/50,"ASN 21928"
2607:fb91:4081:c000::/51,"ASN 21928"
2607:fb91:4081:e000::/53,"ASN 21928"
2607:fb91:4081:e800::/54,"ASN 21928"
2607:fb91:4081:ec00::/56,"ASN 21928"
2607:fb91:4081:ed00::/57,"ASN 21928"
2607:fb91:4081:ed80::/59,"ASN 21928"
2607:fb91:4081:eda0::/60,"ASN 21928"
2607:fb91:4081:edb0::/62,"ASN 21928"
2607:fb91:4081:edb4::/64,"ASN 21928"
2607:fb91:4081:edb6::/63,"ASN 21928"
2607:fb91:4081:edb8::/61,"ASN 21928"
2607:fb91:4081:edc0::/58,"ASN 21928"
2607:fb91:4081:ee00::/55,"ASN 21928"
2607:fb91:4081:f000::/52,"ASN 21928"
2607:fb91:4082::/47,"ASN 21928"
2607:fb91:4084::/46,"ASN 21928"
2607:fb91:4088::/45,"ASN 21928"
2607:fb91:4090::/44,"ASN 21928"
2607:fb91:40a0::/43,"ASN 21928"
2607:fb91:40c0::/42,"ASN 21928"
2607:fb91:4100::/40,"ASN 21928"
2607:fb91:4200::/39,"ASN 21928"
2607:fb91:4400::/39,"ASN 21928"
2607:fb91:4600::/45,"ASN 21928"
2607:fb91:4608::/46,"ASN 21928"
2607:fb91:460c::/48,"ASN 21928"
2607:fb91:460d::/49,"ASN 21928"
2607:fb91:460d:8000::/53,"ASN 21928"
2607:fb91:460d:8800::/54,"ASN 21928"
2607:fb91:460d:8c00::/56,"ASN 21928"
2607:fb91:460d:8d01::/64,"ASN 21928"
2607:fb91:460d:8d02::/63,"ASN 21928"
2607:fb91:460d:8d04::/62,"ASN 21928"
2607:fb91:460d:8d08::/61,"ASN 21928"
2607:fb91:460d:8d10::/60,"ASN 21928"
2607:fb91:460d:8d20::/59,"ASN 21928"
2607:fb91:460d:8d40::/58,"ASN 21928"
2607:fb91:460d:8d80::/57,"ASN 21928"
2607:fb91:460d:8e00::/55,"ASN 21928"
2607:fb91:460d:9000::/52,"ASN 21928"
2607:fb91:460d:a000::/51,"ASN 21928"
2607:fb91:460d:c000::/50,"ASN 21928"
2607:fb91:460e::/47,"ASN 21928"
2607:fb91:4610::/47,"ASN 21928"
2607:fb91:4612::/50,"ASN 21928"
2607:fb91:4612:4000::/51,"ASN 21928"
2607:fb91:4612:6000::/52,"ASN 21928"
2607:fb91:4612:7000::/53,"ASN 21928"
2607:fb91:4612:7800::/54,"ASN 21928"
2607:fb91:4612:7c00::/55,"ASN 21928"
2607:fb91:4612:7e00::/56,"ASN 21928"
2607:fb91:4612:7f00::/57,"ASN 21928"
2607:fb91:4612:7f80::/61,"ASN 21928"
2607:fb91:4612:7f88::/63,"ASN 21928"
2607:fb91:4612:7f8b::/64,"ASN 21928"
2607:fb91:4612:7f8c::/62,"ASN 21928"
2607:fb91:4612:7f90::/60,"ASN 21928"
2607:fb91:4612:7fa0::/59,"ASN 21928"
2607:fb91:4612:7fc0::/58,"ASN 21928"
2607:fb91:4612:8000::/50,"ASN 21928"
2607:fb91:4612:c000::/51,"ASN 21928"
2607:fb91:4612:e000::/52,"ASN 21928"
2607:fb91:4612:f000::/56,"ASN 21928"
2607:fb91:4612:f100::/57,"ASN 21928"
2607:fb91:4612:f180::/58,"ASN 21928"
2607:fb91:4612:f1c0::/60,"ASN 21928"
2607:fb91:4612:f1d0::/62,"ASN 21928"
2607:fb91:4612:f1d5::/64,"ASN 21928"
2607:fb91:4612:f1d6::/63,"ASN 21928"
2607:fb91:4612:f1d8::/61,"ASN 21928"
2607:fb91:4612:f1e0::/59,"ASN 21928"
2607:fb91:4612:f200::/55,"ASN 21928"
2607:fb91:4612:f400::/56,"ASN 21928"
2607:fb91:4612:f500::/57,"ASN 21928"
2607:fb91:4612:f580::/59,"ASN 21928"
2607:fb91:4612:f5a0::/63,"ASN 21928"
2607:fb91:4612:f5a2::/64,"ASN 21928"
2607:fb91:4612:f5a4::/62,"ASN 21928"
2607:fb91:4612:f5a8::/61,"ASN 21928"
2607:fb91:4612:f5b0::/60,"ASN 21928"
2607:fb91:4612:f5c0::/58,"ASN 21928"
2607:fb91:4612:f600::/55,"ASN 21928"
2607:fb91:4612:f800::/53,"ASN 21928"
2607:fb91:4613::/48,"ASN 21928"
2607:fb91:4614::/46,"ASN 21928"
2607:fb91:4618::/45,"ASN 21928"
2607:fb91:4620::/43,"ASN 21928"
2607:fb91:4640::/42,"ASN 21928"
2607:fb91:4680::/45,"ASN 21928"
2607:fb91:4688::/46,"ASN 21928"
2607:fb91:468c::/47,"ASN 21928"
2607:fb91:468e::/48,"ASN 21928"
2607:fb91:468f::/52,"ASN 21928"
2607:fb91:468f:1000::/55,"ASN 21928"
2607:fb91:468f:1200::/56,"ASN 21928"
2607:fb91:468f:1300::/59,"ASN 21928"
2607:fb91:468f:1320::/60,"ASN 21928"
2607:fb91:468f:1330::/61,"ASN 21928"
2607:fb91:468f:1338::/62,"ASN 21928"
2607:fb91:468f:133d::/64,"ASN 21928"
2607:fb91:468f:133e::/63,"ASN 21928"
2607:fb91:468f:1340::/58,"ASN 21928"
2607:fb91:468f:1380::/57,"ASN 21928"
2607:fb91:468f:1400::/54,"ASN 21928"
2607:fb91:468f:1800::/53,"ASN 21928"
2607:fb91:468f:2000::/51,"ASN 21928"
2607:fb91:468f:4000::/50,"ASN 21928"
2607:fb91:468f:8000::/49,"ASN 21928"
2607:fb91:4690::/48,"ASN 21928"
2607:fb91:4691::/50,"ASN 21928"
2607:fb91:4691:4000::/52,"ASN 21928"
2607:fb91:4691:5000::/53,"ASN 21928"
2607:fb91:4691:5800::/55,"ASN 21928"
2607:fb91:4691:5a00::/57,"ASN 21928"
2607:fb91:4691:5a80::/58,"ASN 21928"
2607:fb91:4691:5ac0::/60,"ASN 21928"
2607:fb91:4691:5ad0::/61,"ASN 21928"
2607:fb91:4691:5ad8::/62,"ASN 21928"
2607:fb91:4691:5add::/64,"ASN 21928"
2607:fb91:4691:5ade::/63,"ASN 21928"
2607:fb91:4691:5ae0::/59,"ASN 21928"
2607:fb91:4691:5b00::/56,"ASN 21928"
2607:fb91:4691:5c00::/54,"ASN 21928"
2607:fb91:4691:6000::/52,"ASN 21928"
2607:fb91:4691:7000::/53,"ASN 21928"
2607:fb91:4691:7800::/55,"ASN 21928"
2607:fb91:4691:7a00::/57,"ASN 21928"
2607:fb91:4691:7a80::/61,"ASN 21928"
2607:fb91:4691:7a88::/62,"ASN 21928"
2607:fb91:4691:7a8c::/64,"ASN 21928"
2607:fb91:4691:7a8e::/63,"ASN 21928"
2607:fb91:4691:7a90::/60,"ASN 21928"
2607:fb91:4691:7aa0::/59,"ASN 21928"
2607:fb91:4691:7ac0::/58,"ASN 21928"
2607:fb91:4691:7b00::/56,"ASN 21928"
2607:fb91:4691:7c00::/54,"ASN 21928"
2607:fb91:4691:8000::/49,"ASN 21928"
2607:fb91:4692::/47,"ASN 21928"
2607:fb91:4694::/48,"ASN 21928"
2607:fb91:4695::/49,"ASN 21928"
2607:fb91:4695:8000::/52,"ASN 21928"
2607:fb91:4695:9000::/55,"ASN 21928"
2607:fb91:4695:9200::/56,"ASN 21928"
2607:fb91:4695:9300::/57,"ASN 21928"
2607:fb91:4695:9380::/58,"ASN 21928"
2607:fb91:4695:93c0::/60,"ASN 21928"
2607:fb91:4695:93d0::/63,"ASN 21928"
2607:fb91:4695:93d2::/64,"ASN 21928"
2607:fb91:4695:93d4::/62,"ASN 21928"
2607:fb91:4695:93d8::/61,"ASN 21928"
2607:fb91:4695:93e0::/59,"ASN 21928"
2607:fb91:4695:9400::/54,"ASN 21928"
2607:fb91:4695:9800::/53,"ASN 21928"
2607:fb91:4695:a000::/51,"ASN 21928"
2607:fb91:4695:c000::/50,"ASN 21928"
2607:fb91:4696::/47,"ASN 21928"
2607:fb91:4698::/45,"ASN 21928"
2607:fb91:46a0::/43,"ASN 21928"
2607:fb91:46c0::/42,"ASN 21928"
2607:fb91:4700::/40,"ASN 21928"
2607:fb91:4800::/40,"ASN 21928"
2607:fb91:4900::/49,"ASN 21928"
2607:fb91:4900:8000::/52,"ASN 21928"
2607:fb91:4900:9000::/54,"ASN 21928"
2607:fb91:4900:9400::/56,"ASN 21928"
2607:fb91:4900:9500::/58,"ASN 21928"
2607:fb91:4900:9540::/59,"ASN 21928"
2607:fb91:4900:9560::/60,"ASN 21928"
2607:fb91:4900:9570::/61,"ASN 21928"
2607:fb91:4900:9578::/62,"ASN 21928"
2607:fb91:4900:957d::/64,"ASN 21928"
2607:fb91:4900:957e::/63,"ASN 21928"
2607:fb91:4900:9580::/57,"ASN 21928"
2607:fb91:4900:9600::/55,"ASN 21928"
2607:fb91:4900:9800::/53,"ASN 21928"
2607:fb91:4900:a000::/51,"ASN 21928"
2607:fb91:4900:c000::/50,"ASN 21928"
2607:fb91:4901::/48,"ASN 21928"
2607:fb91:4902::/47,"ASN 21928"
2607:fb91:4904::/46,"ASN 21928"
2607:fb91:4908::/46,"ASN 21928"
2607:fb91:490c::/48,"ASN 21928"
2607:fb91:490d::/50,"ASN 21928"
2607:fb91:490d:4000::/51,"ASN 21928"
2607:fb91:490d:6000::/52,"ASN 21928"
2607:fb91:490d:7000::/53,"ASN 21928"
2607:fb91:490d:7800::/54,"ASN 21928"
2607:fb91:490d:7c00::/56,"ASN 21928"
2607:fb91:490d:7d00::/58,"ASN 21928"
2607:fb91:490d:7d40::/60,"ASN 21928"
2607:fb91:490d:7d51::/64,"ASN 21928"
2607:fb91:490d:7d52::/63,"ASN 21928"
2607:fb91:490d:7d54::/62,"ASN 21928"
2607:fb91:490d:7d58::/61,"ASN 21928"
2607:fb91:490d:7d60::/59,"ASN 21928"
2607:fb91:490d:7d80::/57,"ASN 21928"
2607:fb91:490d:7e00::/55,"ASN 21928"
2607:fb91:490d:8000::/50,"ASN 21928"
2607:fb91:490d:c000::/51,"ASN 21928"
2607:fb91:490d:e000::/52,"ASN 21928"
2607:fb91:490d:f000::/54,"ASN 21928"
2607:fb91:490d:f400::/55,"ASN 21928"
2607:fb91:490d:f600::/58,"ASN 21928"
2607:fb91:490d:f640::/60,"ASN 21928"
2607:fb91:490d:f650::/63,"ASN 21928"
2607:fb91:490d:f653::/64,"ASN 21928"
2607:fb91:490d:f654::/62,"ASN 21928"
2607:fb91:490d:f658::/61,"ASN 21928"
2607:fb91:490d:f660::/59,"ASN 21928"
2607:fb91:490d:f680::/57,"ASN 21928"
2607:fb91:490d:f700::/56,"ASN 21928"
2607:fb91:490d:f800::/53,"ASN 21928"
2607:fb91:490e::/47,"ASN 21928"
2607:fb91:4910::/44,"ASN 21928"
2607:fb91:4920::/43,"ASN 21928"
2607:fb91:4940::/42,"ASN 21928"
2607:fb91:4980::/45,"ASN 21928"
2607:fb91:4988::/47,"ASN 21928"
2607:fb91:498a::/52,"ASN 21928"
2607:fb91:498a:1000::/53,"ASN 21928"
2607:fb91:498a:1800::/54,"ASN 21928"
2607:fb91:498a:1c00::/56,"ASN 21928"
2607:fb91:498a:1d00::/57,"ASN 21928"
2607:fb91:498a:1d80::/62,"ASN 21928"
2607:fb91:498a:1d84::/64,"ASN 21928"
2607:fb91:498a:1d86::/63,"ASN 21928"
2607:fb91:498a:1d88::/61,"ASN 21928"
2607:fb91:498a:1d90::/60,"ASN 21928"
2607:fb91:498a:1da0::/59,"ASN 21928"
2607:fb91:498a:1dc0::/58,"ASN 21928"
2607:fb91:498a:1e00::/55,"ASN 21928"
2607:fb91:498a:2000::/51,"ASN 21928"
2607:fb91:498a:4000::/50,"ASN 21928"
2607:fb91:498a:8000::/49,"ASN 21928"
2607:fb91:498b::/48,"ASN 21928"
2607:fb91:498c::/46,"ASN 21928"
2607:fb91:4990::/44,"ASN 21928"
2607:fb91:49a0::/43,"ASN 21928"
2607:fb91:49c0::/42,"ASN 21928"
2607:fb91:4a00::/40,"ASN 21928"
2607:fb91:4b00::/41,"ASN 21928"
2607:fb91:4b80::/47,"ASN 21928"
2607:fb91:4b82::/52,"ASN 21928"
2607:fb91:4b82:1000::/53,"ASN 21928"
2607:fb91:4b82:1800::/55,"ASN 21928"
2607:fb91:4b82:1a00::/59,"ASN 21928"
2607:fb91:4b82:1a21::/64,"ASN 21928"
2607:fb91:4b82:1a22::/63,"ASN 21928"
2607:fb91:4b82:1a24::/62,"ASN 21928"
2607:fb91:4b82:1a28::/61,"ASN 21928"
2607:fb91:4b82:1a30::/60,"ASN 21928"
2607:fb91:4b82:1a40::/58,"ASN 21928"
2607:fb91:4b82:1a80::/57,"ASN 21928"
2607:fb91:4b82:1b00::/56,"ASN 21928"
2607:fb91:4b82:1c00::/54,"ASN 21928"
2607:fb91:4b82:2000::/52,"ASN 21928"
2607:fb91:4b82:3000::/53,"ASN 21928"
2607:fb91:4b82:3800::/54,"ASN 21928"
2607:fb91:4b82:3c00::/56,"ASN 21928"
2607:fb91:4b82:3d00::/60,"ASN 21928"
2607:fb91:4b82:3d10::/61,"ASN 21928"
2607:fb91:4b82:3d18::/62,"ASN 21928"
2607:fb91:4b82:3d1c::/63,"ASN 21928"
2607:fb91:4b82:3d1f::/64,"ASN 21928"
2607:fb91:4b82:3d20::/59,"ASN 21928"
2607:fb91:4b82:3d40::/58,"ASN 21928"
2607:fb91:4b82:3d80::/57,"ASN 21928"
2607:fb91:4b82:3e00::/55,"ASN 21928"
2607:fb91:4b82:4000::/50,"ASN 21928"
2607:fb91:4b82:8000::/51,"ASN 21928"
2607:fb91:4b82:a000::/53,"ASN 21928"
2607:fb91:4b82:a800::/54,"ASN 21928"
2607:fb91:4b82:ac00::/56,"ASN 21928"
2607:fb91:4b82:ad00::/59,"ASN 21928"
2607:fb91:4b82:ad20::/60,"ASN 21928"
2607:fb91:4b82:ad30::/61,"ASN 21928"
2607:fb91:4b82:ad38::/62,"ASN 21928"
2607:fb91:4b82:ad3d::/64,"ASN 21928"
2607:fb91:4b82:ad3e::/63,"ASN 21928"
2607:fb91:4b82:ad40::/58,"ASN 21928"
2607:fb91:4b82:ad80::/57,"ASN 21928"
2607:fb91:4b82:ae00::/55,"ASN 21928"
2607:fb91:4b82:b000::/52,"ASN 21928"
2607:fb91:4b82:c000::/50,"ASN 21928"
2607:fb91:4b83::/49,"ASN 21928"
2607:fb91:4b83:8000::/51,"ASN 21928"
2607:fb91:4b83:a000::/52,"ASN 21928"
2607:fb91:4b83:b000::/54,"ASN 21928"
2607:fb91:4b83:b400::/55,"ASN 21928"
2607:fb91:4b83:b600::/56,"ASN 21928"
2607:fb91:4b83:b700::/58,"ASN 21928"
2607:fb91:4b83:b740::/59,"ASN 21928"
2607:fb91:4b83:b760::/61,"ASN 21928"
2607:fb91:4b83:b768::/63,"ASN 21928"
2607:fb91:4b83:b76b::/64,"ASN 21928"
2607:fb91:4b83:b76c::/62,"ASN 21928"
2607:fb91:4b83:b770::/60,"ASN 21928"
2607:fb91:4b83:b780::/57,"ASN 21928"
2607:fb91:4b83:b800::/53,"ASN 21928"
2607:fb91:4b83:c000::/50,"ASN 21928"
2607:fb91:4b84::/46,"ASN 21928"
2607:fb91:4b88::/45,"ASN 21928"
2607:fb91:4b90::/44,"ASN 21928"
2607:fb91:4ba0::/43,"ASN 21928"
2607:fb91:4bc0::/42,"ASN 21928"
2607:fb91:4c00::/40,"ASN 21928"
2607:fb91:4d00::/48,"ASN 21928"
2607:fb91:4d01::/53,"ASN 21928"
2607:fb91:4d01:800::/54,"ASN 21928"
2607:fb91:4d01:c00::/61,"ASN 21928"
2607:fb91:4d01:c08::/63,"ASN 21928"
2607:fb91:4d01:c0a::/64,"ASN 21928"
2607:fb91:4d01:c0c::/62,"ASN 21928"
2607:fb91:4d01:c10::/60,"ASN 21928"
2607:fb91:4d01:c20::/59,"ASN 21928"
2607:fb91:4d01:c40::/58,"ASN 21928"
2607:fb91:4d01:c80::/57,"ASN 21928"
2607:fb91:4d01:d00::/56,"ASN 21928"
2607:fb91:4d01:e00::/55,"ASN 21928"
2607:fb91:4d01:1000::/52,"ASN 21928"
2607:fb91:4d01:2000::/53,"ASN 21928"
2607:fb91:4d01:2800::/54,"ASN 21928"
2607:fb91:4d01:2c00::/55,"ASN 21928"
2607:fb91:4d01:2e00::/61,"ASN 21928"
2607:fb91:4d01:2e08::/63,"ASN 21928"
2607:fb91:4d01:2e0a::/64,"ASN 21928"
2607:fb91:4d01:2e0c::/62,"ASN 21928"
2607:fb91:4d01:2e10::/60,"ASN 21928"
2607:fb91:4d01:2e20::/59,"ASN 21928"
2607:fb91:4d01:2e40::/58,"ASN 21928"
2607:fb91:4d01:2e80::/57,"ASN 21928"
2607:fb91:4d01:2f00::/56,"ASN 21928"
2607:fb91:4d01:3000::/52,"ASN 21928"
2607:fb91:4d01:4000::/50,"ASN 21928"
2607:fb91:4d01:8000::/49,"ASN 21928"
2607:fb91:4d02::/49,"ASN 21928"
2607:fb91:4d02:8000::/50,"ASN 21928"
2607:fb91:4d02:c000::/52,"ASN 21928"
2607:fb91:4d02:d000::/53,"ASN 21928"
2607:fb91:4d02:d800::/54,"ASN 21928"
2607:fb91:4d02:dc00::/55,"ASN 21928"
2607:fb91:4d02:de00::/56,"ASN 21928"
2607:fb91:4d02:df00::/57,"ASN 21928"
2607:fb91:4d02:df80::/58,"ASN 21928"
2607:fb91:4d02:dfc0::/59,"ASN 21928"
2607:fb91:4d02:dfe0::/62,"ASN 21928"
2607:fb91:4d02:dfe4::/63,"ASN 21928"
2607:fb91:4d02:dfe6::/64,"ASN 21928"
2607:fb91:4d02:dfe8::/61,"ASN 21928"
2607:fb91:4d02:dff0::/60,"ASN 21928"
2607:fb91:4d02:e000::/51,"ASN 21928"
2607:fb91:4d03::/48,"ASN 21928"
2607:fb91:4d04::/46,"ASN 21928"
2607:fb91:4d08::/45,"ASN 21928"
2607:fb91:4d10::/44,"ASN 21928"
2607:fb91:4d20::/43,"ASN 21928"
2607:fb91:4d40::/42,"ASN 21928"
2607:fb91:4d80::/51,"ASN 21928"
2607:fb91:4d80:2000::/52,"ASN 21928"
2607:fb91:4d80:3000::/57,"ASN 21928"
2607:fb91:4d80:3080::/58,"ASN 21928"
2607:fb91:4d80:30c0::/60,"ASN 21928"
2607:fb91:4d80:30d0::/61,"ASN 21928"
2607:fb91:4d80:30d8::/62,"ASN 21928"
2607:fb91:4d80:30dc::/63,"ASN 21928"
2607:fb91:4d80:30df::/64,"ASN 21928"
2607:fb91:4d80:30e0::/59,"ASN 21928"
2607:fb91:4d80:3100::/56,"ASN 21928"
2607:fb91:4d80:3200::/55,"ASN 21928"
2607:fb91:4d80:3400::/54,"ASN 21928"
2607:fb91:4d80:3800::/53,"ASN 21928"
2607:fb91:4d80:4000::/51,"ASN 21928"
2607:fb91:4d80:6000::/52,"ASN 21928"
2607:fb91:4d80:7000::/54,"ASN 21928"
2607:fb91:4d80:7400::/56,"ASN 21928"
2607:fb91:4d80:7500::/61,"ASN 21928"
2607:fb91:4d80:7508::/64,"ASN 21928"
2607:fb91:4d80:750a::/63,"ASN 21928"
2607:fb91:4d80:750c::/62,"ASN 21928"
2607:fb91:4d80:7510::/60,"ASN 21928"
2607:fb91:4d80:7520::/59,"ASN 21928"
2607:fb91:4d80:7540::/58,"ASN 21928"
2607:fb91:4d80:7580::/57,"ASN 21928"
2607:fb91:4d80:7600::/55,"ASN 21928"
2607:fb91:4d80:7800::/53,"ASN 21928"
2607:fb91:4d80:8000::/49,"ASN 21928"
2607:fb91:4d81::/49,"ASN 21928"
2607:fb91:4d81:8000::/50,"ASN 21928"
2607:fb91:4d81:c000::/51,"ASN 21928"
2607:fb91:4d81:e000::/53,"ASN 21928"
2607:fb91:4d81:e800::/57,"ASN 21928"
2607:fb91:4d81:e880::/60,"ASN 21928"
2607:fb91:4d81:e890::/61,"ASN 21928"
2607:fb91:4d81:e898::/62,"ASN 21928"
2607:fb91:4d81:e89c::/63,"ASN 21928"
2607:fb91:4d81:e89f::/64,"ASN 21928"
2607:fb91:4d81:e8a0::/59,"ASN 21928"
2607:fb91:4d81:e8c0::/58,"ASN 21928"
2607:fb91:4d81:e900::/56,"ASN 21928"
2607:fb91:4d81:ea00::/55,"ASN 21928"
2607:fb91:4d81:ec00::/54,"ASN 21928"
2607:fb91:4d81:f000::/52,"ASN 21928"
2607:fb91:4d82::/50,"ASN 21928"
2607:fb91:4d82:4000::/51,"ASN 21928"
2607:fb91:4d82:6000::/52,"ASN 21928"
2607:fb91:4d82:7000::/55,"ASN 21928"
2607:fb91:4d82:7200::/56,"ASN 21928"
2607:fb91:4d82:7300::/61,"ASN 21928"
2607:fb91:4d82:7308::/63,"ASN 21928"
2607:fb91:4d82:730b::/64,"ASN 21928"
2607:fb91:4d82:730c::/62,"ASN 21928"
2607:fb91:4d82:7310::/60,"ASN 21928"
2607:fb91:4d82:7320::/59,"ASN 21928"
2607:fb91:4d82:7340::/58,"ASN 21928"
2607:fb91:4d82:7380::/57,"ASN 21928"
2607:fb91:4d82:7400::/54,"ASN 21928"
2607:fb91:4d82:7800::/53,"ASN 21928"
2607:fb91:4d82:8000::/49,"ASN 21928"
2607:fb91:4d83::/48,"ASN 21928"
2607:fb91:4d84::/46,"ASN 21928"
2607:fb91:4d88::/45,"ASN 21928"
2607:fb91:4d90::/44,"ASN 21928"
2607:fb91:4da0::/43,"ASN 21928"
2607:fb91:4dc0::/42,"ASN 21928"
2607:fb91:4e00::/39,"ASN 21928"
2607:fb91:5000::/36,"ASN 21928"
2607:fb91:6000::/35,"ASN 21928"
2607:fb91:8000::/35,"ASN 21928"
2607:fb91:a000::/38,"ASN 21928"
2607:fb91:a600::/39,"ASN 21928"
2607:fb91:a800::/37,"ASN 21928"
2607:fb91:b000::/36,"ASN 21928"
2607:fb91:c000::/34,"ASN 21928"
2607:fb92::/38,"ASN 21928"
2607:fb92:400::/40,"ASN 21928"
2607:fb92:500::/41,"ASN 21928"
2607:fb92:580::/52,"ASN 21928"
2607:fb92:580:1000::/55,"ASN 21928"
2607:fb92:580:1200::/56,"ASN 21928"
2607:fb92:580:1300::/59,"ASN 21928"
2607:fb92:580:1320::/60,"ASN 21928"
2607:fb92:580:1330::/62,"ASN 21928"
2607:fb92:580:1335::/64,"ASN 21928"
2607:fb92:580:1336::/63,"ASN 21928"
2607:fb92:580:1338::/61,"ASN 21928"
2607:fb92:580:1340::/58,"ASN 21928"
2607:fb92:580:1380::/57,"ASN 21928"
2607:fb92:580:1400::/54,"ASN 21928"
2607:fb92:580:1800::/53,"ASN 21928"
2607:fb92:580:2000::/51,"ASN 21928"
2607:fb92:580:4000::/50,"ASN 21928"
2607:fb92:580:8000::/49,"ASN 21928"
2607:fb92:581::/48,"ASN 21928"
2607:fb92:582::/47,"ASN 21928"
2607:fb92:584::/46,"ASN 21928"
2607:fb92:588::/45,"ASN 21928"
2607:fb92:590::/44,"ASN 21928"
2607:fb92:5a0::/43,"ASN 21928"
2607:fb92:5c0::/42,"ASN 21928"
2607:fb92:600::/53,"ASN 21928"
2607:fb92:600:800::/54,"ASN 21928"
2607:fb92:600:c00::/55,"ASN 21928"
2607:fb92:600:e00::/56,"ASN 21928"
2607:fb92:600:f00::/58,"ASN 21928"
2607:fb92:600:f40::/59,"ASN 21928"
2607:fb92:600:f60::/61,"ASN 21928"
2607:fb92:600:f68::/63,"ASN 21928"
2607:fb92:600:f6b::/64,"ASN 21928"
2607:fb92:600:f6c::/62,"ASN 21928"
2607:fb92:600:f70::/60,"ASN 21928"
2607:fb92:600:f80::/57,"ASN 21928"
2607:fb92:600:1000::/52,"ASN 21928"
2607:fb92:600:2000::/51,"ASN 21928"
2607:fb92:600:4000::/50,"ASN 21928"
2607:fb92:600:8000::/51,"ASN 21928"
2607:fb92:600:a000::/56,"ASN 21928"
2607:fb92:600:a100::/58,"ASN 21928"
2607:fb92:600:a140::/59,"ASN 21928"
2607:fb92:600:a160::/60,"ASN 21928"
2607:fb92:600:a170::/63,"ASN 21928"
2607:fb92:600:a173::/64,"ASN 21928"
2607:fb92:600:a174::/62,"ASN 21928"
2607:fb92:600:a178::/61,"ASN 21928"
2607:fb92:600:a180::/57,"ASN 21928"
2607:fb92:600:a200::/55,"ASN 21928"
2607:fb92:600:a400::/54,"ASN 21928"
2607:fb92:600:a800::/53,"ASN 21928"
2607:fb92:600:b000::/52,"ASN 21928"
2607:fb92:600:c000::/50,"ASN 21928"
2607:fb92:601::/50,"ASN 21928"
2607:fb92:601:4000::/51,"ASN 21928"
2607:fb92:601:6000::/53,"ASN 21928"
2607:fb92:601:6800::/54,"ASN 21928"
2607:fb92:601:6c00::/56,"ASN 21928"
2607:fb92:601:6d00::/58,"ASN 21928"
2607:fb92:601:6d40::/59,"ASN 21928"
2607:fb92:601:6d60::/61,"ASN 21928"
2607:fb92:601:6d69::/64,"ASN 21928"
2607:fb92:601:6d6a::/63,"ASN 21928"
2607:fb92:601:6d6c::/62,"ASN 21928"
2607:fb92:601:6d70::/60,"ASN 21928"
2607:fb92:601:6d80::/57,"ASN 21928"
2607:fb92:601:6e00::/55,"ASN 21928"
2607:fb92:601:7000::/52,"ASN 21928"
2607:fb92:601:8000::/49,"ASN 21928"
2607:fb92:602::/47,"ASN 21928"
2607:fb92:604::/46,"ASN 21928"
2607:fb92:608::/45,"ASN 21928"
2607:fb92:610::/44,"ASN 21928"
2607:fb92:620::/43,"ASN 21928"
2607:fb92:640::/42,"ASN 21928"
2607:fb92:680::/52,"ASN 21928"
2607:fb92:680:1000::/56,"ASN 21928"
2607:fb92:680:1100::/57,"ASN 21928"
2607:fb92:680:1180::/58,"ASN 21928"
2607:fb92:680:11c0::/59,"ASN 21928"
2607:fb92:680:11e0::/63,"ASN 21928"
2607:fb92:680:11e3::/64,"ASN 21928"
2607:fb92:680:11e4::/62,"ASN 21928"
2607:fb92:680:11e8::/61,"ASN 21928"
2607:fb92:680:11f0::/60,"ASN 21928"
2607:fb92:680:1200::/55,"ASN 21928"
2607:fb92:680:1400::/54,"ASN 21928"
2607:fb92:680:1800::/53,"ASN 21928"
2607:fb92:680:2000::/51,"ASN 21928"
2607:fb92:680:4000::/50,"ASN 21928"
2607:fb92:680:8000::/51,"ASN 21928"
2607:fb92:680:a000::/52,"ASN 21928"
2607:fb92:680:b000::/55,"ASN 21928"
2607:fb92:680:b200::/56,"ASN 21928"
2607:fb92:680:b300::/57,"ASN 21928"
2607:fb92:680:b380::/58,"ASN 21928"
2607:fb92:680:b3c0::/61,"ASN 21928"
2607:fb92:680:b3c8::/63,"ASN 21928"
2607:fb92:680:b3ca::/64,"ASN 21928"
2607:fb92:680:b3cc::/62,"ASN 21928"
2607:fb92:680:b3d0::/60,"ASN 21928"
2607:fb92:680:b3e0::/59,"ASN 21928"
2607:fb92:680:b400::/54,"ASN 21928"
2607:fb92:680:b800::/53,"ASN 21928"
2607:fb92:680:c000::/50,"ASN 21928"
2607:fb92:681::/49,"ASN 21928"
2607:fb92:681:8000::/51,"ASN 21928"
2607:fb92:681:a000::/52,"ASN 21928"
2607:fb92:681:b000::/53,"ASN 21928"
2607:fb92:681:b800::/55,"ASN 21928"
2607:fb92:681:ba00::/57,"ASN 21928"
2607:fb92:681:ba80::/60,"ASN 21928"
2607:fb92:681:ba90::/61,"ASN 21928"
2607:fb92:681:ba98::/64,"ASN 21928"
2607:fb92:681:ba9a::/63,"ASN 21928"
2607:fb92:681:ba9c::/62,"ASN 21928"
2607:fb92:681:baa0::/59,"ASN 21928"
2607:fb92:681:bac0::/58,"ASN 21928"
2607:fb92:681:bb00::/56,"ASN 21928"
2607:fb92:681:bc00::/54,"ASN 21928"
2607:fb92:681:c000::/51,"ASN 21928"
2607:fb92:681:e000::/52,"ASN 21928"
2607:fb92:681:f000::/53,"ASN 21928"
2607:fb92:681:f800::/57,"ASN 21928"
2607:fb92:681:f880::/59,"ASN 21928"
2607:fb92:681:f8a0::/61,"ASN 21928"
2607:fb92:681:f8a8::/62,"ASN 21928"
2607:fb92:681:f8ac::/63,"ASN 21928"
2607:fb92:681:f8af::/64,"ASN 21928"
2607:fb92:681:f8b0::/60,"ASN 21928"
2607:fb92:681:f8c0::/58,"ASN 21928"
2607:fb92:681:f900::/56,"ASN 21928"
2607:fb92:681:fa00::/55,"ASN 21928"
2607:fb92:681:fc00::/54,"ASN 21928"
2607:fb92:682::/47,"ASN 21928"
2607:fb92:684::/46,"ASN 21928"
2607:fb92:688::/45,"ASN 21928"
2607:fb92:690::/44,"ASN 21928"
2607:fb92:6a0::/43,"ASN 21928"
2607:fb92:6c0::/42,"ASN 21928"
2607:fb92:700::/40,"ASN 21928"
2607:fb92:800::/37,"ASN 21928"
2607:fb92:1000::/38,"ASN 21928"
2607:fb92:1400::/39,"ASN 21928"
2607:fb92:1600::/49,"ASN 21928"
2607:fb92:1600:8000::/53,"ASN 21928"
2607:fb92:1600:8800::/54,"ASN 21928"
2607:fb92:1600:8c00::/57,"ASN 21928"
2607:fb92:1600:8c80::/58,"ASN 21928"
2607:fb92:1600:8cc0::/59,"ASN 21928"
2607:fb92:1600:8ce0::/63,"ASN 21928"
2607:fb92:1600:8ce2::/64,"ASN 21928"
2607:fb92:1600:8ce4::/62,"ASN 21928"
2607:fb92:1600:8ce8::/61,"ASN 21928"
2607:fb92:1600:8cf0::/60,"ASN 21928"
2607:fb92:1600:8d00::/56,"ASN 21928"
2607:fb92:1600:8e00::/55,"ASN 21928"
2607:fb92:1600:9000::/52,"ASN 21928"
2607:fb92:1600:a000::/51,"ASN 21928"
2607:fb92:1600:c000::/51,"ASN 21928"
2607:fb92:1600:e000::/54,"ASN 21928"
2607:fb92:1600:e400::/56,"ASN 21928"
2607:fb92:1600:e500::/58,"ASN 21928"
2607:fb92:1600:e540::/60,"ASN 21928"
2607:fb92:1600:e550::/61,"ASN 21928"
2607:fb92:1600:e558::/62,"ASN 21928"
2607:fb92:1600:e55c::/63,"ASN 21928"
2607:fb92:1600:e55e::/64,"ASN 21928"
2607:fb92:1600:e560::/59,"ASN 21928"
2607:fb92:1600:e580::/57,"ASN 21928"
2607:fb92:1600:e600::/55,"ASN 21928"
2607:fb92:1600:e800::/53,"ASN 21928"
2607:fb92:1600:f000::/52,"ASN 21928"
2607:fb92:1601::/52,"ASN 21928"
2607:fb92:1601:1000::/54,"ASN 21928"
2607:fb92:1601:1400::/55,"ASN 21928"
2607:fb92:1601:1600::/56,"ASN 21928"
2607:fb92:1601:1700::/60,"ASN 21928"
2607:fb92:1601:1710::/61,"ASN 21928"
2607:fb92:1601:1718::/64,"ASN 21928"
2607:fb92:1601:171a::/63,"ASN 21928"
2607:fb92:1601:171c::/62,"ASN 21928"
2607:fb92:1601:1720::/59,"ASN 21928"
2607:fb92:1601:1740::/58,"ASN 21928"
2607:fb92:1601:1780::/57,"ASN 21928"
2607:fb92:1601:1800::/53,"ASN 21928"
2607:fb92:1601:2000::/51,"ASN 21928"
2607:fb92:1601:4000::/53,"ASN 21928"
2607:fb92:1601:4800::/55,"ASN 21928"
2607:fb92:1601:4a00::/56,"ASN 21928"
2607:fb92:1601:4b00::/62,"ASN 21928"
2607:fb92:1601:4b04::/64,"ASN 21928"
2607:fb92:1601:4b06::/63,"ASN 21928"
2607:fb92:1601:4b08::/61,"ASN 21928"
2607:fb92:1601:4b10::/60,"ASN 21928"
2607:fb92:1601:4b20::/59,"ASN 21928"
2607:fb92:1601:4b40::/58,"ASN 21928"
2607:fb92:1601:4b80::/57,"ASN 21928"
2607:fb92:1601:4c00::/54,"ASN 21928"
2607:fb92:1601:5000::/52,"ASN 21928"
2607:fb92:1601:6000::/51,"ASN 21928"
2607:fb92:1601:8000::/53,"ASN 21928"
2607:fb92:1601:8800::/54,"ASN 21928"
2607:fb92:1601:8c00::/56,"ASN 21928"
2607:fb92:1601:8d00::/57,"ASN 21928"
2607:fb92:1601:8d80::/59,"ASN 21928"
2607:fb92:1601:8da1::/64,"ASN 21928"
2607:fb92:1601:8da2::/63,"ASN 21928"
2607:fb92:1601:8da4::/62,"ASN 21928"
2607:fb92:1601:8da8::/61,"ASN 21928"
2607:fb92:1601:8db0::/60,"ASN 21928"
2607:fb92:1601:8dc0::/58,"ASN 21928"
2607:fb92:1601:8e00::/55,"ASN 21928"
2607:fb92:1601:9000::/52,"ASN 21928"
2607:fb92:1601:a000::/51,"ASN 21928"
2607:fb92:1601:c000::/50,"ASN 21928"
2607:fb92:1602::/47,"ASN 21928"
2607:fb92:1604::/46,"ASN 21928"
2607:fb92:1608::/45,"ASN 21928"
2607:fb92:1610::/44,"ASN 21928"
2607:fb92:1620::/43,"ASN 21928"
2607:fb92:1640::/42,"ASN 21928"
2607:fb92:1680::/51,"ASN 21928"
2607:fb92:1680:2000::/54,"ASN 21928"
2607:fb92:1680:2400::/55,"ASN 21928"
2607:fb92:1680:2600::/56,"ASN 21928"
2607:fb92:1680:2700::/58,"ASN 21928"
2607:fb92:1680:2740::/61,"ASN 21928"
2607:fb92:1680:2748::/62,"ASN 21928"
2607:fb92:1680:274d::/64,"ASN 21928"
2607:fb92:1680:274e::/63,"ASN 21928"
2607:fb92:1680:2750::/60,"ASN 21928"
2607:fb92:1680:2760::/59,"ASN 21928"
2607:fb92:1680:2780::/57,"ASN 21928"
2607:fb92:1680:2800::/53,"ASN 21928"
2607:fb92:1680:3000::/52,"ASN 21928"
2607:fb92:1680:4000::/50,"ASN 21928"
2607:fb92:1680:8000::/49,"ASN 21928"
2607:fb92:1681::/50,"ASN 21928"
2607:fb92:1681:4000::/52,"ASN 21928"
2607:fb92:1681:5000::/57,"ASN 21928"
2607:fb92:1681:5080::/60,"ASN 21928"
2607:fb92:1681:5090::/62,"ASN 21928"
2607:fb92:1681:5094::/63,"ASN 21928"
2607:fb92:1681:5097::/64,"ASN 21928"
2607:fb92:1681:5098::/61,"ASN 21928"
2607:fb92:1681:50a0::/59,"ASN 21928"
2607:fb92:1681:50c0::/58,"ASN 21928"
2607:fb92:1681:5100::/56,"ASN 21928"
2607:fb92:1681:5200::/55,"ASN 21928"
2607:fb92:1681:5400::/54,"ASN 21928"
2607:fb92:1681:5800::/53,"ASN 21928"
2607:fb92:1681:6000::/51,"ASN 21928"
2607:fb92:1681:8000::/49,"ASN 21928"
2607:fb92:1682::/47,"ASN 21928"
2607:fb92:1684::/46,"ASN 21928"
2607:fb92:1688::/45,"ASN 21928"
2607:fb92:1690::/44,"ASN 21928"
2607:fb92:16a0::/43,"ASN 21928"
2607:fb92:16c0::/42,"ASN 21928"
2607:fb92:1700::/40,"ASN 21928"
2607:fb92:1800::/40,"ASN 21928"
2607:fb92:1900::/41,"ASN 21928"
2607:fb92:1980::/48,"ASN 21928"
2607:fb92:1981::/52,"ASN 21928"
2607:fb92:1981:1000::/60,"ASN 21928"
2607:fb92:1981:1010::/61,"ASN 21928"
2607:fb92:1981:1018::/62,"ASN 21928"
2607:fb92:1981:101d::/64,"ASN 21928"
2607:fb92:1981:101e::/63,"ASN 21928"
2607:fb92:1981:1020::/59,"ASN 21928"
2607:fb92:1981:1040::/58,"ASN 21928"
2607:fb92:1981:1080::/57,"ASN 21928"
2607:fb92:1981:1100::/56,"ASN 21928"
2607:fb92:1981:1200::/55,"ASN 21928"
2607:fb92:1981:1400::/54,"ASN 21928"
2607:fb92:1981:1800::/53,"ASN 21928"
2607:fb92:1981:2000::/51,"ASN 21928"
2607:fb92:1981:4000::/51,"ASN 21928"
2607:fb92:1981:6000::/53,"ASN 21928"
2607:fb92:1981:6800::/54,"ASN 21928"
2607:fb92:1981:6c00::/59,"ASN 21928"
2607:fb92:1981:6c20::/61,"ASN 21928"
2607:fb92:1981:6c28::/62,"ASN 21928"
2607:fb92:1981:6c2c::/64,"ASN 21928"
2607:fb92:1981:6c2e::/63,"ASN 21928"
2607:fb92:1981:6c30::/60,"ASN 21928"
2607:fb92:1981:6c40::/58,"ASN 21928"
2607:fb92:1981:6c80::/57,"ASN 21928"
2607:fb92:1981:6d00::/56,"ASN 21928"
2607:fb92:1981:6e00::/55,"ASN 21928"
2607:fb92:1981:7000::/52,"ASN 21928"
2607:fb92:1981:8000::/49,"ASN 21928"
2607:fb92:1982::/47,"ASN 21928"
2607:fb92:1984::/46,"ASN 21928"
2607:fb92:1988::/45,"ASN 21928"
2607:fb92:1990::/44,"ASN 21928"
2607:fb92:19a0::/43,"ASN 21928"
2607:fb92:19c0::/42,"ASN 21928"
2607:fb92:1a00::/39,"ASN 21928"
2607:fb92:1c00::/39,"ASN 21928"
2607:fb92:1e00::/45,"ASN 21928"
2607:fb92:1e08::/47,"ASN 21928"
2607:fb92:1e0a::/49,"ASN 21928"
2607:fb92:1e0a:8000::/52,"ASN 21928"
2607:fb92:1e0a:9000::/53,"ASN 21928"
2607:fb92:1e0a:9800::/54,"ASN 21928"
2607:fb92:1e0a:9c00::/55,"ASN 21928"
2607:fb92:1e0a:9e00::/56,"ASN 21928"
2607:fb92:1e0a:9f00::/57,"ASN 21928"
2607:fb92:1e0a:9f80::/63,"ASN 21928"
2607:fb92:1e0a:9f82::/64,"ASN 21928"
2607:fb92:1e0a:9f84::/62,"ASN 21928"
2607:fb92:1e0a:9f88::/61,"ASN 21928"
2607:fb92:1e0a:9f90::/60,"ASN 21928"
2607:fb92:1e0a:9fa0::/59,"ASN 21928"
2607:fb92:1e0a:9fc0::/58,"ASN 21928"
2607:fb92:1e0a:a000::/51,"ASN 21928"
2607:fb92:1e0a:c000::/50,"ASN 21928"
2607:fb92:1e0b::/48,"ASN 21928"
2607:fb92:1e0c::/46,"ASN 21928"
2607:fb92:1e10::/44,"ASN 21928"
2607:fb92:1e20::/43,"ASN 21928"
2607:fb92:1e40::/42,"ASN 21928"
2607:fb92:1e80::/41,"ASN 21928"
2607:fb92:1f00::/46,"ASN 21928"
2607:fb92:1f04::/48,"ASN 21928"
2607:fb92:1f05::/49,"ASN 21928"
2607:fb92:1f05:8000::/52,"ASN 21928"
2607:fb92:1f05:9000::/53,"ASN 21928"
2607:fb92:1f05:9800::/54,"ASN 21928"
2607:fb92:1f05:9c00::/56,"ASN 21928"
2607:fb92:1f05:9d00::/59,"ASN 21928"
2607:fb92:1f05:9d20::/62,"ASN 21928"
2607:fb92:1f05:9d24::/63,"ASN 21928"
2607:fb92:1f05:9d27::/64,"ASN 21928"
2607:fb92:1f05:9d28::/61,"ASN 21928"
2607:fb92:1f05:9d30::/60,"ASN 21928"
2607:fb92:1f05:9d40::/58,"ASN 21928"
2607:fb92:1f05:9d80::/57,"ASN 21928"
2607:fb92:1f05:9e00::/55,"ASN 21928"
2607:fb92:1f05:a000::/51,"ASN 21928"
2607:fb92:1f05:c000::/52,"ASN 21928"
2607:fb92:1f05:d000::/53,"ASN 21928"
2607:fb92:1f05:d800::/56,"ASN 21928"
2607:fb92:1f05:d900::/57,"ASN 21928"
2607:fb92:1f05:d980::/58,"ASN 21928"
2607:fb92:1f05:d9c0::/59,"ASN 21928"
2607:fb92:1f05:d9e0::/60,"ASN 21928"
2607:fb92:1f05:d9f0::/61,"ASN 21928"
2607:fb92:1f05:d9f8::/62,"ASN 21928"
2607:fb92:1f05:d9fd::/64,"ASN 21928"
2607:fb92:1f05:d9fe::/63,"ASN 21928"
2607:fb92:1f05:da00::/55,"ASN 21928"
2607:fb92:1f05:dc00::/54,"ASN 21928"
2607:fb92:1f05:e000::/51,"ASN 21928"
2607:fb92:1f06::/52,"ASN 21928"
2607:fb92:1f06:1000::/53,"ASN 21928"
2607:fb92:1f06:1800::/54,"ASN 21928"
2607:fb92:1f06:1c00::/56,"ASN 21928"
2607:fb92:1f06:1d00::/59,"ASN 21928"
2607:fb92:1f06:1d20::/61,"ASN 21928"
2607:fb92:1f06:1d28::/62,"ASN 21928"
2607:fb92:1f06:1d2d::/64,"ASN 21928"
2607:fb92:1f06:1d2e::/63,"ASN 21928"
2607:fb92:1f06:1d30::/60,"ASN 21928"
2607:fb92:1f06:1d40::/58,"ASN 21928"
2607:fb92:1f06:1d80::/57,"ASN 21928"
2607:fb92:1f06:1e00::/59,"ASN 21928"
2607:fb92:1f06:1e20::/60,"ASN 21928"
2607:fb92:1f06:1e30::/61,"ASN 21928"
2607:fb92:1f06:1e38::/62,"ASN 21928"
2607:fb92:1f06:1e3c::/63,"ASN 21928"
2607:fb92:1f06:1e3e::/64,"ASN 21928"
2607:fb92:1f06:1e40::/58,"ASN 21928"
2607:fb92:1f06:1e80::/57,"ASN 21928"
2607:fb92:1f06:1f00::/56,"ASN 21928"
2607:fb92:1f06:2000::/51,"ASN 21928"
2607:fb92:1f06:4000::/50,"ASN 21928"
2607:fb92:1f06:8000::/49,"ASN 21928"
2607:fb92:1f07::/48,"ASN 21928"
2607:fb92:1f08::/45,"ASN 21928"
2607:fb92:1f10::/44,"ASN 21928"
2607:fb92:1f20::/43,"ASN 21928"
2607:fb92:1f40::/42,"ASN 21928"
2607:fb92:1f80::/51,"ASN 21928"
2607:fb92:1f80:2000::/53,"ASN 21928"
2607:fb92:1f80:2800::/57,"ASN 21928"
2607:fb92:1f80:2880::/58,"ASN 21928"
2607:fb92:1f80:28c0::/62,"ASN 21928"
2607:fb92:1f80:28c5::/64,"ASN 21928"
2607:fb92:1f80:28c6::/63,"ASN 21928"
2607:fb92:1f80:28c8::/61,"ASN 21928"
2607:fb92:1f80:28d0::/60,"ASN 21928"
2607:fb92:1f80:28e0::/59,"ASN 21928"
2607:fb92:1f80:2900::/56,"ASN 21928"
2607:fb92:1f80:2a00::/55,"ASN 21928"
2607:fb92:1f80:2c00::/54,"ASN 21928"
2607:fb92:1f80:3000::/52,"ASN 21928"
2607:fb92:1f80:4000::/50,"ASN 21928"
2607:fb92:1f80:8000::/49,"ASN 21928"
2607:fb92:1f81::/50,"ASN 21928"
2607:fb92:1f81:4000::/51,"ASN 21928"
2607:fb92:1f81:6000::/52,"ASN 21928"
2607:fb92:1f81:7000::/55,"ASN 21928"
2607:fb92:1f81:7200::/58,"ASN 21928"
2607:fb92:1f81:7240::/59,"ASN 21928"
2607:fb92:1f81:7260::/63,"ASN 21928"
2607:fb92:1f81:7263::/64,"ASN 21928"
2607:fb92:1f81:7264::/62,"ASN 21928"
2607:fb92:1f81:7268::/61,"ASN 21928"
2607:fb92:1f81:7270::/60,"ASN 21928"
2607:fb92:1f81:7280::/57,"ASN 21928"
2607:fb92:1f81:7300::/56,"ASN 21928"
2607:fb92:1f81:7400::/54,"ASN 21928"
2607:fb92:1f81:7800::/54,"ASN 21928"
2607:fb92:1f81:7c00::/61,"ASN 21928"
2607:fb92:1f81:7c08::/64,"ASN 21928"
2607:fb92:1f81:7c0a::/63,"ASN 21928"
2607:fb92:1f81:7c0c::/62,"ASN 21928"
2607:fb92:1f81:7c10::/60,"ASN 21928"
2607:fb92:1f81:7c20::/59,"ASN 21928"
2607:fb92:1f81:7c40::/58,"ASN 21928"
2607:fb92:1f81:7c80::/57,"ASN 21928"
2607:fb92:1f81:7d00::/56,"ASN 21928"
2607:fb92:1f81:7e00::/55,"ASN 21928"
2607:fb92:1f81:8000::/50,"ASN 21928"
2607:fb92:1f81:c000::/51,"ASN 21928"
2607:fb92:1f81:e000::/52,"ASN 21928"
2607:fb92:1f81:f000::/57,"ASN 21928"
2607:fb92:1f81:f080::/61,"ASN 21928"
2607:fb92:1f81:f088::/63,"ASN 21928"
2607:fb92:1f81:f08b::/64,"ASN 21928"
2607:fb92:1f81:f08c::/62,"ASN 21928"
2607:fb92:1f81:f090::/60,"ASN 21928"
2607:fb92:1f81:f0a0::/59,"ASN 21928"
2607:fb92:1f81:f0c0::/58,"ASN 21928"
2607:fb92:1f81:f100::/56,"ASN 21928"
2607:fb92:1f81:f200::/55,"ASN 21928"
2607:fb92:1f81:f400::/54,"ASN 21928"
2607:fb92:1f81:f800::/53,"ASN 21928"
2607:fb92:1f82::/47,"ASN 21928"
2607:fb92:1f84::/46,"ASN 21928"
2607:fb92:1f88::/45,"ASN 21928"
2607:fb92:1f90::/44,"ASN 21928"
2607:fb92:1fa0::/43,"ASN 21928"
2607:fb92:1fc0::/42,"ASN 21928"
2607:fb92:2000::/40,"ASN 21928"
2607:fb92:2100::/41,"ASN 21928"
2607:fb92:2180::/46,"ASN 21928"
2607:fb92:2184::/48,"ASN 21928"
2607:fb92:2185::/51,"ASN 21928"
2607:fb92:2185:2000::/52,"ASN 21928"
2607:fb92:2185:3000::/55,"ASN 21928"
2607:fb92:2185:3200::/61,"ASN 21928"
2607:fb92:2185:3208::/62,"ASN 21928"
2607:fb92:2185:320c::/64,"ASN 21928"
2607:fb92:2185:320e::/63,"ASN 21928"
2607:fb92:2185:3210::/60,"ASN 21928"
2607:fb92:2185:3220::/59,"ASN 21928"
2607:fb92:2185:3240::/58,"ASN 21928"
2607:fb92:2185:3280::/57,"ASN 21928"
2607:fb92:2185:3300::/56,"ASN 21928"
2607:fb92:2185:3400::/54,"ASN 21928"
2607:fb92:2185:3800::/53,"ASN 21928"
2607:fb92:2185:4000::/50,"ASN 21928"
2607:fb92:2185:8000::/49,"ASN 21928"
2607:fb92:2186::/49,"ASN 21928"
2607:fb92:2186:8000::/57,"ASN 21928"
2607:fb92:2186:8080::/59,"ASN 21928"
2607:fb92:2186:80a0::/60,"ASN 21928"
2607:fb92:2186:80b0::/63,"ASN 21928"
2607:fb92:2186:80b2::/64,"ASN 21928"
2607:fb92:2186:80b4::/62,"ASN 21928"
2607:fb92:2186:80b8::/61,"ASN 21928"
2607:fb92:2186:80c0::/58,"ASN 21928"
2607:fb92:2186:8100::/56,"ASN 21928"
2607:fb92:2186:8200::/55,"ASN 21928"
2607:fb92:2186:8400::/54,"ASN 21928"
2607:fb92:2186:8800::/53,"ASN 21928"
2607:fb92:2186:9000::/52,"ASN 21928"
2607:fb92:2186:a000::/51,"ASN 21928"
2607:fb92:2186:c000::/50,"ASN 21928"
2607:fb92:2187::/48,"ASN 21928"
2607:fb92:2188::/45,"ASN 21928"
2607:fb92:2190::/44,"ASN 21928"
2607:fb92:21a0::/43,"ASN 21928"
2607:fb92:21c0::/42,"ASN 21928"
2607:fb92:2200::/50,"ASN 21928"
2607:fb92:2200:4000::/51,"ASN 21928"
2607:fb92:2200:6000::/52,"ASN 21928"
2607:fb92:2200:7000::/54,"ASN 21928"
2607:fb92:2200:7400::/56,"ASN 21928"
2607:fb92:2200:7500::/57,"ASN 21928"
2607:fb92:2200:7580::/59,"ASN 21928"
2607:fb92:2200:75a0::/60,"ASN 21928"
2607:fb92:2200:75b0::/61,"ASN 21928"
2607:fb92:2200:75b8::/62,"ASN 21928"
2607:fb92:2200:75bd::/64,"ASN 21928"
2607:fb92:2200:75be::/63,"ASN 21928"
2607:fb92:2200:75c0::/58,"ASN 21928"
2607:fb92:2200:7600::/55,"ASN 21928"
2607:fb92:2200:7800::/53,"ASN 21928"
2607:fb92:2200:8000::/50,"ASN 21928"
2607:fb92:2200:c000::/51,"ASN 21928"
2607:fb92:2200:e000::/52,"ASN 21928"
2607:fb92:2200:f000::/56,"ASN 21928"
2607:fb92:2200:f100::/57,"ASN 21928"
2607:fb92:2200:f180::/58,"ASN 21928"
2607:fb92:2200:f1c0::/59,"ASN 21928"
2607:fb92:2200:f1e0::/60,"ASN 21928"
2607:fb92:2200:f1f0::/61,"ASN 21928"
2607:fb92:2200:f1f8::/63,"ASN 21928"
2607:fb92:2200:f1fa::/64,"ASN 21928"
2607:fb92:2200:f1fc::/62,"ASN 21928"
2607:fb92:2200:f200::/55,"ASN 21928"
2607:fb92:2200:f400::/54,"ASN 21928"
2607:fb92:2200:f800::/53,"ASN 21928"
2607:fb92:2201::/48,"ASN 21928"
2607:fb92:2202::/47,"ASN 21928"
2607:fb92:2204::/47,"ASN 21928"
2607:fb92:2206::/48,"ASN 21928"
2607:fb92:2207::/50,"ASN 21928"
2607:fb92:2207:4000::/51,"ASN 21928"
2607:fb92:2207:6000::/52,"ASN 21928"
2607:fb92:2207:7000::/54,"ASN 21928"
2607:fb92:2207:7400::/56,"ASN 21928"
2607:fb92:2207:7500::/58,"ASN 21928"
2607:fb92:2207:7540::/61,"ASN 21928"
2607:fb92:2207:7548::/64,"ASN 21928"
2607:fb92:2207:754a::/63,"ASN 21928"
2607:fb92:2207:754c::/62,"ASN 21928"
2607:fb92:2207:7550::/60,"ASN 21928"
2607:fb92:2207:7560::/59,"ASN 21928"
2607:fb92:2207:7580::/57,"ASN 21928"
2607:fb92:2207:7600::/55,"ASN 21928"
2607:fb92:2207:7800::/53,"ASN 21928"
2607:fb92:2207:8000::/49,"ASN 21928"
2607:fb92:2208::/45,"ASN 21928"
2607:fb92:2210::/44,"ASN 21928"
2607:fb92:2220::/43,"ASN 21928"
2607:fb92:2240::/42,"ASN 21928"
2607:fb92:2280::/50,"ASN 21928"
2607:fb92:2280:4000::/54,"ASN 21928"
2607:fb92:2280:4400::/56,"ASN 21928"
2607:fb92:2280:4500::/59,"ASN 21928"
2607:fb92:2280:4520::/60,"ASN 21928"
2607:fb92:2280:4530::/62,"ASN 21928"
2607:fb92:2280:4534::/63,"ASN 21928"
2607:fb92:2280:4536::/64,"ASN 21928"
2607:fb92:2280:4538::/61,"ASN 21928"
2607:fb92:2280:4540::/58,"ASN 21928"
2607:fb92:2280:4580::/57,"ASN 21928"
2607:fb92:2280:4600::/55,"ASN 21928"
2607:fb92:2280:4800::/53,"ASN 21928"
2607:fb92:2280:5000::/52,"ASN 21928"
2607:fb92:2280:6000::/51,"ASN 21928"
2607:fb92:2280:8000::/49,"ASN 21928"
2607:fb92:2281::/48,"ASN 21928"
2607:fb92:2282::/47,"ASN 21928"
2607:fb92:2284::/46,"ASN 21928"
2607:fb92:2288::/45,"ASN 21928"
2607:fb92:2290::/44,"ASN 21928"
2607:fb92:22a0::/43,"ASN 21928"
2607:fb92:22c0::/42,"ASN 21928"
2607:fb92:2300::/40,"ASN 21928"
2607:fb92:2400::/41,"ASN 21928"
2607:fb92:2480::/49,"ASN 21928"
2607:fb92:2480:8000::/50,"ASN 21928"
2607:fb92:2480:c000::/52,"ASN 21928"
2607:fb92:2480:d000::/53,"ASN 21928"
2607:fb92:2480:d800::/56,"ASN 21928"
2607:fb92:2480:d900::/59,"ASN 21928"
2607:fb92:2480:d920::/60,"ASN 21928"
2607:fb92:2480:d930::/61,"ASN 21928"
2607:fb92:2480:d939::/64,"ASN 21928"
2607:fb92:2480:d93a::/63,"ASN 21928"
2607:fb92:2480:d93c::/62,"ASN 21928"
2607:fb92:2480:d940::/58,"ASN 21928"
2607:fb92:2480:d980::/57,"ASN 21928"
2607:fb92:2480:da00::/55,"ASN 21928"
2607:fb92:2480:dc00::/54,"ASN 21928"
2607:fb92:2480:e000::/51,"ASN 21928"
2607:fb92:2481::/48,"ASN 21928"
2607:fb92:2482::/47,"ASN 21928"
2607:fb92:2484::/46,"ASN 21928"
2607:fb92:2488::/45,"ASN 21928"
2607:fb92:2490::/44,"ASN 21928"
2607:fb92:24a0::/43,"ASN 21928"
2607:fb92:24c0::/42,"ASN 21928"
2607:fb92:2500::/41,"ASN 21928"
2607:fb92:2580::/46,"ASN 21928"
2607:fb92:2584::/47,"ASN 21928"
2607:fb92:2586::/51,"ASN 21928"
2607:fb92:2586:2000::/53,"ASN 21928"
2607:fb92:2586:2800::/55,"ASN 21928"
2607:fb92:2586:2a00::/56,"ASN 21928"
2607:fb92:2586:2b00::/62,"ASN 21928"
2607:fb92:2586:2b05::/64,"ASN 21928"
2607:fb92:2586:2b06::/63,"ASN 21928"
2607:fb92:2586:2b08::/61,"ASN 21928"
2607:fb92:2586:2b10::/60,"ASN 21928"
2607:fb92:2586:2b20::/59,"ASN 21928"
2607:fb92:2586:2b40::/58,"ASN 21928"
2607:fb92:2586:2b80::/57,"ASN 21928"
2607:fb92:2586:2c00::/54,"ASN 21928"
2607:fb92:2586:3000::/52,"ASN 21928"
2607:fb92:2586:4000::/50,"ASN 21928"
2607:fb92:2586:8000::/49,"ASN 21928"
2607:fb92:2587::/48,"ASN 21928"
2607:fb92:2588::/45,"ASN 21928"
2607:fb92:2590::/44,"ASN 21928"
2607:fb92:25a0::/43,"ASN 21928"
2607:fb92:25c0::/42,"ASN 21928"
2607:fb92:2600::/40,"ASN 21928"
2607:fb92:2700::/45,"ASN 21928"
2607:fb92:2708::/48,"ASN 21928"
2607:fb92:2709::/50,"ASN 21928"
2607:fb92:2709:4000::/51,"ASN 21928"
2607:fb92:2709:6000::/53,"ASN 21928"
2607:fb92:2709:6800::/56,"ASN 21928"
2607:fb92:2709:6900::/58,"ASN 21928"
2607:fb92:2709:6940::/60,"ASN 21928"
2607:fb92:2709:6950::/63,"ASN 21928"
2607:fb92:2709:6953::/64,"ASN 21928"
2607:fb92:2709:6954::/62,"ASN 21928"
2607:fb92:2709:6958::/61,"ASN 21928"
2607:fb92:2709:6960::/59,"ASN 21928"
2607:fb92:2709:6980::/57,"ASN 21928"
2607:fb92:2709:6a00::/55,"ASN 21928"
2607:fb92:2709:6c00::/54,"ASN 21928"
2607:fb92:2709:7000::/52,"ASN 21928"
2607:fb92:2709:8000::/49,"ASN 21928"
2607:fb92:270a::/47,"ASN 21928"
2607:fb92:270c::/46,"ASN 21928"
2607:fb92:2710::/44,"ASN 21928"
2607:fb92:2720::/43,"ASN 21928"
2607:fb92:2740::/42,"ASN 21928"
2607:fb92:2780::/41,"ASN 21928"
2607:fb92:2800::/40,"ASN 21928"
2607:fb92:2900::/46,"ASN 21928"
2607:fb92:2904::/47,"ASN 21928"
2607:fb92:2906::/48,"ASN 21928"
2607:fb92:2907::/50,"ASN 21928"
2607:fb92:2907:4000::/53,"ASN 21928"
2607:fb92:2907:4800::/54,"ASN 21928"
2607:fb92:2907:4c00::/55,"ASN 21928"
2607:fb92:2907:4e00::/57,"ASN 21928"
2607:fb92:2907:4e80::/62,"ASN 21928"
2607:fb92:2907:4e84::/64,"ASN 21928"
2607:fb92:2907:4e86::/63,"ASN 21928"
2607:fb92:2907:4e88::/61,"ASN 21928"
2607:fb92:2907:4e90::/60,"ASN 21928"
2607:fb92:2907:4ea0::/59,"ASN 21928"
2607:fb92:2907:4ec0::/58,"ASN 21928"
2607:fb92:2907:4f00::/56,"ASN 21928"
2607:fb92:2907:5000::/52,"ASN 21928"
2607:fb92:2907:6000::/51,"ASN 21928"
2607:fb92:2907:8000::/49,"ASN 21928"
2607:fb92:2908::/45,"ASN 21928"
2607:fb92:2910::/44,"ASN 21928"
2607:fb92:2920::/43,"ASN 21928"
2607:fb92:2940::/42,"ASN 21928"
2607:fb92:2980::/46,"ASN 21928"
2607:fb92:2984::/48,"ASN 21928"
2607:fb92:2985::/51,"ASN 21928"
2607:fb92:2985:2000::/52,"ASN 21928"
2607:fb92:2985:3000::/54,"ASN 21928"
2607:fb92:2985:3400::/55,"ASN 21928"
2607:fb92:2985:3600::/59,"ASN 21928"
2607:fb92:2985:3620::/60,"ASN 21928"
2607:fb92:2985:3630::/62,"ASN 21928"
2607:fb92:2985:3634::/63,"ASN 21928"
2607:fb92:2985:3636::/64,"ASN 21928"
2607:fb92:2985:3638::/61,"ASN 21928"
2607:fb92:2985:3640::/58,"ASN 21928"
2607:fb92:2985:3680::/57,"ASN 21928"
2607:fb92:2985:3700::/56,"ASN 21928"
2607:fb92:2985:3800::/53,"ASN 21928"
2607:fb92:2985:4000::/50,"ASN 21928"
2607:fb92:2985:8000::/49,"ASN 21928"
2607:fb92:2986::/49,"ASN 21928"
2607:fb92:2986:8000::/52,"ASN 21928"
2607:fb92:2986:9000::/56,"ASN 21928"
2607:fb92:2986:9100::/57,"ASN 21928"
2607:fb92:2986:9180::/58,"ASN 21928"
2607:fb92:2986:91c0::/59,"ASN 21928"
2607:fb92:2986:91e0::/62,"ASN 21928"
2607:fb92:2986:91e4::/63,"ASN 21928"
2607:fb92:2986:91e6::/64,"ASN 21928"
2607:fb92:2986:91e8::/61,"ASN 21928"
2607:fb92:2986:91f0::/60,"ASN 21928"
2607:fb92:2986:9200::/55,"ASN 21928"
2607:fb92:2986:9400::/54,"ASN 21928"
2607:fb92:2986:9800::/53,"ASN 21928"
2607:fb92:2986:a000::/51,"ASN 21928"
2607:fb92:2986:c000::/50,"ASN 21928"
2607:fb92:2987::/48,"ASN 21928"
2607:fb92:2988::/45,"ASN 21928"
2607:fb92:2990::/44,"ASN 21928"
2607:fb92:29a0::/43,"ASN 21928"
2607:fb92:29c0::/42,"ASN 21928"
2607:fb92:2a00::/40,"ASN 21928"
2607:fb92:2b00::/46,"ASN 21928"
2607:fb92:2b04::/47,"ASN 21928"
2607:fb92:2b06::/48,"ASN 21928"
2607:fb92:2b07::/50,"ASN 21928"
2607:fb92:2b07:4000::/51,"ASN 21928"
2607:fb92:2b07:6000::/53,"ASN 21928"
2607:fb92:2b07:6800::/55,"ASN 21928"
2607:fb92:2b07:6a00::/56,"ASN 21928"
2607:fb92:2b07:6b00::/57,"ASN 21928"
2607:fb92:2b07:6b80::/60,"ASN 21928"
2607:fb92:2b07:6b90::/61,"ASN 21928"
2607:fb92:2b07:6b98::/63,"ASN 21928"
2607:fb92:2b07:6b9b::/64,"ASN 21928"
2607:fb92:2b07:6b9c::/62,"ASN 21928"
2607:fb92:2b07:6ba0::/59,"ASN 21928"
2607:fb92:2b07:6bc0::/58,"ASN 21928"
2607:fb92:2b07:6c00::/54,"ASN 21928"
2607:fb92:2b07:7000::/52,"ASN 21928"
2607:fb92:2b07:8000::/50,"ASN 21928"
2607:fb92:2b07:c000::/51,"ASN 21928"
2607:fb92:2b07:e000::/52,"ASN 21928"
2607:fb92:2b07:f000::/53,"ASN 21928"
2607:fb92:2b07:f800::/57,"ASN 21928"
2607:fb92:2b07:f880::/58,"ASN 21928"
2607:fb92:2b07:f8c0::/59,"ASN 21928"
2607:fb92:2b07:f8e0::/61,"ASN 21928"
2607:fb92:2b07:f8e9::/64,"ASN 21928"
2607:fb92:2b07:f8ea::/63,"ASN 21928"
2607:fb92:2b07:f8ec::/62,"ASN 21928"
2607:fb92:2b07:f8f0::/60,"ASN 21928"
2607:fb92:2b07:f900::/56,"ASN 21928"
2607:fb92:2b07:fa00::/55,"ASN 21928"
2607:fb92:2b07:fc00::/54,"ASN 21928"
2607:fb92:2b08::/45,"ASN 21928"
2607:fb92:2b10::/44,"ASN 21928"
2607:fb92:2b20::/43,"ASN 21928"
2607:fb92:2b40::/42,"ASN 21928"
2607:fb92:2b80::/46,"ASN 21928"
2607:fb92:2b84::/49,"ASN 21928"
2607:fb92:2b84:8000::/51,"ASN 21928"
2607:fb92:2b84:a000::/52,"ASN 21928"
2607:fb92:2b84:b000::/53,"ASN 21928"
2607:fb92:2b84:b800::/54,"ASN 21928"
2607:fb92:2b84:bc00::/55,"ASN 21928"
2607:fb92:2b84:be00::/56,"ASN 21928"
2607:fb92:2b84:bf00::/58,"ASN 21928"
2607:fb92:2b84:bf40::/64,"ASN 21928"
2607:fb92:2b84:bf42::/63,"ASN 21928"
2607:fb92:2b84:bf44::/62,"ASN 21928"
2607:fb92:2b84:bf48::/61,"ASN 21928"
2607:fb92:2b84:bf50::/60,"ASN 21928"
2607:fb92:2b84:bf60::/59,"ASN 21928"
2607:fb92:2b84:bf80::/57,"ASN 21928"
2607:fb92:2b84:c000::/50,"ASN 21928"
2607:fb92:2b85::/48,"ASN 21928"
2607:fb92:2b86::/48,"ASN 21928"
2607:fb92:2b87::/49,"ASN 21928"
2607:fb92:2b87:8000::/54,"ASN 21928"
2607:fb92:2b87:8400::/55,"ASN 21928"
2607:fb92:2b87:8600::/56,"ASN 21928"
2607:fb92:2b87:8700::/57,"ASN 21928"
2607:fb92:2b87:8780::/58,"ASN 21928"
2607:fb92:2b87:87c0::/59,"ASN 21928"
2607:fb92:2b87:87e0::/60,"ASN 21928"
2607:fb92:2b87:87f0::/63,"ASN 21928"
2607:fb92:2b87:87f2::/64,"ASN 21928"
2607:fb92:2b87:87f4::/62,"ASN 21928"
2607:fb92:2b87:87f8::/61,"ASN 21928"
2607:fb92:2b87:8800::/53,"ASN 21928"
2607:fb92:2b87:9000::/52,"ASN 21928"
2607:fb92:2b87:a000::/53,"ASN 21928"
2607:fb92:2b87:a800::/56,"ASN 21928"
2607:fb92:2b87:a900::/57,"ASN 21928"
2607:fb92:2b87:a980::/61,"ASN 21928"
2607:fb92:2b87:a988::/62,"ASN 21928"
2607:fb92:2b87:a98c::/63,"ASN 21928"
2607:fb92:2b87:a98f::/64,"ASN 21928"
2607:fb92:2b87:a990::/60,"ASN 21928"
2607:fb92:2b87:a9a0::/59,"ASN 21928"
2607:fb92:2b87:a9c0::/58,"ASN 21928"
2607:fb92:2b87:aa00::/55,"ASN 21928"
2607:fb92:2b87:ac00::/54,"ASN 21928"
2607:fb92:2b87:b000::/52,"ASN 21928"
2607:fb92:2b87:c000::/50,"ASN 21928"
2607:fb92:2b88::/45,"ASN 21928"
2607:fb92:2b90::/44,"ASN 21928"
2607:fb92:2ba0::/43,"ASN 21928"
2607:fb92:2bc0::/42,"ASN 21928"
2607:fb92:2c00::/48,"ASN 21928"
2607:fb92:2c01::/51,"ASN 21928"
2607:fb92:2c01:2000::/53,"ASN 21928"
2607:fb92:2c01:2800::/57,"ASN 21928"
2607:fb92:2c01:2880::/58,"ASN 21928"
2607:fb92:2c01:28c0::/60,"ASN 21928"
2607:fb92:2c01:28d0::/61,"ASN 21928"
2607:fb92:2c01:28d9::/64,"ASN 21928"
2607:fb92:2c01:28da::/63,"ASN 21928"
2607:fb92:2c01:28dc::/62,"ASN 21928"
2607:fb92:2c01:28e0::/59,"ASN 21928"
2607:fb92:2c01:2900::/56,"ASN 21928"
2607:fb92:2c01:2a00::/55,"ASN 21928"
2607:fb92:2c01:2c00::/54,"ASN 21928"
2607:fb92:2c01:3000::/52,"ASN 21928"
2607:fb92:2c01:4000::/50,"ASN 21928"
2607:fb92:2c01:8000::/49,"ASN 21928"
2607:fb92:2c02::/47,"ASN 21928"
2607:fb92:2c04::/46,"ASN 21928"
2607:fb92:2c08::/45,"ASN 21928"
2607:fb92:2c10::/44,"ASN 21928"
2607:fb92:2c20::/43,"ASN 21928"
2607:fb92:2c40::/42,"ASN 21928"
2607:fb92:2c80::/46,"ASN 21928"
2607:fb92:2c84::/48,"ASN 21928"
2607:fb92:2c85::/50,"ASN 21928"
2607:fb92:2c85:4000::/51,"ASN 21928"
2607:fb92:2c85:6000::/54,"ASN 21928"
2607:fb92:2c85:6400::/56,"ASN 21928"
2607:fb92:2c85:6500::/60,"ASN 21928"
2607:fb92:2c85:6510::/64,"ASN 21928"
2607:fb92:2c85:6512::/63,"ASN 21928"
2607:fb92:2c85:6514::/62,"ASN 21928"
2607:fb92:2c85:6518::/61,"ASN 21928"
2607:fb92:2c85:6520::/59,"ASN 21928"
2607:fb92:2c85:6540::/58,"ASN 21928"
2607:fb92:2c85:6580::/57,"ASN 21928"
2607:fb92:2c85:6600::/55,"ASN 21928"
2607:fb92:2c85:6800::/53,"ASN 21928"
2607:fb92:2c85:7000::/52,"ASN 21928"
2607:fb92:2c85:8000::/49,"ASN 21928"
2607:fb92:2c86::/47,"ASN 21928"
2607:fb92:2c88::/45,"ASN 21928"
2607:fb92:2c90::/44,"ASN 21928"
2607:fb92:2ca0::/43,"ASN 21928"
2607:fb92:2cc0::/42,"ASN 21928"
2607:fb92:2d00::/40,"ASN 21928"
2607:fb92:2e00::/39,"ASN 21928"
2607:fb92:3000::/47,"ASN 21928"
2607:fb92:3002::/51,"ASN 21928"
2607:fb92:3002:2000::/54,"ASN 21928"
2607:fb92:3002:2400::/55,"ASN 21928"
2607:fb92:3002:2600::/58,"ASN 21928"
2607:fb92:3002:2640::/59,"ASN 21928"
2607:fb92:3002:2660::/60,"ASN 21928"
2607:fb92:3002:2671::/64,"ASN 21928"
2607:fb92:3002:2672::/63,"ASN 21928"
2607:fb92:3002:2674::/62,"ASN 21928"
2607:fb92:3002:2678::/61,"ASN 21928"
2607:fb92:3002:2680::/57,"ASN 21928"
2607:fb92:3002:2700::/56,"ASN 21928"
2607:fb92:3002:2800::/53,"ASN 21928"
2607:fb92:3002:3000::/57,"ASN 21928"
2607:fb92:3002:3080::/58,"ASN 21928"
2607:fb92:3002:30c0::/59,"ASN 21928"
2607:fb92:3002:30e0::/61,"ASN 21928"
2607:fb92:3002:30e8::/63,"ASN 21928"
2607:fb92:3002:30eb::/64,"ASN 21928"
2607:fb92:3002:30ec::/62,"ASN 21928"
2607:fb92:3002:30f0::/60,"ASN 21928"
2607:fb92:3002:3100::/56,"ASN 21928"
2607:fb92:3002:3200::/55,"ASN 21928"
2607:fb92:3002:3400::/54,"ASN 21928"
2607:fb92:3002:3800::/53,"ASN 21928"
2607:fb92:3002:4000::/51,"ASN 21928"
2607:fb92:3002:6000::/53,"ASN 21928"
2607:fb92:3002:6800::/55,"ASN 21928"
2607:fb92:3002:6a00::/56,"ASN 21928"
2607:fb92:3002:6b00::/59,"ASN 21928"
2607:fb92:3002:6b20::/61,"ASN 21928"
2607:fb92:3002:6b28::/62,"ASN 21928"
2607:fb92:3002:6b2c::/63,"ASN 21928"
2607:fb92:3002:6b2e::/64,"ASN 21928"
2607:fb92:3002:6b30::/60,"ASN 21928"
2607:fb92:3002:6b40::/58,"ASN 21928"
2607:fb92:3002:6b80::/57,"ASN 21928"
2607:fb92:3002:6c00::/54,"ASN 21928"
2607:fb92:3002:7000::/52,"ASN 21928"
2607:fb92:3002:8000::/49,"ASN 21928"
2607:fb92:3003::/48,"ASN 21928"
2607:fb92:3004::/46,"ASN 21928"
2607:fb92:3008::/45,"ASN 21928"
2607:fb92:3010::/44,"ASN 21928"
2607:fb92:3020::/43,"ASN 21928"
2607:fb92:3040::/42,"ASN 21928"
2607:fb92:3080::/41,"ASN 21928"
2607:fb92:3100::/45,"ASN 21928"
2607:fb92:3108::/46,"ASN 21928"
2607:fb92:310c::/47,"ASN 21928"
2607:fb92:310e::/50,"ASN 21928"
2607:fb92:310e:4000::/56,"ASN 21928"
2607:fb92:310e:4100::/58,"ASN 21928"
2607:fb92:310e:4140::/60,"ASN 21928"
2607:fb92:310e:4150::/61,"ASN 21928"
2607:fb92:310e:4158::/62,"ASN 21928"
2607:fb92:310e:415c::/63,"ASN 21928"
2607:fb92:310e:415e::/64,"ASN 21928"
2607:fb92:310e:4160::/59,"ASN 21928"
2607:fb92:310e:4180::/57,"ASN 21928"
2607:fb92:310e:4200::/55,"ASN 21928"
2607:fb92:310e:4400::/54,"ASN 21928"
2607:fb92:310e:4800::/53,"ASN 21928"
2607:fb92:310e:5000::/52,"ASN 21928"
2607:fb92:310e:6000::/51,"ASN 21928"
2607:fb92:310e:8000::/49,"ASN 21928"
2607:fb92:310f::/48,"ASN 21928"
2607:fb92:3110::/44,"ASN 21928"
2607:fb92:3120::/43,"ASN 21928"
2607:fb92:3140::/42,"ASN 21928"
2607:fb92:3180::/48,"ASN 21928"
2607:fb92:3181::/50,"ASN 21928"
2607:fb92:3181:4000::/53,"ASN 21928"
2607:fb92:3181:4800::/57,"ASN 21928"
2607:fb92:3181:4880::/60,"ASN 21928"
2607:fb92:3181:4890::/62,"ASN 21928"
2607:fb92:3181:4894::/63,"ASN 21928"
2607:fb92:3181:4896::/64,"ASN 21928"
2607:fb92:3181:4898::/61,"ASN 21928"
2607:fb92:3181:48a0::/59,"ASN 21928"
2607:fb92:3181:48c0::/58,"ASN 21928"
2607:fb92:3181:4900::/56,"ASN 21928"
2607:fb92:3181:4a00::/55,"ASN 21928"
2607:fb92:3181:4c00::/54,"ASN 21928"
2607:fb92:3181:5000::/52,"ASN 21928"
2607:fb92:3181:6000::/51,"ASN 21928"
2607:fb92:3181:8000::/52,"ASN 21928"
2607:fb92:3181:9000::/54,"ASN 21928"
2607:fb92:3181:9400::/55,"ASN 21928"
2607:fb92:3181:9600::/57,"ASN 21928"
2607:fb92:3181:9680::/58,"ASN 21928"
2607:fb92:3181:96c0::/59,"ASN 21928"
2607:fb92:3181:96e0::/60,"ASN 21928"
2607:fb92:3181:96f0::/62,"ASN 21928"
2607:fb92:3181:96f5::/64,"ASN 21928"
2607:fb92:3181:96f6::/63,"ASN 21928"
2607:fb92:3181:96f8::/61,"ASN 21928"
2607:fb92:3181:9700::/56,"ASN 21928"
2607:fb92:3181:9800::/53,"ASN 21928"
2607:fb92:3181:a000::/51,"ASN 21928"
2607:fb92:3181:c000::/50,"ASN 21928"
2607:fb92:3182::/47,"ASN 21928"
2607:fb92:3184::/46,"ASN 21928"
2607:fb92:3188::/45,"ASN 21928"
2607:fb92:3190::/44,"ASN 21928"
2607:fb92:31a0::/43,"ASN 21928"
2607:fb92:31c0::/42,"ASN 21928"
2607:fb92:3200::/39,"ASN 21928"
2607:fb92:3400::/38,"ASN 21928"
2607:fb92:3800::/37,"ASN 21928"
2607:fb92:4000::/34,"ASN 21928"
2607:fb92:8000::/33,"ASN 21928"
2607:fb93::/32,"ASN 21928"
2607:fb94::/30,"ASN 21928"
2607:fb98::/29,"ASN 21928"
