16.14.248.0/21,"ASN 10796"
23.153.80.0/24,"ASN 10796"
24.26.0.0/18,"ASN 10796"
24.26.128.0/19,"ASN 10796"
24.29.0.0/19,"ASN 10796"
24.29.160.0/20,"ASN 10796"
24.29.192.0/18,"ASN 10796"
24.31.160.0/19,"ASN 10796"
24.33.0.0/19,"ASN 10796"
24.33.64.0/18,"ASN 10796"
24.33.128.0/18,"ASN 10796"
24.33.192.0/19,"ASN 10796"
24.33.228.0/22,"ASN 10796"
24.33.232.0/21,"ASN 10796"
24.56.64.0/19,"ASN 10796"
24.92.128.0/20,"ASN 10796"
24.93.96.0/19,"ASN 10796"
24.93.160.0/19,"ASN 10796"
24.93.192.0/18,"ASN 10796"
24.95.32.0/19,"ASN 10796"
24.95.64.0/19,"ASN 10796"
24.95.128.0/18,"ASN 10796"
24.100.32.0/22,"ASN 10796"
24.100.44.0/23,"ASN 10796"
24.100.48.0/22,"ASN 10796"
24.100.176.0/21,"ASN 10796"
24.106.1.0/24,"ASN 10796"
24.106.2.0/24,"ASN 10796"
24.106.4.0/22,"ASN 10796"
24.106.16.0/20,"ASN 10796"
24.106.32.0/20,"ASN 10796"
24.106.48.0/22,"ASN 10796"
24.106.56.0/21,"ASN 10796"
24.106.64.0/20,"ASN 10796"
24.106.80.0/21,"ASN 10796"
24.106.88.0/22,"ASN 10796"
24.106.92.0/23,"ASN 10796"
24.106.94.0/24,"ASN 10796"
24.106.98.0/23,"ASN 10796"
24.106.100.0/22,"ASN 10796"
24.106.104.0/21,"ASN 10796"
24.106.112.0/20,"ASN 10796"
24.106.128.0/20,"ASN 10796"
24.106.144.0/21,"ASN 10796"
24.106.152.0/22,"ASN 10796"
24.106.158.0/23,"ASN 10796"
24.106.160.0/21,"ASN 10796"
24.106.224.0/20,"ASN 10796"
24.106.240.0/21,"ASN 10796"
24.106.248.0/22,"ASN 10796"
24.106.252.0/24,"ASN 10796"
24.123.0.0/20,"ASN 10796"
24.123.32.0/19,"ASN 10796"
24.123.64.0/19,"ASN 10796"
24.123.112.0/22,"ASN 10796"
24.123.121.0/24,"ASN 10796"
24.123.122.0/23,"ASN 10796"
24.123.124.0/22,"ASN 10796"
24.123.128.0/20,"ASN 10796"
24.123.152.0/21,"ASN 10796"
24.123.160.0/20,"ASN 10796"
24.123.192.0/20,"ASN 10796"
24.123.223.0/24,"ASN 10796"
24.123.224.0/19,"ASN 10796"
24.142.128.0/19,"ASN 10796"
24.142.160.0/20,"ASN 10796"
24.142.177.0/24,"ASN 10796"
24.142.178.0/23,"ASN 10796"
24.142.180.0/22,"ASN 10796"
24.142.184.0/21,"ASN 10796"
24.160.160.0/19,"ASN 10796"
24.160.192.0/18,"ASN 10796"
24.163.128.0/20,"ASN 10796"
24.163.160.0/19,"ASN 10796"
24.163.192.0/18,"ASN 10796"
24.164.64.0/18,"ASN 10796"
24.164.224.0/19,"ASN 10796"
24.165.96.0/19,"ASN 10796"
24.165.128.0/18,"ASN 10796"
24.165.192.0/19,"ASN 10796"
24.166.0.0/17,"ASN 10796"
24.166.160.0/22,"ASN 10796"
24.166.192.0/18,"ASN 10796"
24.167.192.0/18,"ASN 10796"
24.169.192.0/24,"ASN 10796"
24.172.128.0/20,"ASN 10796"
24.172.144.0/22,"ASN 10796"
24.172.148.0/23,"ASN 10796"
24.172.150.0/24,"ASN 10796"
24.172.152.0/21,"ASN 10796"
24.172.192.0/19,"ASN 10796"
24.172.240.0/21,"ASN 10796"
24.208.0.0/18,"ASN 10796"
24.208.64.0/19,"ASN 10796"
24.208.96.0/23,"ASN 10796"
24.208.104.0/21,"ASN 10796"
24.208.112.0/20,"ASN 10796"
24.208.128.0/17,"ASN 10796"
24.209.0.0/16,"ASN 10796"
24.210.0.0/16,"ASN 10796"
24.211.0.0/19,"ASN 10796"
47.231.80.0/20,"ASN 10796"
47.231.132.0/22,"ASN 10796"
47.231.136.0/22,"ASN 10796"
47.231.148.0/23,"ASN 10796"
64.183.132.0/23,"ASN 10796"
64.183.140.0/24,"ASN 10796"
64.183.148.0/24,"ASN 10796"
64.183.153.0/24,"ASN 10796"
64.183.160.0/21,"ASN 10796"
65.24.0.0/15,"ASN 10796"
65.26.56.0/21,"ASN 10796"
65.26.64.0/21,"ASN 10796"
65.26.160.0/20,"ASN 10796"
65.26.192.0/18,"ASN 10796"
65.27.0.0/16,"ASN 10796"
65.28.32.0/19,"ASN 10796"
65.28.132.0/22,"ASN 10796"
65.28.160.0/19,"ASN 10796"
65.28.202.0/23,"ASN 10796"
65.28.204.0/24,"ASN 10796"
65.28.224.0/19,"ASN 10796"
65.29.0.0/16,"ASN 10796"
65.30.0.0/16,"ASN 10796"
65.31.0.0/18,"ASN 10796"
65.31.80.0/20,"ASN 10796"
65.31.96.0/19,"ASN 10796"
65.31.128.0/18,"ASN 10796"
65.31.224.0/19,"ASN 10796"
65.185.0.0/17,"ASN 10796"
65.185.144.0/20,"ASN 10796"
65.185.160.0/19,"ASN 10796"
65.185.242.0/24,"ASN 10796"
65.185.250.0/24,"ASN 10796"
65.186.0.0/18,"ASN 10796"
65.186.64.0/19,"ASN 10796"
65.186.160.0/19,"ASN 10796"
65.186.192.0/19,"ASN 10796"
65.186.224.0/21,"ASN 10796"
65.186.232.0/22,"ASN 10796"
65.186.236.0/23,"ASN 10796"
65.186.238.0/24,"ASN 10796"
65.186.240.0/20,"ASN 10796"
65.189.0.0/16,"ASN 10796"
66.61.0.0/17,"ASN 10796"
66.198.14.0/24,"ASN 10796"
67.52.0.0/20,"ASN 10796"
67.52.16.0/24,"ASN 10796"
67.52.20.0/22,"ASN 10796"
67.52.24.0/22,"ASN 10796"
67.52.30.0/23,"ASN 10796"
67.52.32.0/23,"ASN 10796"
67.52.35.0/24,"ASN 10796"
67.52.36.0/22,"ASN 10796"
67.52.40.0/21,"ASN 10796"
67.52.48.0/20,"ASN 10796"
67.52.192.0/20,"ASN 10796"
67.52.208.0/21,"ASN 10796"
67.52.220.0/23,"ASN 10796"
67.52.240.0/21,"ASN 10796"
67.52.255.0/24,"ASN 10796"
67.53.0.0/20,"ASN 10796"
67.53.16.0/21,"ASN 10796"
67.53.26.0/23,"ASN 10796"
67.53.28.0/22,"ASN 10796"
67.53.77.0/24,"ASN 10796"
67.53.78.0/23,"ASN 10796"
67.53.80.0/22,"ASN 10796"
67.53.84.0/23,"ASN 10796"
67.53.88.0/22,"ASN 10796"
67.53.94.0/23,"ASN 10796"
67.53.128.0/21,"ASN 10796"
67.53.136.0/24,"ASN 10796"
67.53.138.0/23,"ASN 10796"
67.53.140.0/22,"ASN 10796"
67.53.144.0/20,"ASN 10796"
67.53.164.0/22,"ASN 10796"
67.53.168.0/21,"ASN 10796"
67.53.176.0/20,"ASN 10796"
67.53.224.0/19,"ASN 10796"
69.23.0.0/18,"ASN 10796"
69.23.64.0/19,"ASN 10796"
69.23.96.0/20,"ASN 10796"
69.23.208.0/20,"ASN 10796"
69.23.224.0/20,"ASN 10796"
69.24.28.0/23,"ASN 10796"
69.24.30.0/24,"ASN 10796"
69.63.89.0/24,"ASN 10796"
69.63.90.0/23,"ASN 10796"
69.63.92.0/24,"ASN 10796"
69.76.32.0/20,"ASN 10796"
69.76.48.0/21,"ASN 10796"
69.76.56.0/22,"ASN 10796"
69.76.60.0/23,"ASN 10796"
69.133.0.0/19,"ASN 10796"
69.133.32.0/20,"ASN 10796"
69.133.48.0/23,"ASN 10796"
69.133.50.0/25,"ASN 10796"
69.133.50.128/26,"ASN 10796"
69.133.50.192/27,"ASN 10796"
69.133.50.224/28,"ASN 10796"
69.133.50.240/29,"ASN 10796"
69.133.50.248/30,"ASN 10796"
69.133.50.252/31,"ASN 10796"
69.133.50.254/32,"ASN 10796"
69.133.51.0/24,"ASN 10796"
69.133.52.0/22,"ASN 10796"
69.133.56.0/21,"ASN 10796"
69.133.64.0/18,"ASN 10796"
69.133.192.0/20,"ASN 10796"
69.135.0.0/17,"ASN 10796"
69.135.160.0/20,"ASN 10796"
69.135.184.0/21,"ASN 10796"
69.135.192.0/18,"ASN 10796"
70.60.0.0/19,"ASN 10796"
70.60.32.0/22,"ASN 10796"
70.60.36.0/24,"ASN 10796"
70.60.38.0/23,"ASN 10796"
70.60.40.0/21,"ASN 10796"
70.60.48.0/21,"ASN 10796"
70.60.56.0/22,"ASN 10796"
70.60.60.0/24,"ASN 10796"
70.60.62.0/23,"ASN 10796"
70.60.64.0/19,"ASN 10796"
70.60.128.0/18,"ASN 10796"
70.61.0.0/22,"ASN 10796"
70.61.4.0/23,"ASN 10796"
70.61.7.0/24,"ASN 10796"
70.61.8.0/21,"ASN 10796"
70.61.16.0/21,"ASN 10796"
70.61.24.0/22,"ASN 10796"
70.61.29.0/24,"ASN 10796"
70.61.30.0/23,"ASN 10796"
70.61.33.0/24,"ASN 10796"
70.61.34.0/23,"ASN 10796"
70.61.36.0/22,"ASN 10796"
70.61.40.0/21,"ASN 10796"
70.61.48.0/22,"ASN 10796"
70.61.52.0/23,"ASN 10796"
70.61.56.0/21,"ASN 10796"
70.61.128.0/19,"ASN 10796"
70.61.160.0/20,"ASN 10796"
70.61.176.0/22,"ASN 10796"
70.61.180.0/23,"ASN 10796"
70.61.182.0/24,"ASN 10796"
70.61.184.0/21,"ASN 10796"
70.61.224.0/19,"ASN 10796"
70.62.0.0/19,"ASN 10796"
70.62.32.0/20,"ASN 10796"
70.62.55.0/24,"ASN 10796"
70.62.128.0/18,"ASN 10796"
70.62.192.0/21,"ASN 10796"
70.62.200.0/23,"ASN 10796"
70.62.203.0/24,"ASN 10796"
70.62.204.0/23,"ASN 10796"
70.62.208.0/20,"ASN 10796"
70.62.224.0/19,"ASN 10796"
70.63.0.0/20,"ASN 10796"
70.63.16.0/21,"ASN 10796"
70.63.24.0/22,"ASN 10796"
70.63.28.0/23,"ASN 10796"
70.63.32.0/20,"ASN 10796"
70.63.55.0/24,"ASN 10796"
70.63.56.0/21,"ASN 10796"
70.92.0.0/19,"ASN 10796"
70.92.64.0/18,"ASN 10796"
70.92.128.0/18,"ASN 10796"
70.92.224.0/19,"ASN 10796"
70.94.240.0/20,"ASN 10796"
71.64.0.0/23,"ASN 10796"
71.64.2.0/25,"ASN 10796"
71.64.2.128/30,"ASN 10796"
71.64.2.132/31,"ASN 10796"
71.64.2.134/32,"ASN 10796"
71.64.2.136/29,"ASN 10796"
71.64.2.144/28,"ASN 10796"
71.64.2.160/27,"ASN 10796"
71.64.2.192/26,"ASN 10796"
71.64.3.0/24,"ASN 10796"
71.64.4.0/22,"ASN 10796"
71.64.8.0/21,"ASN 10796"
71.64.16.0/20,"ASN 10796"
71.64.32.0/19,"ASN 10796"
71.64.64.0/18,"ASN 10796"
71.64.128.0/17,"ASN 10796"
71.65.0.0/19,"ASN 10796"
71.65.48.0/20,"ASN 10796"
71.65.64.0/18,"ASN 10796"
71.66.0.0/19,"ASN 10796"
71.66.32.0/20,"ASN 10796"
71.66.48.0/21,"ASN 10796"
71.66.56.0/22,"ASN 10796"
71.66.64.0/18,"ASN 10796"
71.66.128.0/19,"ASN 10796"
71.66.160.0/21,"ASN 10796"
71.66.168.0/22,"ASN 10796"
71.66.172.0/23,"ASN 10796"
71.66.174.0/24,"ASN 10796"
71.66.176.0/20,"ASN 10796"
71.66.192.0/20,"ASN 10796"
71.66.208.0/23,"ASN 10796"
71.66.211.0/24,"ASN 10796"
71.66.212.0/22,"ASN 10796"
71.66.216.0/21,"ASN 10796"
71.66.224.0/19,"ASN 10796"
71.67.0.0/19,"ASN 10796"
71.67.32.0/20,"ASN 10796"
71.67.48.0/21,"ASN 10796"
71.67.56.0/23,"ASN 10796"
71.67.59.0/24,"ASN 10796"
71.67.60.0/22,"ASN 10796"
71.67.64.0/18,"ASN 10796"
71.67.128.0/20,"ASN 10796"
71.67.144.0/21,"ASN 10796"
71.67.152.0/22,"ASN 10796"
71.67.160.0/19,"ASN 10796"
71.67.192.0/20,"ASN 10796"
71.67.208.0/22,"ASN 10796"
71.67.212.0/24,"ASN 10796"
71.67.214.0/23,"ASN 10796"
71.67.216.0/21,"ASN 10796"
71.67.224.0/21,"ASN 10796"
71.67.232.0/24,"ASN 10796"
71.67.234.0/23,"ASN 10796"
71.67.236.0/22,"ASN 10796"
71.67.240.0/20,"ASN 10796"
71.72.0.0/15,"ASN 10796"
71.74.64.0/18,"ASN 10796"
71.74.128.0/19,"ASN 10796"
71.74.192.0/19,"ASN 10796"
71.74.224.0/23,"ASN 10796"
71.74.226.0/25,"ASN 10796"
71.74.226.128/26,"ASN 10796"
71.74.226.192/27,"ASN 10796"
71.74.226.224/28,"ASN 10796"
71.74.226.240/29,"ASN 10796"
71.74.226.249/32,"ASN 10796"
71.74.226.250/31,"ASN 10796"
71.74.226.252/30,"ASN 10796"
71.74.227.0/24,"ASN 10796"
71.74.228.0/22,"ASN 10796"
71.74.232.0/21,"ASN 10796"
71.74.240.0/20,"ASN 10796"
71.79.0.0/16,"ASN 10796"
72.51.132.0/23,"ASN 10796"
72.51.140.0/22,"ASN 10796"
72.51.160.0/19,"ASN 10796"
72.51.192.0/19,"ASN 10796"
72.51.236.0/22,"ASN 10796"
72.51.250.0/23,"ASN 10796"
72.128.64.0/18,"ASN 10796"
72.128.160.0/19,"ASN 10796"
72.128.192.0/18,"ASN 10796"
72.129.128.0/19,"ASN 10796"
72.131.0.0/17,"ASN 10796"
72.131.128.0/18,"ASN 10796"
72.131.240.0/20,"ASN 10796"
72.133.32.0/19,"ASN 10796"
72.133.128.0/18,"ASN 10796"
72.133.192.0/19,"ASN 10796"
72.133.240.0/20,"ASN 10796"
72.135.48.0/20,"ASN 10796"
72.135.80.0/20,"ASN 10796"
72.135.112.0/20,"ASN 10796"
72.135.128.0/17,"ASN 10796"
74.62.68.0/22,"ASN 10796"
74.62.72.0/22,"ASN 10796"
74.62.80.0/21,"ASN 10796"
74.62.88.0/22,"ASN 10796"
74.62.92.0/24,"ASN 10796"
74.62.94.0/23,"ASN 10796"
74.62.96.0/20,"ASN 10796"
74.87.64.0/19,"ASN 10796"
74.87.96.0/21,"ASN 10796"
74.87.112.0/21,"ASN 10796"
74.87.120.0/23,"ASN 10796"
74.87.123.0/24,"ASN 10796"
74.87.124.0/22,"ASN 10796"
74.87.130.0/23,"ASN 10796"
74.87.138.0/23,"ASN 10796"
74.87.150.0/23,"ASN 10796"
74.87.152.0/23,"ASN 10796"
74.87.216.0/22,"ASN 10796"
74.87.224.0/21,"ASN 10796"
74.87.240.0/24,"ASN 10796"
74.87.244.0/24,"ASN 10796"
74.87.247.0/24,"ASN 10796"
74.87.248.0/22,"ASN 10796"
74.87.252.0/23,"ASN 10796"
74.128.0.0/14,"ASN 10796"
74.132.0.0/16,"ASN 10796"
74.133.0.0/19,"ASN 10796"
74.133.32.0/23,"ASN 10796"
74.133.34.0/27,"ASN 10796"
74.133.34.32/28,"ASN 10796"
74.133.34.48/30,"ASN 10796"
74.133.34.52/31,"ASN 10796"
74.133.34.55/32,"ASN 10796"
74.133.34.56/29,"ASN 10796"
74.133.34.64/26,"ASN 10796"
74.133.34.128/25,"ASN 10796"
74.133.35.0/24,"ASN 10796"
74.133.36.0/22,"ASN 10796"
74.133.40.0/21,"ASN 10796"
74.133.48.0/20,"ASN 10796"
74.133.64.0/18,"ASN 10796"
74.133.128.0/17,"ASN 10796"
74.134.0.0/15,"ASN 10796"
74.136.0.0/14,"ASN 10796"
74.140.0.0/15,"ASN 10796"
74.142.0.0/16,"ASN 10796"
74.143.0.0/17,"ASN 10796"
74.143.128.0/20,"ASN 10796"
74.143.144.0/21,"ASN 10796"
74.143.152.0/22,"ASN 10796"
74.143.156.0/23,"ASN 10796"
74.143.158.0/24,"ASN 10796"
74.143.160.0/20,"ASN 10796"
74.143.176.0/22,"ASN 10796"
74.143.181.0/24,"ASN 10796"
74.143.182.0/23,"ASN 10796"
74.143.184.0/21,"ASN 10796"
74.143.192.0/18,"ASN 10796"
74.218.0.0/19,"ASN 10796"
74.218.32.0/22,"ASN 10796"
74.218.36.0/23,"ASN 10796"
74.218.39.0/24,"ASN 10796"
74.218.40.0/21,"ASN 10796"
74.218.48.0/20,"ASN 10796"
74.218.64.0/22,"ASN 10796"
74.218.69.0/24,"ASN 10796"
74.218.70.0/23,"ASN 10796"
74.218.72.0/21,"ASN 10796"
74.218.80.0/20,"ASN 10796"
74.218.96.0/19,"ASN 10796"
74.218.128.0/20,"ASN 10796"
74.218.144.0/24,"ASN 10796"
74.218.146.0/23,"ASN 10796"
74.218.148.0/22,"ASN 10796"
74.218.152.0/21,"ASN 10796"
74.218.199.0/24,"ASN 10796"
74.218.208.0/20,"ASN 10796"
74.219.32.0/19,"ASN 10796"
74.219.66.0/24,"ASN 10796"
74.219.80.0/21,"ASN 10796"
74.219.88.0/22,"ASN 10796"
74.219.92.0/23,"ASN 10796"
74.219.96.0/22,"ASN 10796"
74.219.101.0/24,"ASN 10796"
74.219.103.0/24,"ASN 10796"
74.219.104.0/21,"ASN 10796"
74.219.112.0/20,"ASN 10796"
74.219.128.0/20,"ASN 10796"
74.219.144.0/21,"ASN 10796"
74.219.152.0/23,"ASN 10796"
74.219.155.0/24,"ASN 10796"
74.219.156.0/22,"ASN 10796"
74.219.160.0/21,"ASN 10796"
74.219.172.0/22,"ASN 10796"
74.219.176.0/20,"ASN 10796"
74.219.192.0/18,"ASN 10796"
75.81.192.0/18,"ASN 10796"
75.86.0.0/16,"ASN 10796"
75.87.192.0/19,"ASN 10796"
75.179.0.0/17,"ASN 10796"
75.179.128.0/18,"ASN 10796"
75.180.0.0/17,"ASN 10796"
75.184.96.0/19,"ASN 10796"
75.184.128.0/17,"ASN 10796"
75.185.0.0/16,"ASN 10796"
75.186.0.0/15,"ASN 10796"
75.188.0.0/16,"ASN 10796"
76.11.128.0/22,"ASN 10796"
76.11.148.0/22,"ASN 10796"
76.11.226.0/24,"ASN 10796"
76.11.236.0/23,"ASN 10796"
76.11.248.0/22,"ASN 10796"
76.34.0.0/15,"ASN 10796"
76.39.64.0/18,"ASN 10796"
76.39.192.0/18,"ASN 10796"
76.46.0.0/19,"ASN 10796"
76.54.128.0/17,"ASN 10796"
76.55.0.0/16,"ASN 10796"
76.56.0.0/18,"ASN 10796"
76.56.128.0/19,"ASN 10796"
76.56.192.0/18,"ASN 10796"
76.57.144.0/23,"ASN 10796"
76.57.160.0/20,"ASN 10796"
76.57.192.0/23,"ASN 10796"
76.58.160.0/21,"ASN 10796"
76.58.168.0/22,"ASN 10796"
76.58.173.0/24,"ASN 10796"
76.58.174.0/23,"ASN 10796"
76.58.176.0/20,"ASN 10796"
76.58.232.0/21,"ASN 10796"
76.61.176.0/20,"ASN 10796"
76.61.204.0/22,"ASN 10796"
76.62.140.0/22,"ASN 10796"
76.63.160.0/23,"ASN 10796"
76.63.164.0/24,"ASN 10796"
76.78.122.0/24,"ASN 10796"
76.89.0.0/19,"ASN 10796"
76.92.0.0/18,"ASN 10796"
76.177.0.0/16,"ASN 10796"
76.181.0.0/16,"ASN 10796"
76.182.128.0/19,"ASN 10796"
76.188.0.0/15,"ASN 10796"
76.190.0.0/16,"ASN 10796"
96.11.0.0/18,"ASN 10796"
96.11.64.0/22,"ASN 10796"
96.11.68.0/23,"ASN 10796"
96.11.70.0/24,"ASN 10796"
96.11.72.0/21,"ASN 10796"
96.11.96.0/19,"ASN 10796"
96.11.128.0/19,"ASN 10796"
96.11.160.0/20,"ASN 10796"
96.11.176.0/21,"ASN 10796"
96.11.184.0/22,"ASN 10796"
96.11.189.0/24,"ASN 10796"
96.11.190.0/23,"ASN 10796"
96.11.192.0/19,"ASN 10796"
96.11.224.0/21,"ASN 10796"
96.11.232.0/22,"ASN 10796"
96.11.236.0/23,"ASN 10796"
96.11.238.0/24,"ASN 10796"
96.11.240.0/20,"ASN 10796"
96.28.0.0/15,"ASN 10796"
98.27.64.0/18,"ASN 10796"
98.27.128.0/18,"ASN 10796"
98.27.192.0/19,"ASN 10796"
98.27.224.0/23,"ASN 10796"
98.27.226.0/24,"ASN 10796"
98.27.227.0/25,"ASN 10796"
98.27.227.128/28,"ASN 10796"
98.27.227.144/32,"ASN 10796"
98.27.227.146/31,"ASN 10796"
98.27.227.148/30,"ASN 10796"
98.27.227.152/29,"ASN 10796"
98.27.227.160/27,"ASN 10796"
98.27.227.192/26,"ASN 10796"
98.27.228.0/22,"ASN 10796"
98.27.232.0/21,"ASN 10796"
98.27.240.0/20,"ASN 10796"
98.28.0.0/14,"ASN 10796"
98.100.0.0/20,"ASN 10796"
98.100.24.0/21,"ASN 10796"
98.100.32.0/19,"ASN 10796"
98.100.64.0/20,"ASN 10796"
98.100.81.0/24,"ASN 10796"
98.100.82.0/23,"ASN 10796"
98.100.84.0/22,"ASN 10796"
98.100.88.0/21,"ASN 10796"
98.100.128.0/20,"ASN 10796"
98.100.144.0/22,"ASN 10796"
98.100.148.0/24,"ASN 10796"
98.100.150.0/23,"ASN 10796"
98.100.152.0/21,"ASN 10796"
98.100.160.0/20,"ASN 10796"
98.100.176.0/21,"ASN 10796"
98.100.184.0/22,"ASN 10796"
98.100.188.0/23,"ASN 10796"
98.100.191.0/24,"ASN 10796"
98.100.192.0/20,"ASN 10796"
98.100.209.0/24,"ASN 10796"
98.100.210.0/24,"ASN 10796"
98.100.212.0/22,"ASN 10796"
98.100.216.0/21,"ASN 10796"
98.100.224.0/22,"ASN 10796"
98.100.229.0/24,"ASN 10796"
98.100.230.0/23,"ASN 10796"
98.100.232.0/23,"ASN 10796"
98.100.234.0/24,"ASN 10796"
98.100.236.0/22,"ASN 10796"
98.100.240.0/20,"ASN 10796"
98.102.0.0/17,"ASN 10796"
98.102.128.0/20,"ASN 10796"
98.102.144.0/21,"ASN 10796"
98.102.153.0/24,"ASN 10796"
98.102.154.0/23,"ASN 10796"
98.102.156.0/22,"ASN 10796"
98.102.160.0/21,"ASN 10796"
98.102.168.0/22,"ASN 10796"
98.102.172.0/23,"ASN 10796"
98.102.175.0/24,"ASN 10796"
98.102.176.0/20,"ASN 10796"
98.102.192.0/19,"ASN 10796"
98.102.224.0/20,"ASN 10796"
98.102.240.0/23,"ASN 10796"
98.102.242.0/24,"ASN 10796"
98.102.244.0/22,"ASN 10796"
98.102.248.0/21,"ASN 10796"
98.103.0.0/19,"ASN 10796"
98.103.32.0/21,"ASN 10796"
98.103.40.0/22,"ASN 10796"
98.103.44.0/23,"ASN 10796"
98.103.46.0/24,"ASN 10796"
98.103.48.0/23,"ASN 10796"
98.103.51.0/24,"ASN 10796"
98.103.52.0/22,"ASN 10796"
98.103.56.0/21,"ASN 10796"
98.103.64.0/18,"ASN 10796"
98.103.128.0/19,"ASN 10796"
98.103.160.0/23,"ASN 10796"
98.103.162.0/24,"ASN 10796"
98.103.164.0/22,"ASN 10796"
98.103.168.0/21,"ASN 10796"
98.103.176.0/20,"ASN 10796"
98.103.192.0/18,"ASN 10796"
98.120.109.0/24,"ASN 10796"
98.120.112.0/20,"ASN 10796"
98.120.128.0/17,"ASN 10796"
98.123.0.0/17,"ASN 10796"
98.123.128.0/18,"ASN 10796"
98.123.192.0/19,"ASN 10796"
98.123.224.0/20,"ASN 10796"
98.123.240.0/21,"ASN 10796"
98.123.248.0/22,"ASN 10796"
98.123.253.0/24,"ASN 10796"
98.123.254.0/23,"ASN 10796"
98.144.0.0/16,"ASN 10796"
98.157.32.0/19,"ASN 10796"
98.157.64.0/18,"ASN 10796"
98.157.144.0/20,"ASN 10796"
98.157.192.0/18,"ASN 10796"
104.230.0.0/15,"ASN 10796"
107.8.4.0/23,"ASN 10796"
107.8.7.0/24,"ASN 10796"
107.8.8.0/22,"ASN 10796"
107.9.0.0/18,"ASN 10796"
107.9.128.0/17,"ASN 10796"
107.10.0.0/15,"ASN 10796"
107.14.128.0/19,"ASN 10796"
108.167.80.0/20,"ASN 10796"
108.169.160.0/19,"ASN 10796"
136.175.152.0/22,"ASN 10796"
142.254.144.0/20,"ASN 10796"
142.254.224.0/24,"ASN 10796"
142.254.228.0/23,"ASN 10796"
142.254.232.0/23,"ASN 10796"
147.0.0.0/20,"ASN 10796"
147.0.16.0/21,"ASN 10796"
147.0.24.0/22,"ASN 10796"
147.0.28.0/23,"ASN 10796"
147.0.30.0/24,"ASN 10796"
147.0.32.0/19,"ASN 10796"
147.0.64.0/18,"ASN 10796"
147.0.128.0/17,"ASN 10796"
150.224.236.0/23,"ASN 10796"
150.224.239.0/24,"ASN 10796"
159.56.8.0/22,"ASN 10796"
162.152.0.0/15,"ASN 10796"
162.154.0.0/16,"ASN 10796"
162.155.0.0/19,"ASN 10796"
162.155.32.0/21,"ASN 10796"
162.155.40.0/23,"ASN 10796"
162.155.43.0/24,"ASN 10796"
162.155.44.0/22,"ASN 10796"
162.155.48.0/20,"ASN 10796"
162.155.64.0/18,"ASN 10796"
162.155.128.0/17,"ASN 10796"
168.148.0.0/18,"ASN 10796"
168.250.40.0/22,"ASN 10796"
168.250.44.0/23,"ASN 10796"
168.250.47.0/24,"ASN 10796"
170.151.8.0/22,"ASN 10796"
173.88.0.0/15,"ASN 10796"
173.90.0.0/17,"ASN 10796"
173.90.128.0/18,"ASN 10796"
173.90.192.0/21,"ASN 10796"
173.90.200.0/24,"ASN 10796"
173.90.201.0/25,"ASN 10796"
173.90.201.128/26,"ASN 10796"
173.90.201.192/28,"ASN 10796"
173.90.201.208/29,"ASN 10796"
173.90.201.216/30,"ASN 10796"
173.90.201.220/32,"ASN 10796"
173.90.201.222/31,"ASN 10796"
173.90.201.224/27,"ASN 10796"
173.90.202.0/23,"ASN 10796"
173.90.204.0/22,"ASN 10796"
173.90.208.0/20,"ASN 10796"
173.90.224.0/19,"ASN 10796"
173.91.0.0/16,"ASN 10796"
173.197.128.0/20,"ASN 10796"
173.197.144.0/21,"ASN 10796"
173.197.152.0/22,"ASN 10796"
173.197.156.0/23,"ASN 10796"
173.197.232.0/23,"ASN 10796"
173.197.234.0/24,"ASN 10796"
173.197.236.0/22,"ASN 10796"
173.197.248.0/21,"ASN 10796"
174.96.0.0/15,"ASN 10796"
174.98.0.0/16,"ASN 10796"
174.100.0.0/14,"ASN 10796"
174.104.0.0/15,"ASN 10796"
184.54.0.0/15,"ASN 10796"
184.56.0.0/14,"ASN 10796"
192.23.70.0/24,"ASN 10796"
192.60.64.0/18,"ASN 10796"
192.61.8.0/21,"ASN 10796"
192.61.24.0/21,"ASN 10796"
192.61.42.0/23,"ASN 10796"
192.61.49.0/24,"ASN 10796"
192.61.50.0/24,"ASN 10796"
192.62.216.0/21,"ASN 10796"
192.110.153.0/24,"ASN 10796"
192.149.84.0/24,"ASN 10796"
192.171.0.0/24,"ASN 10796"
192.180.0.0/15,"ASN 10796"
192.206.235.0/24,"ASN 10796"
198.24.96.0/19,"ASN 10796"
198.37.192.0/18,"ASN 10796"
198.199.224.0/24,"ASN 10796"
199.245.208.0/23,"ASN 10796"
204.77.195.0/24,"ASN 10796"
204.210.160.0/20,"ASN 10796"
204.210.192.0/18,"ASN 10796"
205.167.185.0/24,"ASN 10796"
206.83.150.0/24,"ASN 10796"
208.68.184.0/21,"ASN 10796"
209.97.68.0/22,"ASN 10796"
209.97.72.0/23,"ASN 10796"
209.97.76.0/22,"ASN 10796"
2600:5c01::/38,"ASN 10796"
2600:5c01:400::/41,"ASN 10796"
2600:5c01:480::/46,"ASN 10796"
2600:5c01:484::/47,"ASN 10796"
2600:5c01:487::/48,"ASN 10796"
2600:5c01:488::/45,"ASN 10796"
2600:5c01:490::/44,"ASN 10796"
2600:5c01:4a0::/43,"ASN 10796"
2600:5c01:4c0::/42,"ASN 10796"
2600:5c01:500::/40,"ASN 10796"
2600:5c01:600::/39,"ASN 10796"
2600:5c01:800::/38,"ASN 10796"
2600:5c01:c00::/39,"ASN 10796"
2600:5c01:e00::/45,"ASN 10796"
2600:5c01:e08::/47,"ASN 10796"
2600:5c01:e0b::/48,"ASN 10796"
2600:5c01:e0c::/46,"ASN 10796"
2600:5c01:e10::/44,"ASN 10796"
2600:5c01:e20::/43,"ASN 10796"
2600:5c01:e40::/42,"ASN 10796"
2600:5c01:e80::/41,"ASN 10796"
2600:5c01:f00::/40,"ASN 10796"
2600:5c01:1000::/36,"ASN 10796"
2600:5c01:2000::/37,"ASN 10796"
2600:5c01:2800::/38,"ASN 10796"
2600:5c01:2c00::/40,"ASN 10796"
2600:5c01:2d00::/43,"ASN 10796"
2600:5c01:2d20::/44,"ASN 10796"
2600:5c01:2d30::/45,"ASN 10796"
2600:5c01:2d38::/48,"ASN 10796"
2600:5c01:2d3a::/47,"ASN 10796"
2600:5c01:2d3c::/46,"ASN 10796"
2600:5c01:2d40::/42,"ASN 10796"
2600:5c01:2d80::/41,"ASN 10796"
2600:5c01:2e00::/39,"ASN 10796"
2600:5c01:3000::/36,"ASN 10796"
2600:5c01:4000::/34,"ASN 10796"
2600:5c01:8000::/33,"ASN 10796"
2600:6c7f:9280::/44,"ASN 10796"
2600:6c7f:9380::/44,"ASN 10796"
2602:107:4110::/44,"ASN 10796"
2602:107:6200::/40,"ASN 10796"
2602:107:6400::/40,"ASN 10796"
2603:6000::/32,"ASN 10796"
2603:6010::/34,"ASN 10796"
2603:6010:4000::/38,"ASN 10796"
2603:6010:4400::/40,"ASN 10796"
2603:6010:4500::/46,"ASN 10796"
2603:6010:4504::/47,"ASN 10796"
2603:6010:4506::/49,"ASN 10796"
2603:6010:4506:8000::/50,"ASN 10796"
2603:6010:4506:c000::/53,"ASN 10796"
2603:6010:4506:c801::/64,"ASN 10796"
2603:6010:4506:c802::/63,"ASN 10796"
2603:6010:4506:c804::/62,"ASN 10796"
2603:6010:4506:c808::/61,"ASN 10796"
2603:6010:4506:c810::/60,"ASN 10796"
2603:6010:4506:c820::/59,"ASN 10796"
2603:6010:4506:c840::/58,"ASN 10796"
2603:6010:4506:c880::/57,"ASN 10796"
2603:6010:4506:c900::/56,"ASN 10796"
2603:6010:4506:ca00::/55,"ASN 10796"
2603:6010:4506:cc00::/54,"ASN 10796"
2603:6010:4506:d000::/52,"ASN 10796"
2603:6010:4506:e000::/51,"ASN 10796"
2603:6010:4507::/48,"ASN 10796"
2603:6010:4508::/45,"ASN 10796"
2603:6010:4510::/44,"ASN 10796"
2603:6010:4520::/43,"ASN 10796"
2603:6010:4540::/42,"ASN 10796"
2603:6010:4580::/41,"ASN 10796"
2603:6010:4600::/39,"ASN 10796"
2603:6010:4800::/37,"ASN 10796"
2603:6010:5000::/36,"ASN 10796"
2603:6010:6000::/35,"ASN 10796"
2603:6010:8000::/34,"ASN 10796"
2603:6010:c000::/35,"ASN 10796"
2603:6010:e000::/36,"ASN 10796"
2603:6010:f000::/37,"ASN 10796"
2603:6010:f800::/39,"ASN 10796"
2603:6010:fa00::/43,"ASN 10796"
2603:6010:fa20::/46,"ASN 10796"
2603:6010:fa24::/48,"ASN 10796"
2603:6010:fa25::/51,"ASN 10796"
2603:6010:fa25:2000::/52,"ASN 10796"
2603:6010:fa25:3000::/56,"ASN 10796"
2603:6010:fa25:3101::/64,"ASN 10796"
2603:6010:fa25:3102::/63,"ASN 10796"
2603:6010:fa25:3104::/62,"ASN 10796"
2603:6010:fa25:3108::/61,"ASN 10796"
2603:6010:fa25:3110::/60,"ASN 10796"
2603:6010:fa25:3120::/59,"ASN 10796"
2603:6010:fa25:3140::/58,"ASN 10796"
2603:6010:fa25:3180::/57,"ASN 10796"
2603:6010:fa25:3200::/55,"ASN 10796"
2603:6010:fa25:3400::/54,"ASN 10796"
2603:6010:fa25:3800::/53,"ASN 10796"
2603:6010:fa25:4000::/50,"ASN 10796"
2603:6010:fa25:8000::/49,"ASN 10796"
2603:6010:fa26::/47,"ASN 10796"
2603:6010:fa28::/45,"ASN 10796"
2603:6010:fa30::/44,"ASN 10796"
2603:6010:fa40::/42,"ASN 10796"
2603:6010:fa80::/41,"ASN 10796"
2603:6010:fb00::/40,"ASN 10796"
2603:6010:fc00::/38,"ASN 10796"
2603:6011::/32,"ASN 10796"
2603:6012::/31,"ASN 10796"
2603:6014::/30,"ASN 10796"
2603:6018::/29,"ASN 10796"
2603:603d::/32,"ASN 10796"
2605:a000::/36,"ASN 10796"
2605:a000:1000::/37,"ASN 10796"
2605:a000:1800::/38,"ASN 10796"
2605:a000:1c00::/39,"ASN 10796"
2605:a000:1f00::/40,"ASN 10796"
2605:a000:2000::/35,"ASN 10796"
2605:a000:4000::/34,"ASN 10796"
2605:a000:8000::/33,"ASN 10796"
2607:fcc8::/34,"ASN 10796"
2607:fcc8:4000::/36,"ASN 10796"
2607:fcc8:6000::/35,"ASN 10796"
2607:fcc8:8000::/33,"ASN 10796"
