45.157.208.0/24,"ASN 151106"
45.157.211.0/24,"ASN 151106"
103.17.96.0/23,"ASN 151106"
103.17.193.0/24,"ASN 151106"
103.49.128.0/22,"ASN 151106"
103.54.143.0/24,"ASN 151106"
103.72.100.0/22,"ASN 151106"
103.72.194.0/24,"ASN 151106"
103.73.221.0/24,"ASN 151106"
103.112.1.0/24,"ASN 151106"
103.204.20.0/23,"ASN 151106"
103.204.23.0/24,"ASN 151106"
103.204.193.0/24,"ASN 151106"
103.204.194.0/24,"ASN 151106"
103.223.184.0/22,"ASN 151106"
103.227.210.0/23,"ASN 151106"
103.238.128.0/24,"ASN 151106"
103.243.117.0/24,"ASN 151106"
103.243.232.0/24,"ASN 151106"
104.234.82.0/24,"ASN 151106"
104.234.104.0/24,"ASN 151106"
104.234.211.0/24,"ASN 151106"
104.234.215.0/24,"ASN 151106"
172.111.141.0/24,"ASN 151106"
172.111.164.0/24,"ASN 151106"
172.111.195.0/24,"ASN 151106"
2001:df2:bec0::/48,"ASN 151106"
