66.234.112.0/20,"ASN 36374"
67.230.224.0/19,"ASN 36374"
69.42.224.0/19,"ASN 36374"
72.18.118.0/23,"ASN 36374"
147.185.100.0/22,"ASN 36374"
152.65.128.0/19,"ASN 36374"
162.211.40.0/22,"ASN 36374"
162.245.24.0/22,"ASN 36374"
172.110.224.0/20,"ASN 36374"
173.224.32.0/20,"ASN 36374"
192.136.158.0/23,"ASN 36374"
192.210.42.0/23,"ASN 36374"
198.13.76.0/22,"ASN 36374"
199.30.96.0/21,"ASN 36374"
206.183.176.0/20,"ASN 36374"
216.122.100.0/22,"ASN 36374"
216.168.80.0/21,"ASN 36374"
216.168.88.0/22,"ASN 36374"
216.168.92.0/22,"ASN 36203"
2604:4200::/32,"ASN 36374"
