5.83.128.0/24,"ASN 12586"
5.83.130.0/23,"ASN 12586"
5.83.132.0/23,"ASN 12586"
5.83.135.0/24,"ASN 12586"
5.83.136.0/23,"ASN 12586"
5.83.139.0/24,"ASN 12586"
5.83.142.0/23,"ASN 12586"
5.83.156.0/24,"ASN 12586"
5.175.128.0/22,"ASN 12586"
5.175.133.0/24,"ASN 12586"
5.175.143.0/24,"ASN 12586"
5.175.218.0/23,"ASN 12586"
5.175.225.0/24,"ASN 12586"
5.175.226.0/23,"ASN 12586"
5.175.228.0/22,"ASN 12586"
5.175.232.0/24,"ASN 12586"
5.175.235.0/24,"ASN 12586"
5.175.240.0/22,"ASN 12586"
5.175.244.0/24,"ASN 12586"
5.175.251.0/24,"ASN 12586"
5.175.252.0/22,"ASN 12586"
5.230.0.0/22,"ASN 12586"
5.230.4.0/24,"ASN 12586"
5.230.6.0/23,"ASN 12586"
5.230.8.0/24,"ASN 12586"
5.230.10.0/23,"ASN 12586"
5.230.12.0/22,"ASN 12586"
5.230.16.0/20,"ASN 12586"
5.230.32.0/19,"ASN 12586"
5.230.64.0/18,"ASN 12586"
5.230.128.0/19,"ASN 12586"
5.230.160.0/22,"ASN 12586"
5.230.165.0/24,"ASN 12586"
5.230.166.0/23,"ASN 12586"
5.230.168.0/21,"ASN 12586"
5.230.176.0/20,"ASN 12586"
5.230.192.0/21,"ASN 12586"
5.230.200.0/24,"ASN 34899"
5.230.201.0/24,"ASN 12586"
5.230.202.0/23,"ASN 12586"
5.230.204.0/22,"ASN 12586"
5.230.208.0/20,"ASN 12586"
5.230.224.0/19,"ASN 12586"
5.231.0.0/20,"ASN 12586"
5.231.16.0/21,"ASN 12586"
5.231.24.0/24,"ASN 12586"
5.231.27.0/24,"ASN 12586"
5.231.30.0/24,"ASN 12586"
5.231.33.0/24,"ASN 12586"
5.231.34.0/23,"ASN 12586"
5.231.36.0/24,"ASN 12586"
5.231.37.0/24,"ASN 31530"
5.231.38.0/24,"ASN 48039"
5.231.39.0/24,"ASN 34899"
5.231.40.0/23,"ASN 12586"
5.231.42.0/24,"ASN 48835"
5.231.43.0/24,"ASN 12586"
5.231.44.0/24,"ASN 12586"
5.231.48.0/21,"ASN 12586"
5.231.56.0/22,"ASN 12586"
5.231.60.0/24,"ASN 12586"
5.231.62.0/24,"ASN 12586"
5.231.64.0/22,"ASN 12586"
5.231.68.0/24,"ASN 12586"
5.231.76.0/23,"ASN 12586"
5.231.78.0/24,"ASN 12586"
5.231.81.0/24,"ASN 12586"
5.231.83.0/24,"ASN 12586"
5.231.84.0/22,"ASN 12586"
5.231.88.0/22,"ASN 12586"
5.231.94.0/23,"ASN 12586"
5.231.98.0/23,"ASN 12586"
5.231.100.0/22,"ASN 12586"
5.231.104.0/23,"ASN 12586"
5.231.111.0/24,"ASN 12586"
5.231.114.0/23,"ASN 12586"
5.231.125.0/24,"ASN 12586"
5.231.126.0/24,"ASN 12586"
5.231.192.0/21,"ASN 12586"
5.231.200.0/23,"ASN 12586"
5.231.202.0/24,"ASN 12586"
5.231.204.0/22,"ASN 12586"
5.231.208.0/20,"ASN 12586"
5.231.224.0/23,"ASN 12586"
5.231.228.0/23,"ASN 12586"
5.231.231.0/24,"ASN 12586"
5.231.232.0/23,"ASN 12586"
5.231.235.0/24,"ASN 12586"
5.231.236.0/22,"ASN 12586"
5.231.249.0/24,"ASN 12586"
5.231.250.0/23,"ASN 12586"
5.231.255.0/24,"ASN 12586"
45.146.136.0/22,"ASN 12586"
77.90.7.0/24,"ASN 12586"
77.90.21.0/24,"ASN 12586"
77.90.32.0/24,"ASN 12586"
77.90.34.0/24,"ASN 12586"
77.90.47.0/24,"ASN 12586"
77.90.49.0/24,"ASN 12586"
77.90.62.0/23,"ASN 12586"
83.243.80.0/21,"ASN 12586"
85.93.0.0/24,"ASN 197549"
85.93.3.0/24,"ASN 197549"
85.93.4.0/24,"ASN 197549"
85.93.7.0/24,"ASN 197549"
85.93.11.0/24,"ASN 197549"
85.93.12.0/24,"ASN 12586"
85.93.13.0/24,"ASN 197549"
85.93.14.0/24,"ASN 197549"
85.93.15.0/24,"ASN 12586"
85.93.16.0/22,"ASN 197549"
85.93.24.0/22,"ASN 197549"
85.93.28.0/23,"ASN 197549"
85.93.30.0/24,"ASN 197549"
85.118.160.0/23,"ASN 12586"
85.118.163.0/24,"ASN 12586"
85.118.164.0/22,"ASN 12586"
87.239.128.0/23,"ASN 12586"
87.239.132.0/22,"ASN 12586"
89.106.64.0/22,"ASN 12586"
89.106.68.0/24,"ASN 12586"
89.106.70.0/24,"ASN 12586"
89.106.72.0/21,"ASN 12586"
89.106.80.0/21,"ASN 12586"
89.106.89.0/24,"ASN 12586"
89.106.91.0/24,"ASN 12586"
89.106.94.0/24,"ASN 12586"
89.144.0.0/23,"ASN 197549"
89.144.3.0/24,"ASN 197549"
89.144.4.0/24,"ASN 197549"
89.144.6.0/24,"ASN 197549"
89.144.7.0/24,"ASN 12586"
89.144.9.0/24,"ASN 197549"
89.144.11.0/24,"ASN 197549"
89.144.12.0/23,"ASN 197549"
89.144.17.0/24,"ASN 197549"
89.144.18.0/23,"ASN 197549"
89.144.21.0/24,"ASN 12586"
89.144.23.0/24,"ASN 197549"
89.144.24.0/24,"ASN 197549"
89.144.26.0/23,"ASN 197549"
89.144.28.0/23,"ASN 197549"
89.144.36.0/24,"ASN 197549"
89.144.38.0/24,"ASN 12586"
89.144.45.0/24,"ASN 197549"
89.144.47.0/24,"ASN 12586"
89.144.48.0/22,"ASN 12586"
89.144.52.0/24,"ASN 12586"
89.144.55.0/24,"ASN 197549"
89.144.56.0/23,"ASN 197549"
89.144.59.0/24,"ASN 12586"
89.144.60.0/24,"ASN 197549"
91.199.8.0/24,"ASN 12586"
93.157.48.0/21,"ASN 12586"
94.103.160.0/23,"ASN 12586"
94.103.162.0/24,"ASN 12586"
94.103.165.0/24,"ASN 12586"
94.103.175.0/24,"ASN 12586"
94.249.128.0/21,"ASN 12586"
94.249.136.0/23,"ASN 12586"
94.249.139.0/24,"ASN 12586"
94.249.140.0/22,"ASN 12586"
94.249.144.0/22,"ASN 12586"
94.249.149.0/24,"ASN 12586"
94.249.152.0/24,"ASN 12586"
94.249.154.0/23,"ASN 12586"
94.249.156.0/23,"ASN 12586"
94.249.159.0/24,"ASN 12586"
94.249.160.0/21,"ASN 12586"
94.249.171.0/24,"ASN 12586"
94.249.172.0/22,"ASN 12586"
94.249.176.0/21,"ASN 12586"
94.249.184.0/23,"ASN 12586"
94.249.186.0/24,"ASN 12586"
94.249.190.0/23,"ASN 12586"
94.249.192.0/24,"ASN 12586"
94.249.194.0/24,"ASN 12586"
94.249.196.0/24,"ASN 12586"
94.249.208.0/22,"ASN 12586"
94.249.212.0/23,"ASN 12586"
94.249.214.0/24,"ASN 12586"
94.249.216.0/23,"ASN 12586"
94.249.218.0/23,"ASN 197549"
94.249.220.0/23,"ASN 12586"
94.249.222.0/23,"ASN 197549"
94.249.224.0/24,"ASN 12586"
94.249.233.0/24,"ASN 12586"
94.249.234.0/23,"ASN 12586"
94.249.236.0/24,"ASN 12586"
94.249.238.0/23,"ASN 12586"
94.249.240.0/23,"ASN 12586"
94.249.242.0/24,"ASN 12586"
94.249.253.0/24,"ASN 12586"
94.249.254.0/23,"ASN 12586"
95.215.33.0/24,"ASN 12586"
95.215.35.0/24,"ASN 12586"
178.18.145.0/24,"ASN 12586"
178.18.146.0/24,"ASN 12586"
178.18.150.0/23,"ASN 12586"
178.18.156.0/22,"ASN 12586"
185.13.158.0/23,"ASN 12586"
185.47.140.0/24,"ASN 12586"
185.121.71.0/24,"ASN 12586"
193.26.24.0/24,"ASN 12586"
193.28.251.0/24,"ASN 12586"
193.84.20.0/24,"ASN 12586"
193.238.124.0/22,"ASN 12586"
194.60.68.0/24,"ASN 12586"
194.146.144.0/22,"ASN 12586"
195.95.219.0/24,"ASN 12586"
195.162.4.0/23,"ASN 12586"
217.69.160.0/22,"ASN 12586"
217.69.164.0/23,"ASN 12586"
217.69.167.0/24,"ASN 12586"
217.69.168.0/22,"ASN 12586"
217.69.172.0/23,"ASN 12586"
217.69.174.0/24,"ASN 12586"
217.69.175.0/24,"ASN 197549"
2a00:12d8::/29,"ASN 12586"
2a00:19d0::/29,"ASN 12586"
2a00:cdc0::/32,"ASN 12586"
2a01:bd40::/29,"ASN 12586"
2a02:7a0::/29,"ASN 12586"
2a02:2fc0::/29,"ASN 12586"
2a0f:3000::/29,"ASN 12586"
2a14:4040::/32,"ASN 12586"
