170.82.112.0/22,"ASN 264836"
2800:2a0:4003::/48,"ASN 264836"
2803:c2c0::/45,"ASN 264836"
2803:c2c0:8::/46,"ASN 264836"
2803:c2c0:d::/48,"ASN 264836"
2803:c2c0:e::/47,"ASN 264836"
2803:c2c0:10::/44,"ASN 264836"
2803:c2c0:20::/43,"ASN 264836"
2803:c2c0:40::/42,"ASN 264836"
2803:c2c0:80::/41,"ASN 264836"
2803:c2c0:100::/40,"ASN 264836"
2803:c2c0:200::/39,"ASN 264836"
2803:c2c0:400::/38,"ASN 264836"
2803:c2c0:800::/37,"ASN 264836"
2803:c2c0:1000::/36,"ASN 264836"
2803:c2c0:2000::/35,"ASN 264836"
2803:c2c0:4000::/34,"ASN 264836"
2803:c2c0:8000::/33,"ASN 264836"
