6.16.66.0/23,"ASN 367"
6.16.68.0/22,"ASN 367"
6.16.72.0/23,"ASN 367"
6.16.80.0/23,"ASN 367"
6.16.90.0/23,"ASN 367"
6.16.92.0/22,"ASN 367"
6.16.96.0/23,"ASN 367"
6.16.100.0/22,"ASN 367"
6.16.104.0/22,"ASN 367"
6.16.108.0/23,"ASN 367"
6.16.203.0/24,"ASN 367"
6.17.88.0/21,"ASN 367"
6.41.0.0/16,"ASN 367"
6.42.64.0/18,"ASN 367"
6.42.192.0/19,"ASN 367"
6.42.224.0/21,"ASN 367"
6.42.232.0/22,"ASN 367"
6.42.243.0/24,"ASN 367"
6.42.244.0/22,"ASN 367"
6.44.0.0/17,"ASN 367"
6.44.128.0/18,"ASN 367"
6.44.197.0/24,"ASN 367"
6.46.72.0/21,"ASN 367"
6.46.80.0/21,"ASN 367"
6.48.8.0/21,"ASN 367"
6.48.48.0/21,"ASN 367"
6.48.64.0/18,"ASN 367"
6.48.128.0/20,"ASN 367"
6.48.160.0/19,"ASN 367"
6.48.192.0/18,"ASN 367"
6.49.0.0/20,"ASN 367"
6.49.32.0/19,"ASN 367"
6.49.64.0/20,"ASN 367"
6.49.80.0/21,"ASN 367"
6.49.88.0/22,"ASN 367"
6.49.96.0/20,"ASN 367"
6.49.112.0/22,"ASN 367"
6.49.120.0/21,"ASN 367"
6.49.128.0/18,"ASN 367"
6.49.192.0/19,"ASN 367"
6.49.224.0/20,"ASN 367"
6.50.0.0/20,"ASN 367"
6.50.28.0/22,"ASN 367"
6.50.32.0/22,"ASN 367"
6.50.40.0/22,"ASN 367"
6.50.64.0/18,"ASN 367"
6.50.128.0/19,"ASN 367"
6.50.192.0/18,"ASN 367"
6.51.8.0/21,"ASN 367"
6.51.16.0/21,"ASN 367"
6.51.32.0/20,"ASN 367"
6.51.64.0/19,"ASN 367"
6.51.128.0/18,"ASN 367"
6.51.192.0/22,"ASN 367"
6.51.200.0/21,"ASN 367"
6.64.104.0/24,"ASN 367"
6.64.120.0/24,"ASN 367"
6.64.128.0/22,"ASN 367"
6.64.138.0/23,"ASN 367"
6.64.146.0/24,"ASN 367"
6.64.148.0/24,"ASN 367"
6.64.150.0/23,"ASN 367"
6.64.152.0/24,"ASN 367"
6.64.157.0/24,"ASN 367"
6.64.159.0/24,"ASN 367"
6.64.161.0/24,"ASN 367"
6.64.162.0/23,"ASN 367"
6.64.164.0/23,"ASN 367"
6.64.166.0/24,"ASN 367"
6.65.4.0/24,"ASN 367"
6.65.6.0/24,"ASN 367"
6.65.8.0/22,"ASN 367"
6.65.16.0/24,"ASN 367"
6.65.20.0/22,"ASN 367"
6.65.26.0/23,"ASN 367"
6.65.34.0/23,"ASN 367"
6.65.36.0/22,"ASN 367"
6.65.40.0/24,"ASN 367"
6.65.44.0/22,"ASN 367"
6.65.48.0/22,"ASN 367"
6.65.58.0/23,"ASN 367"
6.65.130.0/23,"ASN 367"
6.65.132.0/22,"ASN 367"
6.65.136.0/21,"ASN 367"
6.65.144.0/20,"ASN 367"
6.65.160.0/20,"ASN 367"
6.65.176.0/21,"ASN 367"
6.65.184.0/22,"ASN 367"
6.66.2.0/23,"ASN 367"
6.66.4.0/22,"ASN 367"
6.66.8.0/21,"ASN 367"
6.66.16.0/22,"ASN 367"
6.66.20.0/24,"ASN 367"
6.66.22.0/23,"ASN 367"
6.66.24.0/21,"ASN 367"
6.66.32.0/21,"ASN 367"
6.66.40.0/22,"ASN 367"
6.66.56.0/21,"ASN 367"
6.66.64.0/24,"ASN 367"
6.66.66.0/23,"ASN 367"
6.66.68.0/22,"ASN 367"
6.66.72.0/21,"ASN 367"
6.66.80.0/20,"ASN 367"
6.66.96.0/19,"ASN 367"
6.66.136.0/23,"ASN 367"
6.66.160.0/20,"ASN 367"
6.66.176.0/21,"ASN 367"
6.66.186.0/23,"ASN 367"
6.66.188.0/22,"ASN 367"
6.66.224.0/22,"ASN 367"
6.66.228.0/24,"ASN 367"
6.66.230.0/23,"ASN 367"
6.66.232.0/22,"ASN 367"
6.66.236.0/24,"ASN 367"
6.66.238.0/23,"ASN 367"
6.67.32.0/23,"ASN 367"
6.67.35.0/24,"ASN 367"
6.67.36.0/24,"ASN 367"
6.68.0.0/16,"ASN 367"
6.70.1.0/24,"ASN 367"
6.70.2.0/23,"ASN 367"
6.70.9.0/24,"ASN 367"
6.70.10.0/23,"ASN 367"
6.70.34.0/23,"ASN 367"
6.70.36.0/22,"ASN 367"
6.70.40.0/22,"ASN 367"
6.70.46.0/23,"ASN 367"
6.70.48.0/21,"ASN 367"
6.70.66.0/23,"ASN 367"
6.70.68.0/22,"ASN 367"
6.70.72.0/21,"ASN 367"
6.70.80.0/20,"ASN 367"
6.70.96.0/19,"ASN 367"
6.70.130.0/23,"ASN 367"
6.70.132.0/22,"ASN 367"
6.70.136.0/21,"ASN 367"
6.70.144.0/20,"ASN 367"
6.70.160.0/19,"ASN 367"
6.71.192.0/19,"ASN 367"
6.71.224.0/21,"ASN 367"
6.72.0.0/20,"ASN 367"
6.72.128.0/19,"ASN 367"
6.72.160.0/21,"ASN 367"
6.72.168.0/23,"ASN 367"
6.72.172.0/23,"ASN 367"
6.72.200.0/22,"ASN 367"
6.72.204.0/23,"ASN 367"
6.72.224.0/21,"ASN 367"
6.72.232.0/22,"ASN 367"
6.72.254.0/23,"ASN 367"
6.73.224.0/20,"ASN 367"
6.73.240.0/21,"ASN 367"
6.73.248.0/22,"ASN 367"
6.73.252.0/23,"ASN 367"
6.75.80.0/23,"ASN 367"
6.75.98.0/23,"ASN 367"
6.75.100.0/23,"ASN 367"
6.77.44.0/22,"ASN 367"
6.77.48.0/22,"ASN 367"
6.77.54.0/23,"ASN 367"
6.77.56.0/21,"ASN 367"
6.77.64.0/21,"ASN 367"
6.80.16.0/20,"ASN 367"
6.80.128.0/17,"ASN 367"
6.126.16.0/24,"ASN 367"
6.129.32.0/19,"ASN 367"
6.130.28.0/23,"ASN 367"
6.130.30.0/24,"ASN 367"
6.131.144.0/21,"ASN 367"
6.131.156.0/22,"ASN 367"
6.133.69.0/24,"ASN 367"
6.240.0.0/15,"ASN 367"
6.242.0.0/16,"ASN 367"
6.243.0.0/17,"ASN 367"
6.243.128.0/18,"ASN 367"
6.243.192.0/19,"ASN 367"
6.243.224.0/21,"ASN 367"
6.243.232.0/23,"ASN 367"
6.243.235.0/24,"ASN 367"
6.243.236.0/22,"ASN 367"
6.243.240.0/20,"ASN 367"
6.244.0.0/14,"ASN 367"
6.248.0.0/13,"ASN 367"
55.1.0.0/16,"ASN 359"
55.2.0.0/16,"ASN 344"
55.3.0.0/16,"ASN 345"
55.4.0.0/16,"ASN 350"
55.5.20.0/23,"ASN 360"
55.5.241.0/24,"ASN 360"
55.5.242.0/23,"ASN 360"
55.5.245.0/24,"ASN 360"
55.5.246.0/24,"ASN 360"
55.5.248.0/24,"ASN 360"
55.6.0.0/16,"ASN 361"
55.7.0.0/16,"ASN 362"
55.8.0.0/16,"ASN 316"
55.10.0.0/16,"ASN 306"
55.11.0.0/16,"ASN 317"
55.13.0.0/16,"ASN 346"
55.15.0.0/16,"ASN 306"
55.16.0.0/16,"ASN 364"
55.17.0.0/16,"ASN 306"
55.18.0.0/16,"ASN 365"
55.19.0.0/16,"ASN 331"
55.22.0.0/18,"ASN 348"
55.22.64.0/22,"ASN 348"
55.22.68.0/24,"ASN 348"
55.22.69.0/24,"ASN 306"
55.22.70.0/23,"ASN 348"
55.22.72.0/21,"ASN 348"
55.22.80.0/20,"ASN 348"
55.22.96.0/19,"ASN 348"
55.22.128.0/20,"ASN 348"
55.22.145.0/24,"ASN 348"
55.22.146.0/23,"ASN 348"
55.22.148.0/22,"ASN 348"
55.22.152.0/21,"ASN 348"
55.22.160.0/19,"ASN 348"
55.22.192.0/18,"ASN 348"
55.23.0.0/16,"ASN 349"
55.24.0.0/16,"ASN 321"
55.25.0.0/22,"ASN 320"
55.25.4.0/24,"ASN 320"
55.25.5.0/24,"ASN 306"
55.25.6.0/23,"ASN 320"
55.25.8.0/21,"ASN 320"
55.25.16.0/20,"ASN 320"
55.25.32.0/19,"ASN 320"
55.25.64.0/18,"ASN 320"
55.25.128.0/17,"ASN 320"
55.26.0.0/16,"ASN 319"
55.27.0.0/19,"ASN 306"
55.27.32.0/21,"ASN 306"
55.27.40.0/22,"ASN 306"
55.27.44.0/24,"ASN 335"
55.27.45.0/24,"ASN 306"
55.27.46.0/23,"ASN 306"
55.27.48.0/24,"ASN 335"
55.27.49.0/24,"ASN 306"
55.27.50.0/23,"ASN 306"
55.27.52.0/24,"ASN 335"
55.27.53.0/24,"ASN 306"
55.27.54.0/24,"ASN 335"
55.27.55.0/24,"ASN 306"
55.27.56.0/24,"ASN 335"
55.27.57.0/24,"ASN 306"
55.27.58.0/24,"ASN 335"
55.27.59.0/24,"ASN 306"
55.27.60.0/22,"ASN 306"
55.27.64.0/24,"ASN 335"
55.27.65.0/24,"ASN 306"
55.27.66.0/24,"ASN 335"
55.27.67.0/24,"ASN 306"
55.27.68.0/24,"ASN 335"
55.27.69.0/24,"ASN 306"
55.27.70.0/24,"ASN 335"
55.27.71.0/24,"ASN 306"
55.27.72.0/24,"ASN 335"
55.27.73.0/24,"ASN 306"
55.27.74.0/24,"ASN 335"
55.27.75.0/24,"ASN 306"
55.27.76.0/24,"ASN 335"
55.27.77.0/24,"ASN 306"
55.27.78.0/24,"ASN 335"
55.27.79.0/24,"ASN 306"
55.27.80.0/24,"ASN 335"
55.27.81.0/24,"ASN 306"
55.27.82.0/24,"ASN 335"
55.27.83.0/24,"ASN 306"
55.27.84.0/24,"ASN 335"
55.27.85.0/24,"ASN 306"
55.27.86.0/23,"ASN 306"
55.27.88.0/23,"ASN 306"
55.27.90.0/24,"ASN 335"
55.27.91.0/24,"ASN 306"
55.27.92.0/23,"ASN 306"
55.27.94.0/24,"ASN 335"
55.27.95.0/24,"ASN 306"
55.27.96.0/24,"ASN 335"
55.27.97.0/24,"ASN 306"
55.27.98.0/23,"ASN 306"
55.27.100.0/24,"ASN 335"
55.27.101.0/24,"ASN 306"
55.27.102.0/23,"ASN 306"
55.27.104.0/24,"ASN 335"
55.27.105.0/24,"ASN 306"
55.27.106.0/23,"ASN 306"
55.27.108.0/24,"ASN 335"
55.27.109.0/24,"ASN 306"
55.27.110.0/23,"ASN 306"
55.27.112.0/24,"ASN 335"
55.27.113.0/24,"ASN 306"
55.27.114.0/23,"ASN 306"
55.27.116.0/24,"ASN 335"
55.27.117.0/24,"ASN 306"
55.27.118.0/24,"ASN 335"
55.27.119.0/24,"ASN 306"
55.27.120.0/24,"ASN 335"
55.27.121.0/24,"ASN 306"
55.27.122.0/23,"ASN 306"
55.27.124.0/24,"ASN 335"
55.27.125.0/24,"ASN 306"
55.27.126.0/23,"ASN 306"
55.27.128.0/24,"ASN 335"
55.27.129.0/24,"ASN 306"
55.27.130.0/23,"ASN 306"
55.27.132.0/22,"ASN 306"
55.27.136.0/21,"ASN 306"
55.27.144.0/23,"ASN 306"
55.27.146.0/24,"ASN 335"
55.27.147.0/24,"ASN 306"
55.27.148.0/24,"ASN 335"
55.27.149.0/24,"ASN 306"
55.27.150.0/23,"ASN 306"
55.27.152.0/24,"ASN 335"
55.27.153.0/24,"ASN 306"
55.27.154.0/23,"ASN 306"
55.27.156.0/24,"ASN 335"
55.27.157.0/24,"ASN 306"
55.27.158.0/23,"ASN 306"
55.27.160.0/24,"ASN 335"
55.27.161.0/24,"ASN 306"
55.27.162.0/23,"ASN 306"
55.27.164.0/23,"ASN 306"
55.27.166.0/24,"ASN 335"
55.27.167.0/24,"ASN 306"
55.27.168.0/24,"ASN 335"
55.27.169.0/24,"ASN 306"
55.27.170.0/24,"ASN 335"
55.27.171.0/24,"ASN 306"
55.27.172.0/24,"ASN 335"
55.27.173.0/24,"ASN 306"
55.27.174.0/23,"ASN 306"
55.27.176.0/24,"ASN 335"
55.27.177.0/24,"ASN 306"
55.27.178.0/23,"ASN 306"
55.27.180.0/22,"ASN 306"
55.27.184.0/21,"ASN 306"
55.27.192.0/24,"ASN 335"
55.27.193.0/24,"ASN 306"
55.27.194.0/23,"ASN 306"
55.27.196.0/22,"ASN 306"
55.27.200.0/21,"ASN 335"
55.27.208.0/23,"ASN 335"
55.27.210.0/24,"ASN 306"
55.27.211.0/24,"ASN 335"
55.27.212.0/22,"ASN 335"
55.27.216.0/21,"ASN 335"
55.27.224.0/19,"ASN 306"
55.28.0.0/16,"ASN 336"
55.30.0.0/16,"ASN 350"
55.32.0.0/16,"ASN 352"
55.34.0.0/16,"ASN 338"
55.35.0.0/16,"ASN 322"
55.36.0.0/16,"ASN 323"
55.37.0.0/16,"ASN 351"
55.38.0.0/16,"ASN 306"
55.39.0.0/16,"ASN 324"
55.40.0.0/16,"ASN 340"
55.41.0.0/16,"ASN 353"
55.43.0.0/16,"ASN 325"
55.44.0.0/16,"ASN 306"
55.45.0.0/16,"ASN 327"
55.46.0.0/16,"ASN 355"
55.47.0.0/16,"ASN 341"
55.48.0.0/16,"ASN 356"
55.49.0.0/16,"ASN 357"
55.50.0.0/16,"ASN 369"
55.51.0.0/16,"ASN 306"
55.52.0.0/16,"ASN 358"
55.53.0.0/16,"ASN 328"
55.54.0.0/16,"ASN 370"
55.55.0.0/16,"ASN 343"
55.56.0.0/16,"ASN 342"
55.58.0.0/16,"ASN 360"
55.59.0.0/16,"ASN 361"
55.60.0.0/16,"ASN 362"
55.61.0.0/16,"ASN 306"
55.62.0.0/16,"ASN 361"
55.63.0.0/16,"ASN 306"
55.64.0.0/16,"ASN 347"
55.65.0.0/16,"ASN 331"
55.67.0.0/19,"ASN 306"
55.67.32.0/22,"ASN 306"
55.67.36.0/24,"ASN 306"
55.67.37.0/24,"ASN 335"
55.67.38.0/23,"ASN 335"
55.67.40.0/24,"ASN 335"
55.67.41.0/24,"ASN 306"
55.67.42.0/23,"ASN 306"
55.67.44.0/24,"ASN 335"
55.67.45.0/24,"ASN 306"
55.67.46.0/23,"ASN 306"
55.67.48.0/24,"ASN 335"
55.67.49.0/24,"ASN 306"
55.67.50.0/23,"ASN 306"
55.67.52.0/24,"ASN 335"
55.67.53.0/24,"ASN 306"
55.67.54.0/24,"ASN 335"
55.67.55.0/24,"ASN 306"
55.67.56.0/24,"ASN 335"
55.67.57.0/24,"ASN 306"
55.67.58.0/24,"ASN 335"
55.67.59.0/24,"ASN 306"
55.67.60.0/22,"ASN 306"
55.67.64.0/24,"ASN 335"
55.67.65.0/24,"ASN 306"
55.67.66.0/24,"ASN 335"
55.67.67.0/24,"ASN 306"
55.67.68.0/24,"ASN 335"
55.67.69.0/24,"ASN 306"
55.67.70.0/24,"ASN 335"
55.67.71.0/24,"ASN 306"
55.67.72.0/24,"ASN 335"
55.67.73.0/24,"ASN 306"
55.67.74.0/24,"ASN 335"
55.67.75.0/24,"ASN 306"
55.67.76.0/24,"ASN 335"
55.67.77.0/24,"ASN 306"
55.67.78.0/24,"ASN 335"
55.67.79.0/24,"ASN 306"
55.67.80.0/24,"ASN 335"
55.67.81.0/24,"ASN 306"
55.67.82.0/24,"ASN 335"
55.67.83.0/24,"ASN 306"
55.67.84.0/24,"ASN 335"
55.67.85.0/24,"ASN 306"
55.67.86.0/23,"ASN 306"
55.67.88.0/23,"ASN 306"
55.67.90.0/24,"ASN 335"
55.67.91.0/24,"ASN 306"
55.67.92.0/23,"ASN 306"
55.67.94.0/24,"ASN 335"
55.67.95.0/24,"ASN 306"
55.67.96.0/24,"ASN 335"
55.67.97.0/24,"ASN 306"
55.67.98.0/23,"ASN 306"
55.67.100.0/24,"ASN 335"
55.67.101.0/24,"ASN 306"
55.67.102.0/23,"ASN 306"
55.67.104.0/24,"ASN 335"
55.67.105.0/24,"ASN 306"
55.67.106.0/23,"ASN 306"
55.67.108.0/24,"ASN 335"
55.67.109.0/24,"ASN 306"
55.67.110.0/23,"ASN 306"
55.67.112.0/24,"ASN 335"
55.67.113.0/24,"ASN 306"
55.67.114.0/23,"ASN 306"
55.67.116.0/24,"ASN 335"
55.67.117.0/24,"ASN 306"
55.67.118.0/24,"ASN 335"
55.67.119.0/24,"ASN 306"
55.67.120.0/24,"ASN 335"
55.67.121.0/24,"ASN 306"
55.67.122.0/23,"ASN 306"
55.67.124.0/24,"ASN 335"
55.67.125.0/24,"ASN 306"
55.67.126.0/23,"ASN 306"
55.67.128.0/21,"ASN 306"
55.67.136.0/22,"ASN 306"
55.67.140.0/23,"ASN 306"
55.67.142.0/24,"ASN 306"
55.67.143.0/24,"ASN 335"
55.67.144.0/23,"ASN 306"
55.67.146.0/24,"ASN 335"
55.67.147.0/24,"ASN 306"
55.67.148.0/24,"ASN 335"
55.67.149.0/24,"ASN 306"
55.67.150.0/23,"ASN 306"
55.67.152.0/24,"ASN 335"
55.67.153.0/24,"ASN 306"
55.67.154.0/23,"ASN 306"
55.67.156.0/24,"ASN 335"
55.67.157.0/24,"ASN 306"
55.67.158.0/23,"ASN 306"
55.67.160.0/24,"ASN 335"
55.67.161.0/24,"ASN 306"
55.67.162.0/23,"ASN 306"
55.67.164.0/23,"ASN 306"
55.67.166.0/24,"ASN 335"
55.67.167.0/24,"ASN 306"
55.67.168.0/24,"ASN 335"
55.67.169.0/24,"ASN 306"
55.67.170.0/24,"ASN 335"
55.67.171.0/24,"ASN 306"
55.67.172.0/24,"ASN 335"
55.67.173.0/24,"ASN 306"
55.67.174.0/23,"ASN 306"
55.67.176.0/24,"ASN 335"
55.67.177.0/24,"ASN 306"
55.67.178.0/23,"ASN 306"
55.67.180.0/22,"ASN 306"
55.67.184.0/21,"ASN 306"
55.67.192.0/21,"ASN 306"
55.67.200.0/22,"ASN 306"
55.67.204.0/23,"ASN 306"
55.67.206.0/24,"ASN 306"
55.67.207.0/24,"ASN 335"
55.67.208.0/24,"ASN 335"
55.67.209.0/24,"ASN 306"
55.67.210.0/23,"ASN 306"
55.67.212.0/22,"ASN 306"
55.67.216.0/22,"ASN 306"
55.67.220.0/22,"ASN 335"
55.67.224.0/19,"ASN 306"
55.68.0.0/16,"ASN 306"
55.69.0.0/16,"ASN 365"
55.70.0.0/16,"ASN 331"
55.72.0.0/16,"ASN 334"
55.73.0.0/16,"ASN 340"
55.74.0.0/16,"ASN 335"
55.75.0.0/16,"ASN 336"
55.76.0.0/16,"ASN 357"
55.77.0.0/17,"ASN 357"
55.77.128.0/18,"ASN 357"
55.77.192.0/19,"ASN 357"
55.77.224.0/20,"ASN 357"
55.77.248.0/21,"ASN 357"
55.78.0.0/17,"ASN 306"
55.78.128.0/18,"ASN 306"
55.78.192.0/20,"ASN 306"
55.78.208.0/21,"ASN 306"
55.78.216.0/22,"ASN 306"
55.78.220.0/24,"ASN 306"
55.78.221.0/24,"ASN 329"
55.78.222.0/23,"ASN 306"
55.78.224.0/19,"ASN 306"
55.79.0.0/16,"ASN 370"
55.82.5.0/24,"ASN 366"
55.82.10.0/24,"ASN 366"
55.82.20.0/24,"ASN 366"
55.82.53.0/24,"ASN 366"
55.82.128.0/23,"ASN 366"
55.82.132.0/22,"ASN 366"
55.82.136.0/22,"ASN 366"
55.82.146.0/23,"ASN 366"
55.82.148.0/22,"ASN 366"
55.82.160.0/24,"ASN 366"
55.82.200.0/24,"ASN 366"
55.82.234.0/24,"ASN 366"
55.82.245.0/24,"ASN 366"
55.82.253.0/24,"ASN 366"
55.83.0.0/16,"ASN 339"
55.84.0.0/16,"ASN 351"
55.85.0.0/16,"ASN 306"
55.86.0.0/23,"ASN 340"
55.86.2.0/24,"ASN 306"
55.86.3.0/24,"ASN 340"
55.86.4.0/22,"ASN 340"
55.86.8.0/21,"ASN 340"
55.86.16.0/20,"ASN 340"
55.86.32.0/19,"ASN 340"
55.86.64.0/18,"ASN 340"
55.86.128.0/17,"ASN 340"
55.87.0.0/16,"ASN 368"
55.88.0.0/16,"ASN 341"
55.89.0.0/16,"ASN 356"
55.90.0.0/16,"ASN 357"
55.91.0.0/16,"ASN 369"
55.92.0.0/16,"ASN 329"
55.93.0.0/16,"ASN 370"
55.94.0.0/16,"ASN 343"
55.95.0.0/16,"ASN 371"
55.96.0.0/15,"ASN 361"
55.98.0.0/15,"ASN 357"
55.179.30.0/24,"ASN 367"
55.179.96.0/24,"ASN 367"
55.179.130.0/24,"ASN 367"
55.179.144.0/23,"ASN 367"
55.179.191.0/24,"ASN 367"
55.179.192.0/22,"ASN 367"
55.179.196.0/24,"ASN 367"
55.179.230.0/23,"ASN 367"
55.179.232.0/22,"ASN 367"
55.179.236.0/24,"ASN 367"
55.188.0.0/16,"ASN 337"
55.189.0.0/19,"ASN 326"
55.189.32.0/22,"ASN 326"
55.189.36.0/24,"ASN 326"
55.189.40.0/21,"ASN 326"
55.189.58.0/23,"ASN 326"
55.189.64.0/20,"ASN 326"
55.189.180.0/24,"ASN 326"
55.190.2.0/23,"ASN 326"
55.190.7.0/24,"ASN 326"
55.190.8.0/23,"ASN 326"
55.190.10.0/24,"ASN 326"
55.190.80.0/24,"ASN 326"
55.190.82.0/24,"ASN 326"
55.190.84.0/23,"ASN 326"
55.190.88.0/24,"ASN 326"
55.190.200.0/24,"ASN 326"
55.190.254.0/24,"ASN 326"
55.191.0.0/16,"ASN 325"
55.194.0.0/16,"ASN 306"
55.195.0.0/16,"ASN 307"
55.196.0.0/16,"ASN 367"
55.209.100.0/24,"ASN 367"
55.209.200.0/23,"ASN 367"
55.209.202.0/24,"ASN 367"
55.224.1.0/24,"ASN 326"
55.224.7.0/24,"ASN 326"
55.224.8.0/24,"ASN 326"
55.224.12.0/22,"ASN 326"
55.224.16.0/20,"ASN 326"
55.224.64.0/20,"ASN 326"
55.224.80.0/24,"ASN 326"
55.224.82.0/24,"ASN 326"
55.224.86.0/24,"ASN 326"
55.224.88.0/24,"ASN 326"
55.224.96.0/24,"ASN 326"
55.224.98.0/24,"ASN 326"
55.224.103.0/24,"ASN 326"
128.44.62.0/23,"ASN 367"
128.190.0.0/16,"ASN 367"
129.29.0.0/16,"ASN 367"
129.51.3.0/24,"ASN 367"
129.51.5.0/24,"ASN 367"
129.51.100.0/24,"ASN 367"
129.53.0.0/16,"ASN 367"
129.61.0.0/16,"ASN 367"
129.139.0.0/16,"ASN 367"
130.16.0.0/16,"ASN 367"
130.22.21.0/24,"ASN 367"
130.22.22.0/24,"ASN 367"
130.22.41.0/24,"ASN 367"
130.22.42.0/24,"ASN 367"
130.22.47.0/24,"ASN 367"
130.22.80.0/21,"ASN 367"
130.22.252.0/24,"ASN 367"
130.114.0.0/16,"ASN 367"
131.3.0.0/16,"ASN 367"
131.5.48.0/20,"ASN 367"
131.6.0.0/16,"ASN 367"
131.10.0.0/15,"ASN 367"
131.12.0.0/15,"ASN 367"
131.16.80.0/21,"ASN 367"
131.17.0.0/16,"ASN 367"
131.18.104.0/23,"ASN 367"
131.22.0.0/16,"ASN 367"
131.24.0.0/15,"ASN 367"
131.32.0.0/16,"ASN 367"
131.44.0.0/16,"ASN 367"
131.46.0.0/16,"ASN 367"
131.48.0.0/16,"ASN 367"
131.51.0.0/16,"ASN 367"
131.55.0.0/16,"ASN 367"
131.56.0.0/16,"ASN 367"
131.58.0.0/15,"ASN 367"
131.60.220.0/24,"ASN 367"
131.60.240.0/21,"ASN 367"
131.62.8.0/22,"ASN 367"
131.62.13.0/24,"ASN 367"
131.62.14.0/23,"ASN 367"
131.62.16.0/21,"ASN 367"
131.62.24.0/23,"ASN 367"
131.62.28.0/24,"ASN 367"
131.62.30.0/23,"ASN 367"
131.62.32.0/21,"ASN 367"
131.62.40.0/23,"ASN 367"
131.62.42.0/24,"ASN 367"
131.62.46.0/23,"ASN 367"
131.62.48.0/21,"ASN 367"
131.62.56.0/22,"ASN 367"
131.62.62.0/23,"ASN 367"
131.62.64.0/21,"ASN 367"
131.62.72.0/22,"ASN 367"
131.62.78.0/23,"ASN 367"
131.62.80.0/21,"ASN 367"
131.62.88.0/22,"ASN 367"
131.62.94.0/23,"ASN 367"
131.62.96.0/21,"ASN 367"
131.62.104.0/23,"ASN 367"
131.62.106.0/24,"ASN 367"
131.62.110.0/23,"ASN 367"
131.62.112.0/21,"ASN 367"
131.62.120.0/24,"ASN 367"
131.62.126.0/23,"ASN 367"
131.62.128.0/21,"ASN 367"
131.62.136.0/22,"ASN 367"
131.62.140.0/24,"ASN 367"
131.62.142.0/23,"ASN 367"
131.62.144.0/21,"ASN 367"
131.62.152.0/22,"ASN 367"
131.62.158.0/23,"ASN 367"
131.62.160.0/21,"ASN 367"
131.62.168.0/23,"ASN 367"
131.62.170.0/24,"ASN 367"
131.62.174.0/23,"ASN 367"
131.62.176.0/21,"ASN 367"
131.62.184.0/22,"ASN 367"
131.62.190.0/23,"ASN 367"
131.62.192.0/21,"ASN 367"
131.62.200.0/22,"ASN 367"
131.62.206.0/23,"ASN 367"
131.62.208.0/21,"ASN 367"
131.62.216.0/23,"ASN 367"
131.62.218.0/24,"ASN 367"
131.62.236.0/22,"ASN 367"
131.105.0.0/16,"ASN 367"
132.0.0.0/16,"ASN 367"
132.11.4.0/24,"ASN 367"
132.11.6.0/23,"ASN 367"
132.11.10.0/23,"ASN 367"
132.11.12.0/24,"ASN 367"
132.11.18.0/23,"ASN 367"
132.11.20.0/23,"ASN 367"
132.11.22.0/24,"ASN 367"
132.11.24.0/21,"ASN 367"
132.11.32.0/24,"ASN 367"
132.11.36.0/22,"ASN 367"
132.11.40.0/23,"ASN 367"
132.11.42.0/24,"ASN 367"
132.11.44.0/22,"ASN 367"
132.11.48.0/23,"ASN 367"
132.11.51.0/24,"ASN 367"
132.11.52.0/23,"ASN 367"
132.11.56.0/22,"ASN 367"
132.11.61.0/24,"ASN 367"
132.11.62.0/24,"ASN 367"
132.11.64.0/22,"ASN 367"
132.11.68.0/23,"ASN 367"
132.11.72.0/24,"ASN 367"
132.11.74.0/23,"ASN 367"
132.11.78.0/23,"ASN 367"
132.11.96.0/22,"ASN 367"
132.11.111.0/24,"ASN 367"
132.11.112.0/24,"ASN 367"
132.11.116.0/22,"ASN 367"
132.11.121.0/24,"ASN 367"
132.11.122.0/24,"ASN 367"
132.11.125.0/24,"ASN 367"
132.11.126.0/23,"ASN 367"
132.11.128.0/23,"ASN 367"
132.11.131.0/24,"ASN 367"
132.11.132.0/24,"ASN 367"
132.11.135.0/24,"ASN 367"
132.11.141.0/24,"ASN 367"
132.11.142.0/24,"ASN 367"
132.11.151.0/24,"ASN 367"
132.11.152.0/23,"ASN 367"
132.11.161.0/24,"ASN 367"
132.11.162.0/24,"ASN 367"
132.11.170.0/23,"ASN 367"
132.11.172.0/24,"ASN 367"
132.11.199.0/24,"ASN 367"
132.11.200.0/23,"ASN 367"
132.11.203.0/24,"ASN 367"
132.11.205.0/24,"ASN 367"
132.11.206.0/23,"ASN 367"
132.11.208.0/24,"ASN 367"
132.11.210.0/23,"ASN 367"
132.11.213.0/24,"ASN 367"
132.11.215.0/24,"ASN 367"
132.11.216.0/23,"ASN 367"
132.11.218.0/24,"ASN 367"
132.11.220.0/23,"ASN 367"
132.11.223.0/24,"ASN 367"
132.11.224.0/21,"ASN 367"
132.11.232.0/23,"ASN 367"
132.11.234.0/24,"ASN 367"
132.11.239.0/24,"ASN 367"
132.11.242.0/24,"ASN 367"
132.11.244.0/23,"ASN 367"
132.13.174.0/23,"ASN 367"
132.13.176.0/21,"ASN 367"
132.13.184.0/23,"ASN 367"
132.13.186.0/24,"ASN 367"
132.13.238.0/23,"ASN 367"
132.13.240.0/21,"ASN 367"
132.17.0.0/18,"ASN 367"
132.17.64.0/20,"ASN 367"
132.17.96.0/19,"ASN 367"
132.17.128.0/19,"ASN 367"
132.17.208.0/20,"ASN 367"
132.18.0.0/15,"ASN 367"
132.22.0.0/15,"ASN 367"
132.24.0.0/18,"ASN 367"
132.24.64.0/19,"ASN 367"
132.24.96.0/22,"ASN 367"
132.24.101.0/24,"ASN 367"
132.24.102.0/23,"ASN 367"
132.24.104.0/21,"ASN 367"
132.24.112.0/20,"ASN 367"
132.24.128.0/17,"ASN 367"
132.25.0.0/16,"ASN 367"
132.27.0.0/16,"ASN 367"
132.28.38.0/23,"ASN 367"
132.28.40.0/24,"ASN 367"
132.28.108.0/24,"ASN 367"
132.30.0.0/16,"ASN 367"
132.35.0.0/16,"ASN 367"
132.38.0.0/16,"ASN 367"
132.39.0.0/17,"ASN 367"
132.39.128.0/18,"ASN 367"
132.39.192.0/20,"ASN 367"
132.40.0.0/15,"ASN 367"
132.42.0.0/16,"ASN 367"
132.46.0.0/16,"ASN 367"
132.48.0.0/16,"ASN 367"
132.50.4.0/22,"ASN 367"
132.50.10.0/23,"ASN 367"
132.50.14.0/23,"ASN 367"
132.50.16.0/20,"ASN 367"
132.50.32.0/21,"ASN 367"
132.50.40.0/23,"ASN 367"
132.50.42.0/24,"ASN 367"
132.50.46.0/23,"ASN 367"
132.50.48.0/21,"ASN 367"
132.50.56.0/23,"ASN 367"
132.50.58.0/24,"ASN 367"
132.50.62.0/23,"ASN 367"
132.50.64.0/20,"ASN 367"
132.50.80.0/21,"ASN 367"
132.50.88.0/22,"ASN 367"
132.50.94.0/23,"ASN 367"
132.50.96.0/19,"ASN 367"
132.50.128.0/19,"ASN 367"
132.50.160.0/21,"ASN 367"
132.50.168.0/22,"ASN 367"
132.50.172.0/24,"ASN 367"
132.50.174.0/23,"ASN 367"
132.50.176.0/20,"ASN 367"
132.50.192.0/21,"ASN 367"
132.50.200.0/22,"ASN 367"
132.50.206.0/23,"ASN 367"
132.50.208.0/20,"ASN 367"
132.50.224.0/21,"ASN 367"
132.50.232.0/22,"ASN 367"
132.50.236.0/24,"ASN 367"
132.50.238.0/23,"ASN 367"
132.50.240.0/20,"ASN 367"
132.51.0.0/16,"ASN 367"
132.52.0.0/16,"ASN 367"
132.54.0.0/16,"ASN 367"
132.60.0.0/16,"ASN 367"
132.79.0.0/16,"ASN 306"
132.80.0.0/12,"ASN 306"
132.96.0.0/11,"ASN 306"
132.128.0.0/13,"ASN 306"
132.136.0.0/16,"ASN 306"
132.140.178.0/24,"ASN 367"
132.141.0.0/18,"ASN 306"
132.141.128.0/18,"ASN 306"
132.142.0.0/21,"ASN 306"
132.142.9.0/24,"ASN 306"
132.142.10.0/24,"ASN 306"
132.142.131.0/24,"ASN 306"
132.142.135.0/24,"ASN 306"
132.159.0.0/16,"ASN 367"
134.78.0.0/16,"ASN 367"
134.80.24.0/22,"ASN 367"
134.80.208.0/21,"ASN 367"
134.137.0.0/16,"ASN 367"
134.165.4.0/24,"ASN 367"
134.233.8.0/23,"ASN 367"
134.233.18.0/24,"ASN 367"
134.233.20.0/22,"ASN 367"
134.233.24.0/21,"ASN 367"
134.233.34.0/23,"ASN 367"
134.233.38.0/23,"ASN 367"
134.233.40.0/21,"ASN 367"
134.233.48.0/23,"ASN 367"
134.233.53.0/24,"ASN 367"
134.233.60.0/22,"ASN 367"
134.233.64.0/18,"ASN 367"
134.233.128.0/18,"ASN 367"
134.233.196.0/24,"ASN 367"
134.233.200.0/24,"ASN 367"
134.233.202.0/24,"ASN 367"
134.233.208.0/20,"ASN 367"
134.233.232.0/24,"ASN 367"
134.233.234.0/24,"ASN 367"
134.233.237.0/24,"ASN 367"
134.233.238.0/23,"ASN 367"
134.233.240.0/20,"ASN 367"
134.234.0.0/16,"ASN 367"
134.235.17.0/24,"ASN 367"
134.235.18.0/23,"ASN 367"
134.235.20.0/22,"ASN 367"
134.235.24.0/23,"ASN 367"
134.235.54.0/23,"ASN 367"
134.235.56.0/23,"ASN 367"
134.235.58.0/24,"ASN 367"
134.235.60.0/23,"ASN 367"
134.235.64.0/22,"ASN 367"
134.235.81.0/24,"ASN 367"
134.235.82.0/24,"ASN 367"
134.235.92.0/24,"ASN 367"
136.149.0.0/16,"ASN 367"
136.205.0.0/16,"ASN 367"
136.207.0.0/17,"ASN 367"
136.215.0.0/17,"ASN 367"
136.217.5.0/24,"ASN 367"
136.217.8.0/24,"ASN 367"
136.217.15.0/24,"ASN 367"
136.217.20.0/23,"ASN 367"
136.217.23.0/24,"ASN 367"
136.217.28.0/24,"ASN 367"
136.217.33.0/24,"ASN 367"
136.217.34.0/24,"ASN 367"
136.217.36.0/22,"ASN 367"
136.217.41.0/24,"ASN 367"
136.217.42.0/23,"ASN 367"
136.217.44.0/22,"ASN 367"
136.217.49.0/24,"ASN 367"
136.217.50.0/24,"ASN 367"
136.217.54.0/23,"ASN 367"
136.217.56.0/24,"ASN 367"
136.217.58.0/23,"ASN 367"
136.217.65.0/24,"ASN 367"
136.217.68.0/24,"ASN 367"
136.217.76.0/24,"ASN 367"
136.217.79.0/24,"ASN 367"
136.217.80.0/23,"ASN 367"
136.217.86.0/23,"ASN 367"
136.217.88.0/24,"ASN 367"
136.217.90.0/24,"ASN 367"
136.217.95.0/24,"ASN 367"
136.217.96.0/24,"ASN 367"
136.217.99.0/24,"ASN 367"
136.217.100.0/22,"ASN 367"
136.217.104.0/22,"ASN 367"
136.217.120.0/24,"ASN 367"
136.220.17.0/24,"ASN 367"
136.220.18.0/23,"ASN 367"
136.220.20.0/22,"ASN 367"
136.220.24.0/21,"ASN 367"
136.220.32.0/22,"ASN 367"
136.220.36.0/24,"ASN 367"
136.220.58.0/23,"ASN 367"
136.220.60.0/24,"ASN 367"
136.220.83.0/24,"ASN 367"
136.220.84.0/22,"ASN 367"
136.220.88.0/21,"ASN 367"
136.220.98.0/24,"ASN 367"
136.220.124.0/23,"ASN 367"
136.220.126.0/24,"ASN 367"
136.220.128.0/23,"ASN 367"
136.220.130.0/24,"ASN 367"
136.220.142.0/23,"ASN 367"
136.220.170.0/23,"ASN 367"
136.220.172.0/23,"ASN 367"
136.220.230.0/23,"ASN 367"
136.220.232.0/22,"ASN 367"
136.220.240.0/22,"ASN 367"
136.220.244.0/23,"ASN 367"
137.2.0.0/18,"ASN 367"
137.2.64.0/20,"ASN 367"
137.2.80.0/21,"ASN 367"
137.2.112.0/20,"ASN 367"
137.2.128.0/18,"ASN 367"
137.3.0.0/16,"ASN 367"
137.4.0.0/16,"ASN 367"
137.6.0.0/17,"ASN 367"
137.6.128.0/18,"ASN 367"
137.6.192.0/19,"ASN 367"
137.7.0.0/16,"ASN 367"
137.9.0.0/16,"ASN 367"
137.14.0.0/20,"ASN 367"
137.14.16.0/21,"ASN 367"
137.14.24.0/22,"ASN 367"
137.14.28.0/23,"ASN 367"
137.14.45.0/24,"ASN 367"
137.14.46.0/23,"ASN 367"
137.14.48.0/20,"ASN 367"
137.14.64.0/21,"ASN 367"
137.14.72.0/23,"ASN 367"
137.14.74.0/24,"ASN 367"
137.14.76.0/22,"ASN 367"
137.14.80.0/20,"ASN 367"
137.14.96.0/20,"ASN 367"
137.14.112.0/21,"ASN 367"
137.14.120.0/22,"ASN 367"
137.14.124.0/23,"ASN 367"
137.14.140.0/22,"ASN 367"
137.14.144.0/21,"ASN 367"
137.14.152.0/22,"ASN 367"
137.14.156.0/23,"ASN 367"
137.14.170.0/23,"ASN 367"
137.14.172.0/22,"ASN 367"
137.14.176.0/20,"ASN 367"
137.14.192.0/21,"ASN 367"
137.14.200.0/22,"ASN 367"
137.14.204.0/23,"ASN 367"
137.14.220.0/22,"ASN 367"
137.14.224.0/21,"ASN 367"
137.14.232.0/22,"ASN 367"
137.14.236.0/23,"ASN 367"
137.14.250.0/23,"ASN 367"
137.14.252.0/22,"ASN 367"
137.95.0.0/16,"ASN 367"
137.161.245.0/24,"ASN 367"
137.161.246.0/24,"ASN 367"
137.161.248.0/24,"ASN 367"
137.161.254.0/23,"ASN 367"
137.242.0.0/15,"ASN 367"
137.246.0.0/16,"ASN 367"
138.27.0.0/16,"ASN 367"
138.50.0.0/21,"ASN 367"
138.50.8.0/22,"ASN 367"
138.50.14.0/23,"ASN 367"
138.50.17.0/24,"ASN 367"
138.50.18.0/23,"ASN 367"
138.50.40.0/21,"ASN 367"
138.50.48.0/22,"ASN 367"
138.50.52.0/23,"ASN 367"
138.50.64.0/21,"ASN 367"
138.50.72.0/22,"ASN 367"
138.50.96.0/23,"ASN 367"
138.50.98.0/24,"ASN 367"
138.50.104.0/22,"ASN 367"
138.50.108.0/23,"ASN 367"
139.139.0.0/18,"ASN 367"
139.139.64.0/19,"ASN 367"
139.139.96.0/23,"ASN 367"
139.139.98.0/24,"ASN 367"
139.139.100.0/22,"ASN 367"
139.139.104.0/21,"ASN 367"
139.139.128.0/24,"ASN 367"
139.139.130.0/24,"ASN 367"
139.139.138.0/23,"ASN 367"
139.139.160.0/20,"ASN 367"
139.139.176.0/21,"ASN 367"
139.139.184.0/22,"ASN 367"
139.139.189.0/24,"ASN 367"
139.139.190.0/23,"ASN 367"
139.139.192.0/18,"ASN 367"
139.161.0.0/16,"ASN 367"
139.231.0.0/16,"ASN 367"
139.232.0.0/16,"ASN 367"
139.242.14.0/23,"ASN 337"
139.242.53.0/24,"ASN 317"
140.139.0.0/16,"ASN 367"
140.153.25.0/24,"ASN 367"
140.153.38.0/24,"ASN 367"
140.153.43.0/24,"ASN 367"
140.153.46.0/24,"ASN 367"
140.153.70.0/24,"ASN 367"
140.153.105.0/24,"ASN 367"
140.153.163.0/24,"ASN 367"
140.153.179.0/24,"ASN 367"
140.153.234.0/24,"ASN 367"
140.155.0.0/22,"ASN 367"
140.155.4.0/23,"ASN 367"
140.155.12.0/22,"ASN 367"
140.155.16.0/21,"ASN 367"
140.155.24.0/23,"ASN 367"
140.155.26.0/24,"ASN 367"
140.155.31.0/24,"ASN 367"
140.155.34.0/23,"ASN 367"
140.155.36.0/22,"ASN 367"
140.155.40.0/22,"ASN 367"
140.155.44.0/23,"ASN 367"
140.155.46.0/24,"ASN 367"
140.155.51.0/24,"ASN 367"
140.155.54.0/23,"ASN 367"
140.155.64.0/23,"ASN 367"
140.155.66.0/24,"ASN 367"
140.155.72.0/23,"ASN 367"
140.155.84.0/22,"ASN 367"
140.155.88.0/23,"ASN 367"
140.155.90.0/24,"ASN 367"
140.155.96.0/22,"ASN 367"
140.155.100.0/23,"ASN 367"
140.155.108.0/22,"ASN 367"
140.155.112.0/23,"ASN 367"
140.155.144.0/20,"ASN 367"
140.155.160.0/19,"ASN 367"
140.155.192.0/23,"ASN 367"
140.155.194.0/24,"ASN 367"
140.155.207.0/24,"ASN 367"
140.155.214.0/24,"ASN 367"
140.155.224.0/23,"ASN 367"
140.183.0.0/16,"ASN 367"
140.185.0.0/16,"ASN 367"
140.187.0.0/17,"ASN 367"
140.187.128.0/18,"ASN 367"
140.187.192.0/21,"ASN 367"
140.187.201.0/24,"ASN 367"
140.187.202.0/23,"ASN 367"
140.187.204.0/22,"ASN 367"
140.187.208.0/20,"ASN 367"
140.187.224.0/19,"ASN 367"
140.196.0.0/16,"ASN 367"
140.202.0.0/16,"ASN 367"
141.107.0.0/16,"ASN 367"
141.116.22.0/23,"ASN 367"
143.69.8.0/22,"ASN 367"
143.69.12.0/23,"ASN 367"
143.69.64.0/20,"ASN 367"
143.69.83.0/24,"ASN 367"
143.69.87.0/24,"ASN 367"
143.69.96.0/23,"ASN 367"
143.71.0.0/16,"ASN 367"
143.72.0.0/16,"ASN 367"
143.73.126.0/24,"ASN 367"
143.74.42.0/24,"ASN 367"
143.74.252.0/24,"ASN 367"
143.76.9.0/24,"ASN 367"
143.76.11.0/24,"ASN 367"
143.76.225.0/24,"ASN 367"
143.78.0.0/15,"ASN 367"
143.80.24.0/24,"ASN 367"
143.84.2.0/24,"ASN 367"
143.84.5.0/24,"ASN 367"
143.84.6.0/24,"ASN 367"
143.84.18.0/24,"ASN 367"
143.84.24.0/23,"ASN 367"
143.84.38.0/24,"ASN 367"
143.84.43.0/24,"ASN 367"
143.84.44.0/23,"ASN 367"
143.84.46.0/24,"ASN 367"
143.84.48.0/24,"ASN 367"
143.84.62.0/24,"ASN 367"
143.84.64.0/24,"ASN 367"
143.84.67.0/24,"ASN 367"
143.84.68.0/24,"ASN 367"
143.84.72.0/24,"ASN 367"
143.84.74.0/24,"ASN 367"
143.84.77.0/24,"ASN 367"
143.84.78.0/23,"ASN 367"
143.84.84.0/24,"ASN 367"
143.84.96.0/24,"ASN 367"
143.84.99.0/24,"ASN 367"
143.84.101.0/24,"ASN 367"
143.84.103.0/24,"ASN 367"
143.84.105.0/24,"ASN 367"
143.84.106.0/23,"ASN 367"
143.84.135.0/24,"ASN 367"
143.84.161.0/24,"ASN 367"
143.84.162.0/23,"ASN 367"
143.84.164.0/23,"ASN 367"
143.84.167.0/24,"ASN 367"
143.84.168.0/22,"ASN 367"
143.84.172.0/23,"ASN 367"
143.84.174.0/24,"ASN 367"
143.84.176.0/24,"ASN 367"
143.84.196.0/24,"ASN 367"
143.84.202.0/24,"ASN 367"
143.84.217.0/24,"ASN 367"
143.84.229.0/24,"ASN 367"
143.84.237.0/24,"ASN 367"
143.86.53.0/24,"ASN 367"
143.86.58.0/23,"ASN 367"
143.86.160.0/21,"ASN 367"
143.86.168.0/22,"ASN 367"
143.86.172.0/23,"ASN 367"
143.86.174.0/24,"ASN 367"
143.86.179.0/24,"ASN 367"
143.86.182.0/24,"ASN 367"
143.86.217.0/24,"ASN 367"
143.86.220.0/24,"ASN 367"
143.133.64.0/18,"ASN 367"
143.134.0.0/17,"ASN 367"
143.134.240.0/20,"ASN 367"
143.140.0.0/21,"ASN 367"
143.140.8.0/23,"ASN 367"
143.140.10.0/24,"ASN 367"
143.140.32.0/19,"ASN 367"
143.140.160.0/20,"ASN 367"
143.141.104.0/22,"ASN 367"
143.141.160.0/19,"ASN 367"
143.142.192.0/18,"ASN 367"
143.145.0.0/16,"ASN 367"
143.146.224.0/19,"ASN 367"
143.147.88.0/21,"ASN 367"
143.156.224.0/19,"ASN 367"
143.157.88.0/21,"ASN 367"
143.194.60.0/23,"ASN 367"
143.194.64.0/20,"ASN 367"
143.194.98.0/23,"ASN 367"
143.194.100.0/23,"ASN 367"
143.194.103.0/24,"ASN 367"
143.194.104.0/21,"ASN 367"
143.194.112.0/20,"ASN 367"
143.194.144.0/20,"ASN 367"
143.194.160.0/20,"ASN 367"
143.194.240.0/20,"ASN 367"
143.249.134.0/23,"ASN 367"
144.88.0.0/23,"ASN 367"
144.88.64.0/18,"ASN 367"
144.99.0.0/16,"ASN 367"
144.101.9.0/24,"ASN 367"
144.101.10.0/24,"ASN 367"
144.101.120.0/23,"ASN 367"
144.101.122.0/24,"ASN 367"
144.101.152.0/21,"ASN 367"
144.104.24.0/21,"ASN 367"
144.104.74.0/23,"ASN 367"
144.104.76.0/23,"ASN 367"
144.104.116.0/24,"ASN 367"
144.104.120.0/21,"ASN 367"
144.105.0.0/22,"ASN 367"
144.105.6.0/23,"ASN 367"
144.105.10.0/23,"ASN 367"
144.105.79.0/24,"ASN 367"
144.105.118.0/23,"ASN 367"
144.105.176.0/21,"ASN 367"
144.105.184.0/22,"ASN 367"
144.105.188.0/23,"ASN 367"
144.105.191.0/24,"ASN 367"
144.109.0.0/21,"ASN 367"
144.109.12.0/23,"ASN 367"
144.109.16.0/21,"ASN 367"
144.109.25.0/24,"ASN 367"
144.109.26.0/23,"ASN 367"
144.109.28.0/22,"ASN 367"
144.109.32.0/23,"ASN 367"
144.147.0.0/16,"ASN 367"
144.244.0.0/15,"ASN 367"
144.246.0.0/16,"ASN 367"
146.14.0.0/15,"ASN 367"
146.16.32.0/20,"ASN 367"
146.16.138.0/23,"ASN 367"
146.16.140.0/22,"ASN 367"
146.16.144.0/20,"ASN 367"
146.16.245.0/24,"ASN 367"
146.53.0.0/16,"ASN 367"
146.54.0.0/16,"ASN 367"
146.55.22.0/24,"ASN 367"
146.55.32.0/19,"ASN 367"
146.55.125.0/24,"ASN 367"
147.39.0.0/16,"ASN 367"
147.51.0.0/16,"ASN 367"
147.58.0.0/16,"ASN 367"
147.71.0.0/16,"ASN 367"
147.74.0.0/16,"ASN 367"
147.103.0.0/16,"ASN 367"
147.130.0.0/17,"ASN 367"
147.130.128.0/18,"ASN 367"
147.130.192.0/20,"ASN 367"
147.130.214.0/23,"ASN 367"
147.130.216.0/21,"ASN 367"
147.130.224.0/21,"ASN 367"
147.130.232.0/23,"ASN 367"
147.131.24.0/21,"ASN 367"
147.131.32.0/22,"ASN 367"
147.131.37.0/24,"ASN 367"
147.131.40.0/21,"ASN 367"
147.131.48.0/20,"ASN 367"
147.131.66.0/23,"ASN 367"
147.164.0.0/15,"ASN 367"
147.166.0.0/16,"ASN 367"
147.169.0.0/16,"ASN 367"
147.198.0.0/16,"ASN 367"
147.216.7.0/24,"ASN 367"
147.216.8.0/23,"ASN 367"
147.216.133.0/24,"ASN 367"
147.217.0.0/16,"ASN 367"
147.221.0.0/16,"ASN 367"
147.238.0.0/15,"ASN 367"
147.240.0.0/16,"ASN 367"
147.248.64.0/19,"ASN 367"
147.248.128.0/19,"ASN 367"
147.248.160.0/20,"ASN 367"
150.113.0.0/16,"ASN 367"
150.149.32.0/21,"ASN 367"
150.149.56.0/24,"ASN 367"
150.149.96.0/24,"ASN 367"
150.149.128.0/19,"ASN 367"
150.152.0.0/16,"ASN 367"
150.177.0.0/16,"ASN 367"
150.180.0.0/17,"ASN 367"
150.180.128.0/18,"ASN 367"
150.180.192.0/19,"ASN 367"
150.180.224.0/20,"ASN 367"
150.180.240.0/21,"ASN 367"
150.180.248.0/22,"ASN 367"
150.180.253.0/24,"ASN 367"
150.180.254.0/23,"ASN 367"
150.192.0.0/24,"ASN 367"
150.192.2.0/23,"ASN 367"
150.192.4.0/22,"ASN 367"
150.192.8.0/21,"ASN 367"
150.192.16.0/20,"ASN 367"
150.192.32.0/19,"ASN 367"
150.192.64.0/18,"ASN 367"
150.192.128.0/17,"ASN 367"
150.193.0.0/16,"ASN 367"
150.196.117.0/24,"ASN 367"
150.196.224.0/22,"ASN 367"
150.196.232.0/22,"ASN 367"
150.226.0.0/16,"ASN 367"
151.166.0.0/16,"ASN 367"
153.103.0.0/16,"ASN 367"
155.8.0.0/15,"ASN 367"
155.19.0.0/21,"ASN 367"
155.19.35.0/24,"ASN 367"
155.19.44.0/24,"ASN 367"
155.19.46.0/23,"ASN 367"
155.19.64.0/18,"ASN 367"
155.19.144.0/21,"ASN 367"
155.19.154.0/24,"ASN 367"
155.19.160.0/19,"ASN 367"
155.20.67.0/24,"ASN 367"
155.20.79.0/24,"ASN 367"
155.20.156.0/22,"ASN 367"
155.20.174.0/24,"ASN 367"
155.20.182.0/23,"ASN 367"
155.21.16.0/22,"ASN 367"
155.21.130.0/23,"ASN 367"
155.21.148.0/23,"ASN 367"
155.21.164.0/23,"ASN 367"
155.21.168.0/21,"ASN 367"
155.21.178.0/24,"ASN 367"
155.21.186.0/23,"ASN 367"
155.22.0.0/18,"ASN 367"
155.22.64.0/19,"ASN 367"
155.22.96.0/20,"ASN 367"
155.22.112.0/21,"ASN 367"
155.22.120.0/23,"ASN 367"
155.22.122.0/24,"ASN 367"
155.22.125.0/24,"ASN 367"
155.22.126.0/23,"ASN 367"
155.22.160.0/21,"ASN 367"
155.25.0.0/16,"ASN 367"
155.26.148.0/24,"ASN 367"
155.26.160.0/21,"ASN 367"
155.26.168.0/22,"ASN 367"
155.26.172.0/23,"ASN 367"
155.26.174.0/24,"ASN 367"
155.26.196.0/24,"ASN 367"
155.29.16.0/20,"ASN 367"
155.29.40.0/22,"ASN 367"
155.29.44.0/23,"ASN 367"
155.29.56.0/21,"ASN 367"
155.29.67.0/24,"ASN 367"
155.29.68.0/24,"ASN 367"
155.29.70.0/23,"ASN 367"
155.29.72.0/23,"ASN 367"
155.29.76.0/22,"ASN 367"
155.29.80.0/22,"ASN 367"
155.29.88.0/22,"ASN 367"
155.29.92.0/24,"ASN 367"
155.29.94.0/24,"ASN 367"
155.29.105.0/24,"ASN 367"
155.29.106.0/23,"ASN 367"
155.29.108.0/23,"ASN 367"
155.29.110.0/24,"ASN 367"
155.29.112.0/21,"ASN 367"
155.29.120.0/23,"ASN 367"
155.29.122.0/24,"ASN 367"
155.29.124.0/22,"ASN 367"
155.29.128.0/22,"ASN 367"
155.29.132.0/23,"ASN 367"
155.29.134.0/24,"ASN 367"
155.29.136.0/22,"ASN 367"
155.29.140.0/24,"ASN 367"
155.29.143.0/24,"ASN 367"
155.29.145.0/24,"ASN 367"
155.29.149.0/24,"ASN 367"
155.29.151.0/24,"ASN 367"
155.29.162.0/23,"ASN 367"
155.29.165.0/24,"ASN 367"
155.29.196.0/22,"ASN 367"
155.29.200.0/21,"ASN 367"
155.29.223.0/24,"ASN 367"
155.29.241.0/24,"ASN 367"
155.29.250.0/24,"ASN 367"
155.30.48.0/23,"ASN 367"
155.30.193.0/24,"ASN 367"
155.30.194.0/23,"ASN 367"
155.74.245.0/24,"ASN 367"
155.74.246.0/24,"ASN 367"
155.74.248.0/24,"ASN 367"
155.74.251.0/24,"ASN 367"
155.74.253.0/24,"ASN 367"
155.74.254.0/23,"ASN 367"
155.75.159.0/24,"ASN 367"
155.147.0.0/16,"ASN 367"
155.149.0.0/16,"ASN 367"
155.150.0.0/15,"ASN 367"
155.152.0.0/17,"ASN 367"
155.152.148.0/22,"ASN 367"
155.152.160.0/24,"ASN 367"
155.152.212.0/22,"ASN 367"
155.152.216.0/23,"ASN 367"
155.152.253.0/24,"ASN 367"
155.152.254.0/24,"ASN 367"
155.153.0.0/16,"ASN 367"
155.213.18.0/23,"ASN 367"
155.213.24.0/21,"ASN 367"
155.213.208.0/21,"ASN 367"
155.213.240.0/20,"ASN 367"
155.214.0.0/15,"ASN 367"
155.216.0.0/14,"ASN 367"
156.112.250.0/24,"ASN 345"
158.1.0.0/18,"ASN 367"
158.1.101.0/24,"ASN 367"
158.1.120.0/24,"ASN 367"
158.1.130.0/24,"ASN 367"
158.1.132.0/23,"ASN 367"
158.1.135.0/24,"ASN 367"
158.1.136.0/23,"ASN 367"
158.1.138.0/24,"ASN 367"
158.2.0.0/16,"ASN 367"
158.4.0.0/14,"ASN 367"
158.9.49.0/24,"ASN 367"
158.9.64.0/22,"ASN 367"
158.9.72.0/22,"ASN 367"
158.9.80.0/21,"ASN 367"
158.9.94.0/24,"ASN 367"
158.9.100.0/23,"ASN 367"
158.9.102.0/24,"ASN 367"
158.9.104.0/24,"ASN 367"
158.9.106.0/23,"ASN 367"
158.9.127.0/24,"ASN 367"
158.9.129.0/24,"ASN 367"
158.9.132.0/23,"ASN 367"
158.9.136.0/22,"ASN 367"
158.9.148.0/24,"ASN 367"
158.9.152.0/24,"ASN 367"
158.9.158.0/23,"ASN 367"
158.9.160.0/23,"ASN 367"
158.9.168.0/24,"ASN 367"
158.9.178.0/24,"ASN 367"
158.9.199.0/24,"ASN 367"
158.9.200.0/23,"ASN 367"
158.9.208.0/23,"ASN 367"
158.9.216.0/23,"ASN 367"
158.9.225.0/24,"ASN 367"
158.9.231.0/24,"ASN 367"
158.9.246.0/23,"ASN 367"
158.9.253.0/24,"ASN 367"
158.9.254.0/23,"ASN 367"
158.11.55.0/24,"ASN 367"
158.11.57.0/24,"ASN 367"
158.11.69.0/24,"ASN 367"
158.11.76.0/22,"ASN 367"
158.11.83.0/24,"ASN 367"
158.11.84.0/23,"ASN 367"
158.11.228.0/23,"ASN 367"
158.13.120.0/21,"ASN 367"
158.13.128.0/21,"ASN 367"
158.13.192.0/18,"ASN 367"
158.14.62.0/23,"ASN 367"
158.14.75.0/24,"ASN 367"
158.14.76.0/22,"ASN 367"
158.14.80.0/21,"ASN 367"
158.14.88.0/23,"ASN 367"
158.14.108.0/22,"ASN 367"
158.14.112.0/20,"ASN 367"
158.14.128.0/19,"ASN 367"
158.14.160.0/20,"ASN 367"
158.14.176.0/21,"ASN 367"
158.14.184.0/22,"ASN 367"
158.14.206.0/23,"ASN 367"
158.14.208.0/20,"ASN 367"
158.14.224.0/20,"ASN 367"
158.14.240.0/22,"ASN 367"
158.14.244.0/23,"ASN 367"
158.16.0.0/20,"ASN 367"
158.16.17.0/24,"ASN 367"
158.16.18.0/23,"ASN 367"
158.16.20.0/22,"ASN 367"
158.16.24.0/21,"ASN 367"
158.16.32.0/19,"ASN 367"
158.16.64.0/18,"ASN 367"
158.16.128.0/17,"ASN 367"
158.17.0.0/16,"ASN 367"
158.19.128.0/17,"ASN 367"
158.20.20.0/24,"ASN 367"
158.20.32.0/24,"ASN 367"
158.20.48.0/20,"ASN 367"
158.20.64.0/24,"ASN 367"
158.20.66.0/23,"ASN 367"
158.20.69.0/24,"ASN 367"
158.20.70.0/24,"ASN 367"
158.20.124.0/22,"ASN 367"
158.20.128.0/17,"ASN 367"
159.77.192.0/24,"ASN 367"
160.132.0.0/15,"ASN 367"
160.134.0.0/16,"ASN 367"
160.136.0.0/17,"ASN 367"
160.138.0.0/16,"ASN 367"
160.140.112.0/22,"ASN 367"
160.140.117.0/24,"ASN 367"
160.140.240.0/24,"ASN 367"
160.140.244.0/22,"ASN 367"
160.142.0.0/16,"ASN 367"
160.145.0.0/16,"ASN 367"
160.147.0.0/16,"ASN 367"
160.150.0.0/16,"ASN 367"
162.24.0.0/16,"ASN 367"
164.66.0.0/16,"ASN 367"
164.117.1.0/24,"ASN 367"
164.117.2.0/23,"ASN 367"
164.117.6.0/24,"ASN 367"
164.117.16.0/20,"ASN 367"
164.117.32.0/19,"ASN 367"
164.169.0.0/20,"ASN 367"
164.169.32.0/20,"ASN 367"
164.169.64.0/18,"ASN 367"
164.169.144.0/20,"ASN 367"
164.169.160.0/20,"ASN 367"
192.12.126.0/24,"ASN 367"
192.33.6.0/24,"ASN 367"
192.33.185.0/24,"ASN 367"
192.35.147.0/24,"ASN 367"
192.43.253.0/24,"ASN 367"
192.52.117.0/24,"ASN 367"
192.73.27.0/24,"ASN 367"
192.73.28.0/24,"ASN 367"
192.76.249.0/24,"ASN 367"
192.82.113.0/24,"ASN 367"
192.86.111.0/24,"ASN 367"
192.86.112.0/23,"ASN 367"
192.86.118.0/24,"ASN 367"
192.86.230.0/23,"ASN 367"
192.86.232.0/21,"ASN 367"
192.86.249.0/24,"ASN 367"
192.100.70.0/24,"ASN 367"
192.107.165.0/24,"ASN 367"
192.107.182.0/23,"ASN 367"
192.108.124.0/24,"ASN 367"
192.108.175.0/24,"ASN 367"
192.132.79.0/24,"ASN 367"
192.132.84.0/22,"ASN 367"
192.136.130.0/24,"ASN 367"
192.153.134.0/24,"ASN 367"
192.153.138.0/23,"ASN 367"
192.153.140.0/23,"ASN 367"
192.153.150.0/24,"ASN 367"
192.172.2.0/24,"ASN 367"
192.172.17.0/24,"ASN 367"
192.172.24.0/23,"ASN 367"
192.172.27.0/24,"ASN 367"
192.187.15.0/24,"ASN 367"
192.188.213.0/24,"ASN 367"
192.190.107.0/24,"ASN 367"
198.25.160.0/21,"ASN 367"
198.25.169.0/24,"ASN 367"
198.25.170.0/23,"ASN 367"
198.25.172.0/24,"ASN 367"
198.25.174.0/24,"ASN 367"
198.49.184.0/23,"ASN 367"
198.51.42.0/23,"ASN 367"
198.97.180.0/24,"ASN 367"
198.97.189.0/24,"ASN 367"
198.97.196.0/22,"ASN 367"
198.154.8.0/21,"ASN 367"
199.10.35.0/24,"ASN 367"
199.10.42.0/23,"ASN 367"
199.10.44.0/23,"ASN 367"
199.10.46.0/24,"ASN 367"
199.10.59.0/24,"ASN 367"
199.31.4.0/22,"ASN 335"
199.31.56.0/22,"ASN 336"
199.114.57.0/24,"ASN 367"
199.114.62.0/24,"ASN 367"
199.122.37.0/24,"ASN 367"
199.122.41.0/24,"ASN 367"
199.122.42.0/24,"ASN 367"
199.122.52.0/23,"ASN 367"
199.123.71.0/24,"ASN 367"
199.123.72.0/22,"ASN 367"
199.123.78.0/23,"ASN 367"
199.123.84.0/23,"ASN 367"
199.123.108.0/24,"ASN 367"
199.123.118.0/24,"ASN 367"
199.123.122.0/24,"ASN 367"
199.123.126.0/24,"ASN 367"
199.208.156.0/24,"ASN 367"
199.209.88.0/22,"ASN 367"
199.209.216.0/21,"ASN 367"
199.210.168.0/23,"ASN 367"
199.226.128.0/18,"ASN 367"
199.251.244.0/23,"ASN 367"
199.251.253.0/24,"ASN 367"
199.252.33.0/24,"ASN 367"
199.252.34.0/23,"ASN 367"
199.252.36.0/24,"ASN 367"
199.252.39.0/24,"ASN 367"
199.252.41.0/24,"ASN 367"
204.34.217.0/24,"ASN 367"
204.37.140.0/23,"ASN 367"
204.37.142.0/24,"ASN 367"
205.56.225.0/24,"ASN 367"
205.58.130.0/24,"ASN 367"
205.59.222.0/24,"ASN 367"
205.59.249.0/24,"ASN 367"
205.61.47.0/24,"ASN 367"
205.62.198.0/24,"ASN 367"
205.69.123.0/24,"ASN 367"
205.71.191.0/24,"ASN 367"
205.73.163.0/24,"ASN 367"
205.75.255.0/24,"ASN 367"
205.77.109.0/24,"ASN 367"
205.78.255.0/24,"ASN 367"
205.79.35.0/24,"ASN 367"
205.81.23.0/24,"ASN 367"
205.82.159.0/24,"ASN 367"
205.82.161.0/24,"ASN 367"
205.84.160.0/24,"ASN 367"
205.95.249.0/24,"ASN 367"
205.100.26.0/24,"ASN 367"
205.101.11.0/24,"ASN 367"
205.101.40.0/24,"ASN 367"
205.102.199.0/24,"ASN 367"
205.102.225.0/24,"ASN 367"
205.103.56.0/24,"ASN 367"
205.111.250.0/24,"ASN 367"
205.112.10.0/24,"ASN 367"
205.113.72.0/24,"ASN 367"
205.113.233.0/24,"ASN 367"
206.37.0.0/24,"ASN 367"
206.37.12.0/24,"ASN 367"
206.37.17.0/24,"ASN 367"
206.37.22.0/24,"ASN 367"
206.37.24.0/23,"ASN 367"
206.37.106.0/23,"ASN 367"
206.37.109.0/24,"ASN 367"
206.37.232.0/24,"ASN 367"
206.37.240.0/24,"ASN 367"
206.37.242.0/23,"ASN 367"
206.37.245.0/24,"ASN 367"
206.37.249.0/24,"ASN 367"
206.37.250.0/23,"ASN 367"
206.37.253.0/24,"ASN 367"
206.37.254.0/23,"ASN 367"
206.39.0.0/23,"ASN 367"
206.39.16.0/24,"ASN 367"
206.39.32.0/23,"ASN 367"
206.39.34.0/24,"ASN 367"
206.39.40.0/23,"ASN 367"
206.39.62.0/23,"ASN 367"
206.39.153.0/24,"ASN 367"
206.39.155.0/24,"ASN 367"
206.39.172.0/24,"ASN 367"
207.132.97.0/24,"ASN 367"
207.133.8.0/21,"ASN 367"
207.133.16.0/21,"ASN 367"
207.133.134.0/23,"ASN 367"
207.133.169.0/24,"ASN 367"
207.133.170.0/24,"ASN 367"
207.133.172.0/23,"ASN 367"
207.133.174.0/24,"ASN 367"
207.133.198.0/24,"ASN 367"
207.133.205.0/24,"ASN 367"
207.133.206.0/23,"ASN 367"
207.133.219.0/24,"ASN 367"
207.133.220.0/24,"ASN 367"
209.22.27.0/24,"ASN 367"
209.22.31.0/24,"ASN 367"
214.3.67.0/24,"ASN 367"
214.3.68.0/24,"ASN 367"
214.3.73.0/24,"ASN 367"
214.3.75.0/24,"ASN 367"
214.3.76.0/24,"ASN 367"
214.3.90.0/24,"ASN 367"
214.3.93.0/24,"ASN 367"
214.3.94.0/24,"ASN 367"
214.3.152.0/24,"ASN 367"
214.4.9.0/24,"ASN 367"
214.4.22.0/24,"ASN 367"
214.4.29.0/24,"ASN 367"
214.4.30.0/23,"ASN 367"
214.14.0.0/16,"ASN 367"
214.16.210.0/24,"ASN 367"
214.19.0.0/16,"ASN 367"
214.24.21.0/24,"ASN 345"
214.24.24.0/24,"ASN 345"
214.24.26.0/23,"ASN 345"
214.24.31.0/24,"ASN 345"
214.25.1.0/24,"ASN 344"
214.25.2.0/23,"ASN 344"
214.25.4.0/24,"ASN 344"
214.25.6.0/23,"ASN 344"
214.25.8.0/23,"ASN 344"
214.25.86.0/23,"ASN 367"
214.25.88.0/21,"ASN 367"
214.25.106.0/24,"ASN 367"
214.29.129.0/24,"ASN 367"
214.29.130.0/23,"ASN 367"
214.29.132.0/22,"ASN 367"
214.37.198.0/24,"ASN 367"
214.37.205.0/24,"ASN 367"
214.58.0.0/17,"ASN 367"
214.58.128.0/20,"ASN 367"
214.58.148.0/22,"ASN 367"
214.58.152.0/22,"ASN 367"
214.58.158.0/23,"ASN 367"
214.58.160.0/19,"ASN 367"
214.58.212.0/22,"ASN 367"
214.58.216.0/23,"ASN 367"
214.58.219.0/24,"ASN 367"
214.58.224.0/21,"ASN 367"
214.58.236.0/22,"ASN 367"
214.58.240.0/20,"ASN 367"
215.1.16.0/24,"ASN 367"
215.65.31.0/24,"ASN 367"
215.65.80.0/24,"ASN 329"
215.67.2.0/24,"ASN 367"
215.67.4.0/24,"ASN 367"
215.67.58.0/24,"ASN 367"
215.67.62.0/23,"ASN 367"
215.67.64.0/18,"ASN 367"
215.70.0.0/17,"ASN 367"
215.70.128.0/18,"ASN 367"
215.71.0.0/17,"ASN 367"
215.72.0.0/17,"ASN 367"
215.76.0.0/16,"ASN 367"
2001:480:280::/48,"ASN 366"
2608:103:2740::/48,"ASN 367"
2608:104:500::/48,"ASN 367"
2608:109:15b0::/48,"ASN 367"
2608:10a:1100::/40,"ASN 306"
2608:10a:1400::/40,"ASN 306"
2608:10a:2100::/40,"ASN 306"
2608:10a:3600::/40,"ASN 306"
2608:10a:4700::/40,"ASN 306"
2608:10a:7311::/48,"ASN 306"
2608:10a:7312::/48,"ASN 306"
2608:10a:7314::/48,"ASN 306"
2608:10a:7320::/47,"ASN 306"
2608:10a:7322::/48,"ASN 306"
2608:10a:7336::/48,"ASN 306"
2608:10a:7338::/48,"ASN 306"
2608:10a:7347::/48,"ASN 306"
2608:10a:7356::/48,"ASN 306"
2608:10a:7370::/48,"ASN 306"
2608:10b:1200::/40,"ASN 306"
2608:10b:2000::/40,"ASN 306"
2608:10b:2200::/40,"ASN 306"
2608:10b:3800::/40,"ASN 306"
2608:10b:5600::/40,"ASN 306"
2608:10b:7000::/40,"ASN 306"
2608:120:17::/48,"ASN 367"
2608:124:b70::/48,"ASN 367"
2608:127:17f0::/48,"ASN 367"
2608:127:5ba0::/48,"ASN 367"
2608:128:5bc0::/48,"ASN 367"
2608:129:2a10::/48,"ASN 367"
2608:12a:1300::/40,"ASN 306"
2608:12a:2500::/40,"ASN 306"
2608:12a:3300::/40,"ASN 306"
2608:12a:3700::/40,"ASN 306"
2608:12a:4400::/40,"ASN 306"
2608:12a:7413::/48,"ASN 306"
2608:12a:7425::/48,"ASN 306"
2608:12a:7426::/48,"ASN 306"
2608:12a:7433::/48,"ASN 306"
2608:12a:7435::/48,"ASN 306"
2608:12a:7437::/48,"ASN 306"
2608:12a:7441::/48,"ASN 306"
2608:12a:7444::/48,"ASN 306"
2608:12a:7446::/48,"ASN 306"
2608:12a:7453::/48,"ASN 306"
2608:12a:7455::/48,"ASN 306"
2608:12b:2600::/40,"ASN 306"
2608:12b:3500::/40,"ASN 306"
2608:12b:4100::/40,"ASN 306"
2608:12b:5300::/40,"ASN 306"
2608:12b:6400::/40,"ASN 306"
2608:141::/48,"ASN 367"
2608:146:3f10::/48,"ASN 367"
2608:147:3f30::/48,"ASN 367"
2608:147:61d0::/48,"ASN 367"
2608:148:1b50::/48,"ASN 367"
2608:149:1b80::/48,"ASN 367"
2608:149:3f80::/48,"ASN 367"
2608:14a:1600::/40,"ASN 306"
2608:14a:2300::/40,"ASN 306"
2608:14a:2700::/40,"ASN 306"
2608:14a:3100::/40,"ASN 306"
2608:14a:3900::/40,"ASN 306"
2608:14a:4200::/40,"ASN 306"
2608:14a:4900::/40,"ASN 306"
2608:14a:7516::/48,"ASN 306"
2608:14a:7523::/48,"ASN 306"
2608:14a:7524::/48,"ASN 306"
2608:14a:7527::/48,"ASN 306"
2608:14a:7529::/48,"ASN 306"
2608:14a:7531::/48,"ASN 306"
2608:14a:7532::/48,"ASN 306"
2608:14a:7539::/48,"ASN 306"
2608:14a:7542::/48,"ASN 306"
2608:14a:7549::/48,"ASN 306"
2608:14a:7551::/48,"ASN 306"
2608:14a:7563::/48,"ASN 306"
2608:14b:1700::/40,"ASN 306"
2608:14b:2400::/40,"ASN 306"
2608:14b:2900::/40,"ASN 306"
2608:14b:3200::/40,"ASN 306"
2608:14b:4000::/40,"ASN 306"
2608:14b:5100::/40,"ASN 306"
2608:14b:6300::/40,"ASN 306"
2608:162:1660::/48,"ASN 367"
2608:165:2b0::/48,"ASN 367"
2608:165:1bc0::/48,"ASN 367"
2608:166:1bd0::/48,"ASN 367"
2608:169:9c0::/48,"ASN 367"
2608:16a:3000::/40,"ASN 306"
2608:16a:5900::/40,"ASN 306"
2608:16a:6200::/40,"ASN 306"
2608:16a:7100::/40,"ASN 306"
2608:16a:7630::/48,"ASN 306"
2608:16a:7643::/48,"ASN 306"
2608:16a:7659::/48,"ASN 306"
2608:16a:7661::/48,"ASN 306"
2608:16a:7662::/48,"ASN 306"
2608:16a:7671::/48,"ASN 306"
2608:16a:7672::/48,"ASN 306"
2608:16a:7679::/48,"ASN 306"
2608:16a:7900::/40,"ASN 306"
2608:16b:4300::/40,"ASN 306"
2608:16b:6100::/40,"ASN 306"
2608:16b:7200::/40,"ASN 306"
2608:180:18e0::/48,"ASN 367"
2608:181:4290::/48,"ASN 367"
2608:182:eb0::/48,"ASN 367"
2608:182:1900::/48,"ASN 367"
2608:183:1e::/48,"ASN 367"
2608:183:2310::/48,"ASN 367"
2608:186:2680::/48,"ASN 367"
2608:187:21::/48,"ASN 367"
2608:18a:1000::/40,"ASN 306"
2608:18a:1900::/40,"ASN 306"
2608:18a:3400::/40,"ASN 306"
2608:18a:5200::/40,"ASN 306"
2608:18a:5800::/40,"ASN 306"
2608:18b:1800::/40,"ASN 306"
2608:18b:2800::/40,"ASN 306"
2608:18b:5000::/40,"ASN 306"
2608:18b:5400::/40,"ASN 306"
2608:18b:7710::/48,"ASN 306"
2608:18b:7718::/47,"ASN 306"
2608:18b:7728::/48,"ASN 306"
2608:18b:7734::/48,"ASN 306"
2608:18b:7750::/48,"ASN 306"
2608:18b:7752::/48,"ASN 306"
2608:18b:7754::/48,"ASN 306"
2608:18b:7758::/48,"ASN 306"
2608:4120:660::/48,"ASN 367"
2608:4121:580::/48,"ASN 367"
2608:4127:290::/48,"ASN 367"
