23.129.32.0/24,"ASN 53356"
23.133.64.0/24,"ASN 53356"
23.152.224.0/24,"ASN 53356"
23.152.226.0/24,"ASN 53356"
23.154.81.0/24,"ASN 53356"
23.169.224.0/24,"ASN 53356"
23.191.80.0/24,"ASN 53356"
44.31.162.0/24,"ASN 53356"
44.32.52.0/24,"ASN 53356"
44.32.194.0/23,"ASN 53356"
45.42.42.0/24,"ASN 53356"
45.59.107.0/24,"ASN 53356"
45.62.171.0/24,"ASN 53356"
45.139.44.0/22,"ASN 53356"
45.148.76.0/22,"ASN 53356"
45.149.185.0/24,"ASN 53356"
45.151.141.0/24,"ASN 53356"
64.40.159.0/24,"ASN 53356"
66.251.131.0/24,"ASN 53356"
66.251.145.0/24,"ASN 53356"
66.251.151.0/24,"ASN 53356"
66.251.152.0/24,"ASN 53356"
66.251.154.0/23,"ASN 53356"
74.80.200.0/22,"ASN 53356"
79.135.128.0/21,"ASN 53356"
79.135.144.0/21,"ASN 53356"
80.254.208.0/22,"ASN 53356"
80.254.216.0/22,"ASN 53356"
80.254.236.0/22,"ASN 53356"
85.237.209.0/24,"ASN 53356"
91.234.22.0/24,"ASN 53356"
94.74.152.0/22,"ASN 53356"
95.173.36.0/22,"ASN 53356"
103.144.176.0/23,"ASN 53356"
109.203.168.0/21,"ASN 53356"
109.203.184.0/21,"ASN 53356"
139.177.156.0/24,"ASN 53356"
139.177.158.0/24,"ASN 53356"
140.228.16.0/24,"ASN 53356"
140.228.23.0/24,"ASN 53356"
140.228.30.0/24,"ASN 53356"
140.235.100.0/22,"ASN 53356"
140.235.144.0/22,"ASN 53356"
140.235.168.0/22,"ASN 53356"
140.235.176.0/22,"ASN 53356"
140.235.216.0/22,"ASN 53356"
141.140.15.0/24,"ASN 53356"
141.140.28.0/22,"ASN 53356"
142.202.91.0/24,"ASN 53356"
148.135.163.0/24,"ASN 53356"
151.240.16.0/24,"ASN 53356"
151.243.104.0/24,"ASN 53356"
159.253.3.0/24,"ASN 53356"
159.253.5.0/24,"ASN 53356"
162.252.52.0/22,"ASN 53356"
163.5.51.0/24,"ASN 53356"
163.5.134.0/24,"ASN 53356"
163.5.231.0/24,"ASN 53356"
163.5.244.0/24,"ASN 53356"
167.88.50.0/24,"ASN 53356"
167.253.16.0/22,"ASN 53356"
181.214.39.0/24,"ASN 53356"
185.13.227.0/24,"ASN 53356"
185.220.28.0/22,"ASN 53356"
192.84.254.0/24,"ASN 53356"
194.59.7.0/24,"ASN 53356"
194.64.164.0/22,"ASN 53356"
194.195.95.0/24,"ASN 53356"
199.30.92.0/22,"ASN 53356"
199.48.183.0/24,"ASN 53356"
199.188.236.0/24,"ASN 53356"
200.229.17.0/24,"ASN 53356"
204.14.79.0/24,"ASN 53356"
206.83.40.0/23,"ASN 53356"
206.123.142.0/24,"ASN 53356"
208.91.190.0/24,"ASN 53356"
209.20.144.0/22,"ASN 53356"
209.178.233.0/24,"ASN 53356"
213.145.88.0/24,"ASN 53356"
217.25.12.0/24,"ASN 53356"
2602:f8de::/40,"ASN 53356"
2602:f90c::/40,"ASN 53356"
2602:f91e::/40,"ASN 53356"
2602:f92d::/40,"ASN 53356"
2602:fc1c::/44,"ASN 53356"
2602:fc1c:fa0::/44,"ASN 53356"
2602:fe13:2ab::/48,"ASN 53356"
2602:fe13:300::/40,"ASN 53356"
2602:fe13:801::/48,"ASN 53356"
2602:fe13:805::/48,"ASN 53356"
2602:fe13:fa0::/43,"ASN 53356"
2602:fe13:fc3::/48,"ASN 53356"
2602:fe13:fc4::/47,"ASN 53356"
2602:fe13:fc6::/48,"ASN 53356"
2602:fed2:3e9::/48,"ASN 53356"
2602:fed2:3ec::/47,"ASN 53356"
2602:fed2:3ee::/48,"ASN 53356"
2602:fed2:fa0::/43,"ASN 53356"
2602:fed2:fc0::/44,"ASN 53356"
2602:fed2:fe0::/44,"ASN 53356"
2602:fed2:4000::/36,"ASN 53356"
2602:fed2:7080::/48,"ASN 53356"
2602:fed2:7083::/48,"ASN 53356"
2602:fed2:7084::/48,"ASN 53356"
2602:fed2:7087::/48,"ASN 53356"
2602:fed2:7088::/48,"ASN 53356"
2602:fed2:708a::/48,"ASN 53356"
2602:fed2:708c::/48,"ASN 53356"
2602:fed2:7102::/48,"ASN 53356"
2602:fed2:7109::/48,"ASN 53356"
2602:fed2:710d::/48,"ASN 53356"
2602:fed2:7113::/48,"ASN 53356"
2602:fed2:7128::/48,"ASN 53356"
2602:fed2:712d::/48,"ASN 53356"
2602:fed2:712e::/48,"ASN 53356"
2602:fed2:7181::/48,"ASN 53356"
2602:fed2:7182::/48,"ASN 53356"
2602:fed2:7184::/48,"ASN 53356"
2602:fed2:7187::/48,"ASN 53356"
2602:fed2:718b::/48,"ASN 53356"
2602:fed2:718e::/48,"ASN 53356"
2602:fed2:7190::/48,"ASN 53356"
2602:fed2:719b::/48,"ASN 53356"
2602:fed2:719d::/48,"ASN 53356"
2602:fed2:719f::/48,"ASN 53356"
2602:fed2:7305::/48,"ASN 53356"
2602:fed2:730c::/48,"ASN 53356"
2602:fed2:730f::/48,"ASN 53356"
2602:fed2:7311::/48,"ASN 53356"
2602:fed2:7319::/48,"ASN 53356"
2602:fed2:731a::/48,"ASN 53356"
2602:fed2:731e::/48,"ASN 53356"
2602:fed2:7701::/48,"ASN 53356"
2602:fed2:7e04::/48,"ASN 53356"
2602:fed2:7e84::/48,"ASN 53356"
2620:13a:c000::/40,"ASN 53356"
2a07:9200::/32,"ASN 53356"
2a07:9203::/32,"ASN 53356"
2a07:9204::/31,"ASN 53356"
2a09:342::/32,"ASN 53356"
2a09:346::/32,"ASN 53356"
2a0c:a582::/31,"ASN 53356"
2a0c:a584::/30,"ASN 53356"
2a0c:b641:493::/48,"ASN 53356"
2a0d:5100::/29,"ASN 53356"
2a0d:af00::/29,"ASN 53356"
2a0f:1080::/29,"ASN 53356"
2a0f:9400:80::/48,"ASN 53356"
2a0f:9400:fa0::/43,"ASN 53356"
2a0f:9400:6101::/48,"ASN 53356"
2a0f:9400:6103::/48,"ASN 53356"
2a0f:9400:6106::/48,"ASN 53356"
2a0f:9400:6112::/48,"ASN 53356"
2a0f:9400:6148::/48,"ASN 53356"
2a0f:9400:614b::/48,"ASN 53356"
2a0f:9400:614c::/48,"ASN 53356"
2a0f:9400:61e0::/44,"ASN 53356"
2a0f:9400:6906::/48,"ASN 53356"
2a0f:9400:6920::/44,"ASN 53356"
2a0f:9400:6931::/48,"ASN 53356"
2a0f:9400:6932::/47,"ASN 53356"
2a0f:9400:6934::/48,"ASN 53356"
2a0f:9400:6936::/48,"ASN 53356"
2a0f:9400:6c10::/44,"ASN 53356"
2a0f:9400:6c20::/43,"ASN 53356"
2a0f:9400:6c40::/44,"ASN 53356"
2a0f:9400:6e00::/40,"ASN 53356"
2a0f:9400:738c::/48,"ASN 53356"
2a0f:9400:7728::/48,"ASN 53356"
2a0f:9400:772f::/48,"ASN 53356"
2a0f:9400:8012::/48,"ASN 53356"
2a0f:9400:8024::/48,"ASN 53356"
2a0f:9405::/32,"ASN 53356"
2a0f:9cc0::/29,"ASN 53356"
2a0f:a780::/29,"ASN 53356"
2a10:dfc1::/32,"ASN 53356"
2a10:dfc2::/31,"ASN 53356"
2a10:dfc4::/30,"ASN 53356"
2a14:7c7::/32,"ASN 53356"
