93.183.10.0/23,"ASN 10455"
93.183.49.0/24,"ASN 10455"
93.183.50.0/23,"ASN 10455"
93.183.52.0/23,"ASN 10455"
131.228.56.0/22,"ASN 10455"
135.87.0.0/23,"ASN 10455"
135.87.4.0/22,"ASN 10455"
135.87.8.0/21,"ASN 10455"
135.87.21.0/24,"ASN 10455"
135.87.24.0/21,"ASN 10455"
135.87.36.0/22,"ASN 10455"
135.87.40.0/21,"ASN 10455"
135.87.48.0/20,"ASN 10455"
135.87.64.0/18,"ASN 10455"
135.87.128.0/17,"ASN 10455"
135.103.0.0/22,"ASN 10455"
135.103.4.0/23,"ASN 10455"
135.103.8.0/21,"ASN 10455"
135.103.16.0/24,"ASN 10455"
135.103.18.0/23,"ASN 10455"
135.103.20.0/22,"ASN 10455"
135.103.24.0/21,"ASN 10455"
135.103.32.0/19,"ASN 10455"
135.103.64.0/18,"ASN 10455"
135.103.128.0/17,"ASN 10455"
135.223.0.0/16,"ASN 10455"
135.245.0.0/18,"ASN 10455"
135.245.64.0/19,"ASN 10455"
135.245.96.0/21,"ASN 10455"
135.245.104.0/22,"ASN 10455"
135.245.112.0/23,"ASN 10455"
135.245.114.0/24,"ASN 10455"
135.245.116.0/24,"ASN 10455"
135.245.118.0/23,"ASN 10455"
135.245.120.0/24,"ASN 10455"
135.245.122.0/23,"ASN 10455"
135.245.124.0/22,"ASN 10455"
135.245.132.0/22,"ASN 10455"
135.245.136.0/21,"ASN 10455"
135.245.144.0/20,"ASN 10455"
135.245.160.0/20,"ASN 10455"
135.245.176.0/21,"ASN 10455"
135.245.184.0/22,"ASN 10455"
135.245.188.0/23,"ASN 10455"
135.249.0.0/18,"ASN 10455"
135.249.64.0/20,"ASN 10455"
135.249.80.0/23,"ASN 10455"
135.249.83.0/24,"ASN 10455"
135.249.84.0/22,"ASN 10455"
135.249.88.0/21,"ASN 10455"
135.249.96.0/19,"ASN 10455"
135.249.128.0/17,"ASN 10455"
135.250.0.0/18,"ASN 10455"
135.250.64.0/19,"ASN 10455"
135.250.96.0/20,"ASN 10455"
135.250.112.0/21,"ASN 10455"
135.250.120.0/22,"ASN 10455"
135.250.124.0/24,"ASN 10455"
135.250.126.0/24,"ASN 10455"
135.250.128.0/19,"ASN 10455"
135.250.160.0/21,"ASN 10455"
135.250.168.0/23,"ASN 10455"
135.250.170.0/24,"ASN 10455"
135.250.172.0/22,"ASN 10455"
135.250.176.0/20,"ASN 10455"
135.250.192.0/19,"ASN 10455"
135.250.224.0/20,"ASN 10455"
135.250.240.0/23,"ASN 10455"
135.250.244.0/22,"ASN 10455"
135.250.248.0/21,"ASN 10455"
2a00:8a01::/44,"ASN 10455"
2a00:8a01:8000::/44,"ASN 10455"
2a03:5341::/44,"ASN 10455"
