1.186.0.0/16,"ASN 8075"
2.58.103.0/24,"ASN 8075"
4.144.0.0/12,"ASN 8075"
4.160.0.0/11,"ASN 8075"
4.192.0.0/12,"ASN 8075"
4.208.0.0/14,"ASN 8075"
4.212.0.0/16,"ASN 8075"
4.213.0.0/17,"ASN 8075"
4.213.128.0/18,"ASN 8075"
4.213.192.0/19,"ASN 8075"
4.213.224.0/20,"ASN 8075"
4.213.240.0/22,"ASN 8075"
4.213.244.0/23,"ASN 8075"
4.213.246.0/24,"ASN 8075"
4.213.247.0/24,"ASN 8069"
4.213.248.0/21,"ASN 8075"
4.214.0.0/15,"ASN 8075"
4.216.0.0/13,"ASN 8075"
4.224.0.0/11,"ASN 8075"
5.23.34.0/24,"ASN 8075"
9.141.0.0/16,"ASN 8075"
9.145.0.0/16,"ASN 8075"
9.146.0.0/16,"ASN 8075"
9.160.0.0/16,"ASN 8075"
9.163.0.0/16,"ASN 8075"
9.169.0.0/16,"ASN 8075"
9.205.0.0/16,"ASN 8075"
9.223.0.0/16,"ASN 8075"
9.234.0.0/15,"ASN 8075"
13.64.0.0/11,"ASN 8075"
13.104.0.0/18,"ASN 8075"
13.104.64.0/20,"ASN 8075"
13.104.80.0/23,"ASN 8075"
13.104.82.0/24,"ASN 8069"
13.104.83.0/24,"ASN 8075"
13.104.84.0/22,"ASN 8075"
13.104.88.0/21,"ASN 8075"
13.104.96.0/19,"ASN 8075"
13.104.128.0/17,"ASN 8075"
13.105.0.0/16,"ASN 8075"
13.106.0.0/16,"ASN 8075"
13.107.0.0/23,"ASN 8075"
13.107.2.0/24,"ASN 8075"
13.107.3.0/24,"ASN 8068"
13.107.4.0/22,"ASN 8068"
13.107.8.0/24,"ASN 8075"
13.107.9.0/24,"ASN 8068"
13.107.10.0/23,"ASN 8075"
13.107.12.0/23,"ASN 8068"
13.107.14.0/24,"ASN 8075"
13.107.15.0/24,"ASN 8068"
13.107.16.0/24,"ASN 8068"
13.107.17.0/24,"ASN 8075"
13.107.18.0/23,"ASN 8068"
13.107.20.0/24,"ASN 8075"
13.107.21.0/24,"ASN 8068"
13.107.22.0/24,"ASN 8068"
13.107.23.0/24,"ASN 8075"
13.107.24.0/21,"ASN 8075"
13.107.32.0/22,"ASN 8075"
13.107.36.0/23,"ASN 8075"
13.107.38.0/24,"ASN 8075"
13.107.39.0/24,"ASN 8068"
13.107.40.0/24,"ASN 8068"
13.107.41.0/24,"ASN 8075"
13.107.42.0/23,"ASN 8068"
13.107.44.0/22,"ASN 8075"
13.107.48.0/22,"ASN 8068"
13.107.52.0/24,"ASN 8068"
13.107.53.0/24,"ASN 8075"
13.107.54.0/24,"ASN 8068"
13.107.55.0/24,"ASN 8075"
13.107.56.0/24,"ASN 8068"
13.107.57.0/24,"ASN 8075"
13.107.58.0/23,"ASN 8075"
13.107.60.0/22,"ASN 8075"
13.107.64.0/18,"ASN 8075"
13.107.128.0/23,"ASN 8068"
13.107.130.0/23,"ASN 8075"
13.107.132.0/22,"ASN 8075"
13.107.136.0/24,"ASN 8075"
13.107.137.0/24,"ASN 8068"
13.107.138.0/24,"ASN 8075"
13.107.139.0/24,"ASN 8068"
13.107.140.0/24,"ASN 8068"
13.107.141.0/24,"ASN 8075"
13.107.142.0/23,"ASN 8075"
13.107.144.0/20,"ASN 8075"
13.107.160.0/19,"ASN 8075"
13.107.192.0/19,"ASN 8075"
13.107.224.0/20,"ASN 8075"
13.107.240.0/21,"ASN 8075"
13.107.248.0/22,"ASN 8075"
13.107.252.0/23,"ASN 8075"
13.107.254.0/24,"ASN 8068"
13.107.255.0/24,"ASN 8075"
13.254.0.0/24,"ASN 8075"
13.254.4.0/24,"ASN 8075"
13.254.64.0/24,"ASN 8075"
20.0.0.0/11,"ASN 8075"
20.33.0.0/22,"ASN 8069"
20.33.4.0/23,"ASN 8069"
20.33.6.0/24,"ASN 8069"
20.33.7.0/24,"ASN 8075"
20.33.8.0/21,"ASN 8069"
20.33.16.0/20,"ASN 8069"
20.33.32.0/19,"ASN 8069"
20.33.64.0/20,"ASN 8069"
20.33.80.0/21,"ASN 8069"
20.33.88.0/22,"ASN 8069"
20.33.92.0/23,"ASN 8069"
20.33.94.0/24,"ASN 8075"
20.33.95.0/24,"ASN 8069"
20.33.96.0/23,"ASN 8069"
20.33.98.0/24,"ASN 8075"
20.33.99.0/24,"ASN 8069"
20.33.100.0/22,"ASN 8069"
20.33.104.0/21,"ASN 8069"
20.33.112.0/20,"ASN 8069"
20.33.128.0/21,"ASN 8069"
20.33.136.0/23,"ASN 8069"
20.33.138.0/24,"ASN 8069"
20.33.139.0/24,"ASN 8075"
20.33.140.0/23,"ASN 8069"
20.33.142.0/24,"ASN 8075"
20.33.143.0/24,"ASN 8069"
20.33.144.0/23,"ASN 8069"
20.33.146.0/24,"ASN 8075"
20.33.147.0/24,"ASN 8069"
20.33.148.0/22,"ASN 8069"
20.33.152.0/23,"ASN 8069"
20.33.154.0/24,"ASN 8075"
20.33.155.0/24,"ASN 8069"
20.33.156.0/22,"ASN 8069"
20.33.160.0/23,"ASN 8069"
20.33.162.0/24,"ASN 8075"
20.33.163.0/24,"ASN 8069"
20.33.164.0/22,"ASN 8069"
20.33.168.0/23,"ASN 8069"
20.33.170.0/24,"ASN 8075"
20.33.171.0/24,"ASN 8069"
20.33.172.0/24,"ASN 8069"
20.33.173.0/24,"ASN 8075"
20.33.174.0/24,"ASN 8069"
20.33.175.0/24,"ASN 8075"
20.33.176.0/24,"ASN 8075"
20.33.177.0/24,"ASN 8069"
20.33.178.0/24,"ASN 8069"
20.33.179.0/24,"ASN 8075"
20.33.180.0/22,"ASN 8069"
20.33.184.0/24,"ASN 8075"
20.33.185.0/24,"ASN 8069"
20.33.186.0/24,"ASN 8069"
20.33.187.0/24,"ASN 8075"
20.33.188.0/22,"ASN 8069"
20.33.192.0/24,"ASN 8069"
20.33.193.0/24,"ASN 8075"
20.33.194.0/24,"ASN 8069"
20.33.195.0/24,"ASN 8075"
20.33.196.0/24,"ASN 8069"
20.33.197.0/24,"ASN 8075"
20.33.198.0/23,"ASN 8069"
20.33.200.0/24,"ASN 8075"
20.33.201.0/24,"ASN 8069"
20.33.202.0/24,"ASN 8069"
20.33.203.0/24,"ASN 8075"
20.33.204.0/24,"ASN 8075"
20.33.205.0/24,"ASN 8069"
20.33.206.0/23,"ASN 8069"
20.33.208.0/21,"ASN 8069"
20.33.216.0/22,"ASN 8069"
20.33.220.0/24,"ASN 8069"
20.33.221.0/24,"ASN 8075"
20.33.222.0/23,"ASN 8069"
20.33.224.0/22,"ASN 8069"
20.33.228.0/23,"ASN 8069"
20.33.230.0/24,"ASN 8069"
20.33.231.0/24,"ASN 8075"
20.33.232.0/24,"ASN 8069"
20.33.233.0/24,"ASN 8075"
20.33.234.0/23,"ASN 8069"
20.33.236.0/22,"ASN 8069"
20.33.240.0/24,"ASN 8075"
20.33.241.0/24,"ASN 8069"
20.33.242.0/24,"ASN 8075"
20.33.243.0/24,"ASN 8069"
20.33.244.0/22,"ASN 8069"
20.33.248.0/21,"ASN 8069"
20.34.0.0/15,"ASN 8070"
20.36.0.0/15,"ASN 8075"
20.38.0.0/16,"ASN 8075"
20.39.0.0/19,"ASN 8075"
20.39.32.0/20,"ASN 8075"
20.39.48.0/21,"ASN 8075"
20.39.56.0/23,"ASN 8075"
20.39.58.0/23,"ASN 8069"
20.39.60.0/22,"ASN 8075"
20.39.64.0/18,"ASN 8075"
20.39.128.0/17,"ASN 8075"
20.40.0.0/14,"ASN 8075"
20.44.0.0/15,"ASN 8075"
20.46.0.0/16,"ASN 8075"
20.47.0.0/19,"ASN 8069"
20.47.32.0/23,"ASN 8069"
20.47.34.0/24,"ASN 8069"
20.47.35.0/24,"ASN 8075"
20.47.36.0/24,"ASN 8075"
20.47.37.0/24,"ASN 8069"
20.47.38.0/23,"ASN 8069"
20.47.40.0/22,"ASN 8069"
20.47.44.0/23,"ASN 8069"
20.47.46.0/23,"ASN 8075"
20.47.48.0/22,"ASN 8069"
20.47.52.0/24,"ASN 8075"
20.47.53.0/24,"ASN 8069"
20.47.54.0/23,"ASN 8069"
20.47.56.0/21,"ASN 8069"
20.47.64.0/21,"ASN 8069"
20.47.72.0/23,"ASN 8075"
20.47.74.0/23,"ASN 8069"
20.47.76.0/22,"ASN 8069"
20.47.80.0/21,"ASN 8069"
20.47.88.0/23,"ASN 8069"
20.47.90.0/23,"ASN 8075"
20.47.92.0/22,"ASN 8069"
20.47.96.0/19,"ASN 8069"
20.47.128.0/17,"ASN 8075"
20.48.0.0/12,"ASN 8075"
20.64.0.0/10,"ASN 8075"
20.135.0.0/16,"ASN 8075"
20.136.0.0/17,"ASN 8075"
20.140.0.0/15,"ASN 8070"
20.143.0.0/16,"ASN 8075"
20.150.0.0/15,"ASN 8075"
20.152.0.0/16,"ASN 8075"
20.153.0.0/22,"ASN 8069"
20.153.4.0/23,"ASN 8069"
20.153.6.0/23,"ASN 8075"
20.153.8.0/22,"ASN 8075"
20.153.12.0/23,"ASN 8069"
20.153.14.0/24,"ASN 8069"
20.153.15.0/24,"ASN 8075"
20.153.16.0/24,"ASN 8075"
20.153.17.0/24,"ASN 8069"
20.153.18.0/23,"ASN 8069"
20.153.20.0/24,"ASN 8075"
20.153.21.0/24,"ASN 8069"
20.153.22.0/23,"ASN 8075"
20.153.24.0/24,"ASN 8069"
20.153.25.0/24,"ASN 8075"
20.153.26.0/24,"ASN 8075"
20.153.27.0/24,"ASN 8069"
20.153.28.0/23,"ASN 8069"
20.153.30.0/24,"ASN 8075"
20.153.31.0/24,"ASN 8069"
20.153.32.0/24,"ASN 8069"
20.153.33.0/24,"ASN 8075"
20.153.34.0/23,"ASN 8069"
20.153.36.0/24,"ASN 8069"
20.153.37.0/24,"ASN 8075"
20.153.38.0/24,"ASN 8075"
20.153.39.0/24,"ASN 8069"
20.153.40.0/23,"ASN 8069"
20.153.42.0/23,"ASN 8075"
20.153.44.0/23,"ASN 8075"
20.153.46.0/24,"ASN 8075"
20.153.47.0/24,"ASN 8069"
20.153.48.0/22,"ASN 8069"
20.153.52.0/23,"ASN 8075"
20.153.54.0/24,"ASN 8075"
20.153.55.0/24,"ASN 8069"
20.153.56.0/22,"ASN 8075"
20.153.60.0/24,"ASN 8069"
20.153.61.0/24,"ASN 8075"
20.153.62.0/23,"ASN 8075"
20.153.64.0/18,"ASN 8075"
20.153.128.0/21,"ASN 8069"
20.153.136.0/22,"ASN 8069"
20.153.140.0/23,"ASN 8069"
20.153.142.0/24,"ASN 8075"
20.153.143.0/24,"ASN 8069"
20.153.144.0/21,"ASN 8069"
20.153.152.0/24,"ASN 8069"
20.153.153.0/24,"ASN 8075"
20.153.154.0/24,"ASN 8069"
20.153.155.0/24,"ASN 8075"
20.153.156.0/22,"ASN 8069"
20.153.160.0/19,"ASN 8069"
20.153.192.0/20,"ASN 8069"
20.153.208.0/21,"ASN 8069"
20.153.216.0/22,"ASN 8069"
20.153.220.0/23,"ASN 8069"
20.153.222.0/23,"ASN 8075"
20.153.224.0/23,"ASN 8075"
20.153.226.0/23,"ASN 8069"
20.153.228.0/22,"ASN 8069"
20.153.232.0/21,"ASN 8069"
20.153.240.0/20,"ASN 8069"
20.157.0.0/23,"ASN 8075"
20.157.2.0/23,"ASN 8069"
20.157.4.0/22,"ASN 8069"
20.157.8.0/21,"ASN 8069"
20.157.16.0/22,"ASN 8069"
20.157.20.0/24,"ASN 8075"
20.157.21.0/24,"ASN 8069"
20.157.22.0/23,"ASN 8069"
20.157.24.0/21,"ASN 8069"
20.157.32.0/19,"ASN 8069"
20.157.64.0/21,"ASN 8069"
20.157.72.0/23,"ASN 8069"
20.157.74.0/24,"ASN 8075"
20.157.75.0/24,"ASN 8069"
20.157.76.0/22,"ASN 8069"
20.157.80.0/20,"ASN 8069"
20.157.96.0/22,"ASN 8069"
20.157.100.0/24,"ASN 8069"
20.157.101.0/24,"ASN 8075"
20.157.102.0/23,"ASN 8069"
20.157.104.0/21,"ASN 8069"
20.157.112.0/20,"ASN 8069"
20.157.128.0/23,"ASN 8069"
20.157.130.0/24,"ASN 8069"
20.157.131.0/24,"ASN 8075"
20.157.132.0/24,"ASN 8069"
20.157.133.0/24,"ASN 8075"
20.157.134.0/24,"ASN 8069"
20.157.135.0/24,"ASN 8075"
20.157.136.0/23,"ASN 8075"
20.157.138.0/24,"ASN 8075"
20.157.139.0/24,"ASN 8069"
20.157.140.0/23,"ASN 8075"
20.157.142.0/23,"ASN 8069"
20.157.144.0/21,"ASN 8069"
20.157.152.0/23,"ASN 8069"
20.157.154.0/24,"ASN 8075"
20.157.155.0/24,"ASN 8069"
20.157.156.0/24,"ASN 8075"
20.157.157.0/24,"ASN 8069"
20.157.158.0/23,"ASN 8069"
20.157.160.0/20,"ASN 8069"
20.157.176.0/21,"ASN 8069"
20.157.184.0/23,"ASN 8069"
20.157.186.0/24,"ASN 8069"
20.157.187.0/24,"ASN 8075"
20.157.188.0/23,"ASN 8075"
20.157.190.0/24,"ASN 8075"
20.157.191.0/24,"ASN 8069"
20.157.192.0/21,"ASN 8069"
20.157.200.0/22,"ASN 8069"
20.157.204.0/23,"ASN 8069"
20.157.206.0/24,"ASN 8069"
20.157.207.0/24,"ASN 8075"
20.157.208.0/20,"ASN 8069"
20.157.224.0/22,"ASN 8069"
20.157.228.0/24,"ASN 8075"
20.157.229.0/24,"ASN 8069"
20.157.230.0/23,"ASN 8069"
20.157.232.0/21,"ASN 8069"
20.157.240.0/21,"ASN 8069"
20.157.248.0/22,"ASN 8069"
20.157.252.0/23,"ASN 8069"
20.157.254.0/24,"ASN 8075"
20.157.255.0/24,"ASN 8069"
20.158.0.0/15,"ASN 8070"
20.160.0.0/12,"ASN 8075"
20.184.0.0/13,"ASN 8075"
20.192.0.0/10,"ASN 8075"
23.96.0.0/14,"ASN 8075"
23.100.0.0/15,"ASN 8075"
23.102.0.0/16,"ASN 8075"
23.103.64.0/18,"ASN 8075"
23.103.128.0/17,"ASN 8075"
23.154.88.0/24,"ASN 8075"
31.56.106.0/24,"ASN 8075"
37.228.121.0/24,"ASN 8075"
37.228.126.0/24,"ASN 8075"
40.47.0.0/16,"ASN 8075"
40.64.0.0/16,"ASN 8075"
40.65.0.0/18,"ASN 8075"
40.65.64.0/23,"ASN 8075"
40.65.66.0/24,"ASN 8075"
40.65.67.0/24,"ASN 8069"
40.65.68.0/22,"ASN 8075"
40.65.72.0/21,"ASN 8075"
40.65.80.0/20,"ASN 8075"
40.65.96.0/19,"ASN 8075"
40.65.128.0/17,"ASN 8075"
40.66.0.0/17,"ASN 8075"
40.67.0.0/16,"ASN 8075"
40.68.0.0/14,"ASN 8075"
40.74.0.0/15,"ASN 8075"
40.76.0.0/14,"ASN 8075"
40.80.0.0/18,"ASN 8075"
40.80.64.0/22,"ASN 8075"
40.80.68.0/23,"ASN 8075"
40.80.70.0/24,"ASN 8075"
40.80.71.0/24,"ASN 8069"
40.80.72.0/21,"ASN 8075"
40.80.80.0/20,"ASN 8075"
40.80.96.0/19,"ASN 8075"
40.80.128.0/17,"ASN 8075"
40.81.0.0/16,"ASN 8075"
40.82.0.0/15,"ASN 8075"
40.84.0.0/15,"ASN 8075"
40.86.0.0/16,"ASN 8075"
40.87.0.0/19,"ASN 8075"
40.87.32.0/22,"ASN 8075"
40.87.36.0/23,"ASN 8075"
40.87.38.0/24,"ASN 8075"
40.87.39.0/24,"ASN 8069"
40.87.40.0/21,"ASN 8075"
40.87.48.0/20,"ASN 8075"
40.87.64.0/18,"ASN 8075"
40.87.128.0/17,"ASN 8075"
40.88.0.0/13,"ASN 8075"
40.96.0.0/13,"ASN 8075"
40.104.0.0/14,"ASN 8075"
40.108.128.0/17,"ASN 8075"
40.110.0.0/15,"ASN 8075"
40.112.0.0/13,"ASN 8075"
40.120.0.0/14,"ASN 8075"
40.124.0.0/16,"ASN 8075"
40.125.0.0/17,"ASN 8075"
40.126.0.0/18,"ASN 8075"
40.126.128.0/17,"ASN 8075"
40.127.0.0/16,"ASN 8075"
40.146.0.0/16,"ASN 8075"
40.148.0.0/16,"ASN 8075"
40.155.0.0/16,"ASN 8075"
40.159.0.0/16,"ASN 8075"
40.169.0.0/16,"ASN 8075"
40.170.0.0/15,"ASN 8075"
40.212.0.0/16,"ASN 8075"
40.253.0.0/16,"ASN 8075"
41.223.11.0/24,"ASN 8075"
45.8.43.0/24,"ASN 8075"
45.66.80.0/24,"ASN 8075"
45.82.119.0/24,"ASN 8075"
45.143.224.0/23,"ASN 8075"
45.156.164.0/23,"ASN 8075"
45.157.47.0/24,"ASN 8075"
46.29.242.0/24,"ASN 8075"
48.192.0.0/11,"ASN 8075"
50.85.0.0/16,"ASN 8075"
51.1.0.0/16,"ASN 8075"
51.4.0.0/15,"ASN 8075"
51.8.0.0/16,"ASN 8075"
51.10.0.0/15,"ASN 8075"
51.12.0.0/15,"ASN 8075"
51.42.0.0/16,"ASN 8075"
51.51.0.0/16,"ASN 8075"
51.53.0.0/16,"ASN 8075"
51.54.0.0/15,"ASN 8070"
51.56.0.0/14,"ASN 8075"
51.103.0.0/16,"ASN 8075"
51.104.0.0/15,"ASN 8075"
51.107.0.0/16,"ASN 8075"
51.109.0.0/16,"ASN 8075"
51.111.0.0/16,"ASN 8075"
51.116.0.0/16,"ASN 8075"
51.120.0.0/16,"ASN 8075"
51.124.0.0/16,"ASN 8075"
51.126.0.0/16,"ASN 8075"
51.132.0.0/16,"ASN 8075"
51.136.0.0/15,"ASN 8075"
51.138.0.0/16,"ASN 8075"
51.140.0.0/14,"ASN 8075"
51.144.0.0/15,"ASN 8075"
52.96.0.0/12,"ASN 8075"
52.112.0.0/16,"ASN 8075"
52.113.0.0/17,"ASN 8075"
52.113.128.0/18,"ASN 8075"
52.113.192.0/23,"ASN 8075"
52.113.194.0/23,"ASN 8068"
52.113.196.0/23,"ASN 8068"
52.113.198.0/23,"ASN 8075"
52.113.200.0/21,"ASN 8075"
52.113.208.0/20,"ASN 8075"
52.113.224.0/19,"ASN 8075"
52.114.0.0/15,"ASN 8075"
52.120.0.0/15,"ASN 8075"
52.122.0.0/19,"ASN 8069"
52.122.32.0/22,"ASN 8069"
52.122.36.0/22,"ASN 8075"
52.122.40.0/22,"ASN 8075"
52.122.44.0/22,"ASN 8069"
52.122.48.0/22,"ASN 8075"
52.122.52.0/22,"ASN 8069"
52.122.56.0/21,"ASN 8069"
52.122.64.0/18,"ASN 8069"
52.122.128.0/18,"ASN 8069"
52.122.192.0/21,"ASN 8069"
52.122.200.0/22,"ASN 8069"
52.122.204.0/22,"ASN 8075"
52.122.208.0/21,"ASN 8075"
52.122.216.0/22,"ASN 8075"
52.122.220.0/22,"ASN 8069"
52.122.224.0/20,"ASN 8069"
52.122.240.0/21,"ASN 8069"
52.122.248.0/22,"ASN 8069"
52.122.252.0/24,"ASN 8069"
52.122.253.0/24,"ASN 8075"
52.122.254.0/23,"ASN 8069"
52.123.0.0/16,"ASN 8075"
52.125.0.0/16,"ASN 8075"
52.126.0.0/15,"ASN 8070"
52.136.0.0/13,"ASN 8075"
52.146.0.0/15,"ASN 8075"
52.148.0.0/14,"ASN 8075"
52.152.0.0/13,"ASN 8075"
52.160.0.0/11,"ASN 8075"
52.224.0.0/11,"ASN 8075"
57.150.0.0/15,"ASN 8075"
57.152.0.0/13,"ASN 8075"
57.160.0.0/12,"ASN 8075"
62.10.0.0/15,"ASN 8070"
62.12.56.0/22,"ASN 8075"
62.12.60.0/23,"ASN 8075"
62.97.228.0/24,"ASN 8075"
62.132.26.0/23,"ASN 8075"
62.231.53.0/24,"ASN 8075"
63.116.158.0/24,"ASN 8075"
64.4.0.0/18,"ASN 8075"
64.13.130.0/23,"ASN 8075"
64.15.23.0/24,"ASN 8075"
64.15.25.0/24,"ASN 8075"
64.40.134.0/24,"ASN 8075"
64.40.141.0/24,"ASN 8070"
64.40.142.0/23,"ASN 8070"
64.52.107.0/24,"ASN 8075"
64.72.206.0/24,"ASN 8075"
64.112.188.0/24,"ASN 8075"
64.236.0.0/16,"ASN 8075"
65.52.0.0/16,"ASN 8075"
65.54.0.0/15,"ASN 8075"
66.9.47.0/24,"ASN 8075"
66.45.92.0/24,"ASN 8075"
66.94.52.0/23,"ASN 8075"
66.119.144.0/20,"ASN 8075"
66.132.204.0/22,"ASN 8075"
66.178.148.0/23,"ASN 8075"
66.235.159.0/24,"ASN 8075"
67.210.98.0/23,"ASN 8075"
67.210.128.0/23,"ASN 8075"
68.154.0.0/15,"ASN 8075"
68.210.0.0/15,"ASN 8075"
68.218.0.0/15,"ASN 8075"
68.220.0.0/15,"ASN 8075"
69.15.0.0/16,"ASN 8075"
69.52.192.0/23,"ASN 8075"
69.52.198.0/23,"ASN 8075"
69.52.204.0/24,"ASN 8075"
69.59.17.0/24,"ASN 8075"
69.72.71.0/24,"ASN 8075"
69.84.180.0/23,"ASN 8075"
70.35.156.0/24,"ASN 8075"
70.37.0.0/17,"ASN 8075"
70.37.128.0/18,"ASN 8075"
70.152.0.0/15,"ASN 8075"
70.156.0.0/15,"ASN 8075"
72.16.128.0/17,"ASN 8075"
72.18.78.0/24,"ASN 8075"
72.54.0.0/16,"ASN 8075"
72.144.0.0/14,"ASN 8075"
72.152.0.0/14,"ASN 8075"
74.7.0.0/16,"ASN 8075"
74.80.229.0/24,"ASN 8075"
74.116.254.0/23,"ASN 8075"
74.117.19.0/24,"ASN 8075"
74.144.0.0/12,"ASN 8075"
74.160.0.0/14,"ASN 8075"
74.176.0.0/14,"ASN 8075"
74.200.130.0/24,"ASN 8075"
74.224.0.0/14,"ASN 8075"
74.234.0.0/15,"ASN 8075"
74.240.0.0/14,"ASN 8075"
74.248.0.0/15,"ASN 8075"
79.170.98.0/24,"ASN 8075"
81.22.128.0/24,"ASN 8075"
82.87.0.0/16,"ASN 8075"
82.171.0.0/16,"ASN 8075"
83.218.234.0/24,"ASN 8075"
84.81.0.0/16,"ASN 8075"
84.222.0.0/15,"ASN 8075"
85.210.0.0/15,"ASN 8075"
85.212.0.0/16,"ASN 8075"
86.38.164.0/24,"ASN 8075"
86.91.0.0/16,"ASN 8075"
89.213.146.0/24,"ASN 8075"
91.203.230.0/24,"ASN 8075"
91.216.184.0/24,"ASN 8075"
91.234.239.0/24,"ASN 8075"
91.242.222.0/24,"ASN 8075"
91.244.201.0/24,"ASN 8075"
91.245.215.0/24,"ASN 8075"
92.118.22.0/23,"ASN 8075"
94.143.105.0/24,"ASN 8075"
94.143.106.0/23,"ASN 8075"
94.143.108.0/23,"ASN 8075"
94.143.110.0/24,"ASN 8075"
94.245.64.0/18,"ASN 8075"
97.107.239.0/24,"ASN 8070"
98.64.0.0/14,"ASN 8075"
98.70.0.0/15,"ASN 8075"
102.37.0.0/16,"ASN 8075"
102.133.0.0/16,"ASN 8075"
102.211.187.0/24,"ASN 8075"
102.223.214.0/24,"ASN 8075"
103.8.80.0/24,"ASN 8075"
103.36.129.0/24,"ASN 8075"
103.58.119.0/24,"ASN 8075"
103.61.61.0/24,"ASN 8075"
103.61.62.0/24,"ASN 8075"
103.103.46.0/23,"ASN 8075"
103.131.148.0/23,"ASN 8075"
103.155.245.0/24,"ASN 8075"
103.158.243.0/24,"ASN 8075"
103.164.237.0/24,"ASN 8075"
103.249.62.0/23,"ASN 8075"
104.40.0.0/13,"ASN 8075"
104.146.128.0/17,"ASN 8075"
104.204.254.0/24,"ASN 8075"
104.208.0.0/13,"ASN 8075"
104.237.40.0/24,"ASN 8075"
108.140.0.0/14,"ASN 8075"
108.161.110.0/24,"ASN 8075"
109.246.0.0/16,"ASN 8075"
111.221.16.0/21,"ASN 8075"
111.221.24.0/22,"ASN 8075"
111.221.29.0/24,"ASN 8075"
111.221.30.0/23,"ASN 8075"
111.221.64.0/18,"ASN 8075"
113.197.64.0/22,"ASN 8075"
115.42.47.0/24,"ASN 8075"
117.121.247.0/24,"ASN 8075"
122.149.0.0/16,"ASN 8075"
124.252.0.0/16,"ASN 8075"
128.24.0.0/16,"ASN 8075"
128.36.15.0/24,"ASN 8075"
128.85.0.0/16,"ASN 8075"
128.94.0.0/16,"ASN 8075"
128.127.76.0/24,"ASN 8075"
128.127.79.0/24,"ASN 8075"
128.203.0.0/16,"ASN 8075"
128.251.0.0/16,"ASN 8075"
129.35.19.0/24,"ASN 8075"
129.135.0.0/16,"ASN 8075"
130.33.0.0/16,"ASN 8075"
130.107.0.0/16,"ASN 8075"
130.115.248.0/21,"ASN 8075"
130.131.0.0/16,"ASN 8075"
130.213.0.0/16,"ASN 8075"
131.145.0.0/16,"ASN 8075"
131.163.0.0/16,"ASN 8075"
131.189.0.0/16,"ASN 8075"
131.253.1.0/24,"ASN 8075"
131.253.3.0/24,"ASN 8068"
131.253.5.0/24,"ASN 8075"
131.253.6.0/24,"ASN 8075"
131.253.8.0/24,"ASN 8075"
131.253.12.0/22,"ASN 8075"
131.253.21.0/24,"ASN 8068"
131.253.24.0/21,"ASN 8075"
131.253.32.0/24,"ASN 8075"
131.253.33.0/24,"ASN 8068"
131.253.34.0/23,"ASN 8075"
131.253.36.0/22,"ASN 8075"
131.253.40.0/21,"ASN 8075"
131.253.61.0/24,"ASN 8075"
131.253.62.0/23,"ASN 8075"
131.253.72.0/22,"ASN 8070"
131.253.80.0/20,"ASN 8070"
131.253.112.0/21,"ASN 8070"
131.253.120.0/22,"ASN 8070"
131.253.128.0/17,"ASN 8075"
132.164.0.0/16,"ASN 8075"
132.196.0.0/16,"ASN 8075"
132.220.0.0/16,"ASN 8075"
132.245.0.0/16,"ASN 8075"
134.33.0.0/16,"ASN 8075"
134.112.0.0/16,"ASN 8075"
134.138.0.0/16,"ASN 8075"
134.149.0.0/16,"ASN 8075"
134.170.0.0/16,"ASN 8075"
135.4.0.0/16,"ASN 8075"
135.6.0.0/15,"ASN 8075"
135.13.0.0/16,"ASN 8075"
135.18.0.0/16,"ASN 8075"
135.56.0.0/24,"ASN 8075"
135.56.2.0/24,"ASN 8075"
135.56.4.0/23,"ASN 8075"
135.56.6.0/24,"ASN 8075"
135.56.8.0/24,"ASN 8075"
135.85.0.0/16,"ASN 8075"
135.86.0.0/16,"ASN 8075"
135.88.0.0/16,"ASN 8075"
135.93.0.0/16,"ASN 8075"
135.116.0.0/16,"ASN 8075"
135.119.0.0/16,"ASN 8075"
135.130.0.0/16,"ASN 8075"
135.149.0.0/16,"ASN 8075"
135.171.0.0/16,"ASN 8075"
135.183.0.0/16,"ASN 8075"
135.185.0.0/16,"ASN 8075"
135.220.0.0/15,"ASN 8075"
135.222.0.0/16,"ASN 8075"
135.224.0.0/15,"ASN 8075"
135.226.0.0/16,"ASN 8075"
135.228.0.0/15,"ASN 8075"
135.230.0.0/16,"ASN 8075"
135.232.0.0/14,"ASN 8075"
135.236.0.0/15,"ASN 8075"
135.240.0.0/15,"ASN 8075"
135.244.0.0/16,"ASN 8075"
135.246.0.0/15,"ASN 8075"
135.254.0.0/15,"ASN 8075"
137.70.152.0/24,"ASN 8075"
137.70.154.0/24,"ASN 8075"
137.70.156.0/24,"ASN 8070"
137.70.158.0/24,"ASN 8070"
137.116.0.0/15,"ASN 8075"
137.135.0.0/16,"ASN 8075"
137.162.0.0/16,"ASN 8075"
138.32.109.0/24,"ASN 8075"
138.32.110.0/23,"ASN 8075"
138.32.112.0/24,"ASN 8075"
138.32.114.0/24,"ASN 8075"
138.91.0.0/16,"ASN 8075"
138.105.0.0/16,"ASN 8075"
138.128.250.0/23,"ASN 8075"
138.213.0.0/16,"ASN 8075"
138.239.0.0/16,"ASN 8075"
139.188.0.0/16,"ASN 8075"
141.59.240.0/21,"ASN 8075"
141.193.248.0/24,"ASN 8075"
141.206.200.0/24,"ASN 8075"
142.0.188.0/23,"ASN 8075"
142.55.22.0/24,"ASN 8075"
142.147.54.0/24,"ASN 8075"
142.147.61.0/24,"ASN 8075"
142.225.36.0/23,"ASN 8075"
142.229.194.0/23,"ASN 8075"
143.20.231.0/24,"ASN 8075"
143.188.148.0/22,"ASN 8075"
143.188.152.0/21,"ASN 8075"
143.188.160.0/23,"ASN 8075"
143.209.0.0/16,"ASN 8075"
143.226.0.0/16,"ASN 8075"
143.241.0.0/16,"ASN 8075"
144.77.160.0/23,"ASN 8075"
144.203.152.0/23,"ASN 8075"
145.46.160.0/22,"ASN 8075"
145.69.64.0/20,"ASN 8075"
145.83.4.0/22,"ASN 8075"
145.129.0.0/16,"ASN 8075"
145.130.0.0/16,"ASN 8075"
145.132.0.0/15,"ASN 8075"
145.190.0.0/23,"ASN 8069"
145.190.2.0/24,"ASN 8069"
145.190.3.0/24,"ASN 8075"
145.190.4.0/23,"ASN 8075"
145.190.6.0/24,"ASN 8075"
145.190.7.0/24,"ASN 8069"
145.190.8.0/21,"ASN 8075"
145.190.16.0/20,"ASN 8075"
145.190.32.0/20,"ASN 8069"
145.190.48.0/21,"ASN 8069"
145.190.56.0/22,"ASN 8069"
145.190.60.0/22,"ASN 8075"
145.190.64.0/18,"ASN 8075"
145.190.128.0/17,"ASN 8075"
145.191.0.0/16,"ASN 8075"
145.219.18.0/23,"ASN 8075"
145.219.20.0/22,"ASN 8075"
145.219.24.0/21,"ASN 8075"
145.219.32.0/23,"ASN 8075"
146.116.249.0/24,"ASN 8075"
146.225.0.0/21,"ASN 8075"
147.79.26.0/24,"ASN 8075"
147.140.72.0/23,"ASN 8075"
147.145.0.0/16,"ASN 8075"
147.160.48.0/24,"ASN 8075"
147.214.0.0/16,"ASN 8075"
147.243.0.0/16,"ASN 8075"
148.7.0.0/16,"ASN 8075"
148.53.0.0/16,"ASN 8075"
148.59.127.0/24,"ASN 8075"
149.1.0.0/16,"ASN 8075"
149.175.0.0/16,"ASN 8075"
149.198.0.0/16,"ASN 8075"
149.204.0.0/16,"ASN 8075"
150.171.0.0/19,"ASN 8075"
150.171.32.0/24,"ASN 8068"
150.171.33.0/24,"ASN 8075"
150.171.34.0/23,"ASN 8075"
150.171.36.0/22,"ASN 8075"
150.171.40.0/24,"ASN 8075"
150.171.41.0/24,"ASN 8068"
150.171.42.0/24,"ASN 8075"
150.171.43.0/24,"ASN 8068"
150.171.44.0/24,"ASN 8068"
150.171.45.0/24,"ASN 8075"
150.171.46.0/23,"ASN 8075"
150.171.48.0/20,"ASN 8075"
150.171.64.0/18,"ASN 8075"
150.171.128.0/17,"ASN 8075"
150.212.0.0/16,"ASN 8075"
151.129.0.0/16,"ASN 8075"
151.206.0.0/16,"ASN 8075"
151.243.110.0/24,"ASN 8075"
151.243.184.0/22,"ASN 8075"
152.138.0.0/16,"ASN 8075"
152.228.48.0/23,"ASN 8070"
153.65.20.0/24,"ASN 8075"
153.65.71.0/24,"ASN 8075"
155.55.192.0/22,"ASN 8075"
155.60.224.0/23,"ASN 8075"
155.60.226.0/24,"ASN 8075"
155.60.232.0/23,"ASN 8075"
155.60.234.0/24,"ASN 8075"
155.60.240.0/23,"ASN 8075"
155.60.242.0/24,"ASN 8075"
155.62.0.0/16,"ASN 8075"
155.117.144.0/22,"ASN 8075"
155.231.208.0/23,"ASN 8075"
156.20.22.0/23,"ASN 8075"
156.23.0.0/16,"ASN 8075"
156.29.16.0/24,"ASN 8075"
157.31.0.0/16,"ASN 8075"
157.55.0.0/16,"ASN 8075"
157.56.0.0/16,"ASN 8075"
157.81.0.0/16,"ASN 8075"
157.95.0.0/16,"ASN 8075"
157.172.0.0/16,"ASN 8075"
157.176.0.0/16,"ASN 8075"
157.207.4.0/23,"ASN 8075"
157.252.0.0/16,"ASN 8075"
158.23.0.0/16,"ASN 8075"
158.24.0.0/16,"ASN 8075"
158.53.0.0/16,"ASN 8075"
158.86.31.0/24,"ASN 8075"
158.86.95.0/24,"ASN 8075"
158.158.0.0/16,"ASN 8075"
159.105.18.0/24,"ASN 8075"
159.128.0.0/16,"ASN 8075"
160.4.0.0/16,"ASN 8075"
160.92.192.0/24,"ASN 8075"
160.187.9.0/24,"ASN 8075"
160.207.0.0/16,"ASN 8075"
160.234.0.0/16,"ASN 8075"
161.131.104.0/24,"ASN 8075"
161.131.217.0/24,"ASN 8075"
161.157.0.0/16,"ASN 8075"
161.195.96.0/21,"ASN 8075"
161.195.152.0/24,"ASN 8075"
161.195.155.0/24,"ASN 8075"
161.195.188.0/23,"ASN 8075"
161.220.0.0/16,"ASN 8075"
161.221.0.0/22,"ASN 8075"
161.221.4.0/23,"ASN 8075"
161.221.6.0/24,"ASN 8075"
162.254.245.0/24,"ASN 8075"
162.254.247.0/24,"ASN 8075"
163.57.0.0/16,"ASN 8075"
163.61.89.0/24,"ASN 8075"
163.199.84.0/23,"ASN 8075"
164.75.128.0/22,"ASN 8075"
164.75.132.0/23,"ASN 8075"
165.15.0.0/16,"ASN 8075"
165.17.0.0/16,"ASN 8075"
165.99.141.0/24,"ASN 8075"
165.125.48.0/21,"ASN 8075"
165.159.132.0/22,"ASN 8070"
165.159.136.0/22,"ASN 8070"
165.159.188.0/22,"ASN 8070"
165.224.64.0/22,"ASN 8075"
166.98.6.0/23,"ASN 8075"
167.21.32.0/21,"ASN 8075"
167.21.152.0/21,"ASN 8075"
167.92.211.0/24,"ASN 8075"
167.92.212.0/24,"ASN 8075"
167.105.0.0/16,"ASN 8075"
167.162.0.0/16,"ASN 8075"
167.186.0.0/16,"ASN 8075"
167.231.0.0/16,"ASN 8075"
167.253.12.0/22,"ASN 8075"
168.61.0.0/16,"ASN 8075"
168.62.0.0/15,"ASN 8075"
168.137.64.0/20,"ASN 8075"
169.138.0.0/16,"ASN 8075"
170.22.154.0/23,"ASN 8075"
170.22.156.0/23,"ASN 8075"
170.39.84.0/23,"ASN 8075"
170.39.86.0/24,"ASN 8075"
170.62.37.0/24,"ASN 8075"
170.85.197.0/24,"ASN 8070"
170.85.198.0/24,"ASN 8070"
170.110.250.0/24,"ASN 8075"
170.114.39.0/24,"ASN 8075"
170.114.47.0/24,"ASN 8075"
170.114.56.0/23,"ASN 8075"
170.165.0.0/16,"ASN 8075"
170.170.120.0/22,"ASN 8075"
170.170.127.0/24,"ASN 8075"
170.176.147.0/24,"ASN 8075"
170.176.205.0/24,"ASN 8075"
172.128.0.0/10,"ASN 8075"
172.192.0.0/12,"ASN 8075"
172.208.0.0/13,"ASN 8075"
173.200.0.0/16,"ASN 8075"
173.241.37.0/24,"ASN 8075"
176.116.123.0/24,"ASN 8075"
178.251.21.0/24,"ASN 8075"
178.255.242.0/24,"ASN 8075"
185.12.10.0/24,"ASN 8075"
185.34.250.0/24,"ASN 8075"
185.52.203.0/24,"ASN 8075"
185.76.37.0/24,"ASN 8075"
185.76.182.0/23,"ASN 8075"
185.84.177.0/24,"ASN 8075"
185.84.178.0/23,"ASN 8075"
185.87.134.0/24,"ASN 8075"
185.90.154.0/24,"ASN 8075"
185.113.189.0/24,"ASN 8075"
185.115.155.0/24,"ASN 8075"
185.116.168.0/23,"ASN 8075"
185.117.95.0/24,"ASN 8075"
185.117.183.0/24,"ASN 8075"
185.117.230.0/24,"ASN 8075"
185.135.58.0/24,"ASN 8075"
185.149.54.0/24,"ASN 8075"
185.154.80.0/22,"ASN 8075"
185.157.16.0/22,"ASN 8075"
185.187.104.0/23,"ASN 8075"
185.187.123.0/24,"ASN 8075"
185.192.184.0/23,"ASN 8075"
185.195.244.0/23,"ASN 8075"
185.209.208.0/23,"ASN 8075"
185.211.208.0/24,"ASN 8075"
185.222.140.0/22,"ASN 8075"
185.236.221.0/24,"ASN 8075"
185.242.137.0/24,"ASN 8075"
185.242.139.0/24,"ASN 8075"
188.94.190.0/24,"ASN 8075"
191.232.0.0/13,"ASN 8075"
192.0.58.0/23,"ASN 8075"
192.28.24.0/23,"ASN 8075"
192.34.34.0/24,"ASN 8075"
192.40.76.0/22,"ASN 8075"
192.48.225.0/24,"ASN 8075"
192.64.201.0/24,"ASN 8075"
192.71.41.0/24,"ASN 8075"
192.80.246.0/23,"ASN 8075"
192.84.160.0/23,"ASN 8075"
192.94.1.0/24,"ASN 8075"
192.100.104.0/21,"ASN 8075"
192.100.112.0/20,"ASN 8075"
192.100.128.0/22,"ASN 8075"
192.102.165.0/24,"ASN 8075"
192.131.254.0/24,"ASN 8075"
192.132.27.0/24,"ASN 8075"
192.160.194.0/24,"ASN 8075"
192.195.98.0/24,"ASN 8075"
192.197.157.0/24,"ASN 8075"
192.243.86.0/23,"ASN 8075"
193.8.43.0/24,"ASN 8075"
193.17.104.0/23,"ASN 8075"
193.17.106.0/24,"ASN 8075"
193.17.108.0/23,"ASN 8075"
193.17.110.0/24,"ASN 8075"
193.17.112.0/23,"ASN 8075"
193.17.116.0/23,"ASN 8075"
193.17.120.0/23,"ASN 8075"
193.17.124.0/23,"ASN 8075"
193.29.158.0/24,"ASN 8075"
193.53.155.0/24,"ASN 8075"
193.134.96.0/24,"ASN 8075"
193.135.41.0/24,"ASN 8075"
193.149.64.0/19,"ASN 8075"
193.189.114.0/23,"ASN 8075"
193.221.113.0/24,"ASN 8075"
194.33.109.0/24,"ASN 8075"
194.41.19.0/24,"ASN 8075"
194.41.22.0/23,"ASN 8075"
194.44.235.0/24,"ASN 8075"
194.45.24.0/23,"ASN 8075"
194.49.206.0/24,"ASN 8075"
194.50.21.0/24,"ASN 8075"
194.50.22.0/23,"ASN 8075"
194.76.102.0/24,"ASN 8075"
194.110.197.0/24,"ASN 8075"
194.113.230.0/24,"ASN 8075"
194.150.192.0/24,"ASN 8075"
194.180.131.0/24,"ASN 8075"
195.8.43.0/24,"ASN 8075"
195.43.44.0/24,"ASN 8075"
195.43.46.0/24,"ASN 8075"
195.85.113.0/24,"ASN 8075"
195.88.21.0/24,"ASN 8075"
195.105.26.0/24,"ASN 8075"
195.114.140.0/24,"ASN 8075"
195.134.224.0/19,"ASN 8070"
198.8.73.0/24,"ASN 8075"
198.22.19.0/24,"ASN 8075"
198.47.13.0/24,"ASN 8075"
198.49.8.0/24,"ASN 8075"
198.49.178.0/24,"ASN 8075"
198.51.0.0/24,"ASN 8075"
198.52.0.0/24,"ASN 8075"
198.91.39.0/24,"ASN 8075"
198.167.255.0/24,"ASN 8075"
198.180.95.0/24,"ASN 8075"
198.180.97.0/24,"ASN 8075"
198.185.5.0/24,"ASN 8075"
198.200.130.0/24,"ASN 8075"
198.202.27.0/24,"ASN 8075"
198.206.164.0/24,"ASN 8075"
198.245.174.0/24,"ASN 8075"
198.252.211.0/24,"ASN 8075"
199.0.184.0/23,"ASN 8075"
199.15.136.0/23,"ASN 8070"
199.15.138.0/24,"ASN 8070"
199.21.128.0/24,"ASN 8075"
199.26.109.0/24,"ASN 8075"
199.27.231.0/24,"ASN 8075"
199.30.16.0/20,"ASN 8075"
199.34.97.0/24,"ASN 8070"
199.34.122.0/24,"ASN 8075"
199.38.175.0/24,"ASN 8075"
199.50.0.0/16,"ASN 8075"
199.60.28.0/24,"ASN 8075"
199.65.27.0/24,"ASN 8075"
199.65.29.0/24,"ASN 8075"
199.65.30.0/23,"ASN 8075"
199.65.40.0/24,"ASN 8075"
199.65.243.0/24,"ASN 8075"
199.65.247.0/24,"ASN 8075"
199.65.251.0/24,"ASN 8075"
199.103.90.0/23,"ASN 8075"
199.103.122.0/24,"ASN 8075"
199.118.0.0/16,"ASN 8075"
199.181.32.0/24,"ASN 8075"
199.181.34.0/24,"ASN 8075"
199.181.39.0/24,"ASN 8075"
199.189.36.0/23,"ASN 8075"
199.189.38.0/24,"ASN 8075"
199.229.48.0/24,"ASN 8075"
199.233.162.0/24,"ASN 8075"
199.242.32.0/20,"ASN 8075"
199.242.48.0/21,"ASN 8075"
199.247.205.0/24,"ASN 8075"
199.248.124.0/24,"ASN 8075"
199.255.253.0/24,"ASN 8075"
202.12.70.0/24,"ASN 8075"
202.14.81.0/24,"ASN 8075"
202.22.173.0/24,"ASN 8075"
202.27.49.0/24,"ASN 8075"
202.89.224.0/21,"ASN 8075"
202.90.34.0/23,"ASN 8075"
202.130.203.0/24,"ASN 8075"
202.155.124.0/22,"ASN 8075"
203.2.220.0/24,"ASN 8075"
203.10.24.0/23,"ASN 8075"
203.10.27.0/24,"ASN 8075"
203.10.28.0/22,"ASN 8075"
203.20.128.0/23,"ASN 8075"
203.21.152.0/23,"ASN 8075"
203.32.8.0/24,"ASN 8075"
203.32.10.0/23,"ASN 8075"
203.84.134.0/23,"ASN 8075"
204.13.120.0/21,"ASN 8070"
204.14.180.0/22,"ASN 8075"
204.76.110.0/23,"ASN 8075"
204.79.135.0/24,"ASN 8075"
204.79.179.0/24,"ASN 8075"
204.79.195.0/24,"ASN 8075"
204.79.197.0/24,"ASN 8068"
204.79.252.0/24,"ASN 8075"
204.87.58.0/24,"ASN 8075"
204.95.96.0/20,"ASN 8075"
204.152.95.0/24,"ASN 8075"
204.152.140.0/23,"ASN 8075"
204.154.190.0/24,"ASN 8075"
204.194.56.0/22,"ASN 8075"
204.209.18.0/24,"ASN 8075"
204.209.219.0/24,"ASN 8075"
204.239.54.0/24,"ASN 8075"
205.135.211.0/24,"ASN 8075"
205.135.212.0/23,"ASN 8075"
205.143.44.0/23,"ASN 8075"
206.41.48.0/24,"ASN 8070"
206.138.168.0/21,"ASN 8075"
206.191.224.0/19,"ASN 8075"
206.203.123.0/24,"ASN 8075"
206.209.107.0/24,"ASN 8075"
206.251.32.0/24,"ASN 8075"
207.46.0.0/19,"ASN 8075"
207.46.36.0/22,"ASN 8075"
207.46.40.0/21,"ASN 8075"
207.46.48.0/20,"ASN 8075"
207.46.64.0/18,"ASN 8075"
207.46.128.0/17,"ASN 8075"
207.68.128.0/18,"ASN 8075"
207.103.0.0/16,"ASN 8075"
207.174.51.0/24,"ASN 8075"
208.64.87.0/24,"ASN 8075"
208.66.228.0/24,"ASN 8075"
208.68.136.0/21,"ASN 8075"
208.74.229.0/24,"ASN 8075"
208.74.231.0/24,"ASN 8075"
208.76.45.0/24,"ASN 8075"
208.76.46.0/24,"ASN 8075"
208.80.20.0/23,"ASN 8075"
208.80.134.0/23,"ASN 8075"
208.83.106.0/24,"ASN 8075"
208.84.0.0/21,"ASN 8075"
208.90.118.0/24,"ASN 8075"
208.90.236.0/24,"ASN 8075"
208.103.174.0/24,"ASN 8075"
209.51.100.0/24,"ASN 8075"
209.127.190.0/24,"ASN 8075"
209.143.212.0/23,"ASN 8075"
209.151.121.0/24,"ASN 8075"
209.199.0.0/16,"ASN 8075"
209.240.192.0/19,"ASN 8075"
209.251.248.0/24,"ASN 8075"
212.1.218.0/23,"ASN 8075"
212.1.222.0/23,"ASN 8075"
212.46.57.0/24,"ASN 8075"
212.103.45.0/24,"ASN 8075"
212.207.0.0/16,"ASN 8075"
213.54.0.0/16,"ASN 8075"
213.109.150.0/24,"ASN 8075"
213.156.248.0/23,"ASN 8075"
213.199.128.0/18,"ASN 8075"
213.218.36.0/23,"ASN 8075"
213.218.48.0/22,"ASN 8075"
216.9.196.0/24,"ASN 8075"
216.32.180.0/22,"ASN 8075"
216.73.183.0/24,"ASN 8075"
216.99.143.0/24,"ASN 8075"
216.126.214.0/24,"ASN 8075"
216.183.110.0/23,"ASN 8075"
216.220.203.0/24,"ASN 8075"
216.220.204.0/24,"ASN 8075"
216.220.208.0/20,"ASN 8075"
216.238.128.0/24,"ASN 8075"
216.238.135.0/24,"ASN 8075"
216.238.141.0/24,"ASN 8075"
217.11.173.0/24,"ASN 8075"
217.71.189.0/24,"ASN 8075"
217.169.202.0/24,"ASN 8075"
217.176.0.0/16,"ASN 8075"
2001:698::/47,"ASN 8075"
2001:df0:7::/48,"ASN 8075"
2001:df0:d7::/48,"ASN 8075"
2001:df0:d8::/47,"ASN 8075"
2001:df0:59c0::/48,"ASN 8075"
2001:3bc0:b1d::/48,"ASN 8075"
2001:489a:2000::/35,"ASN 8070"
2001:489a:4000::/35,"ASN 8070"
2401:ef40::/48,"ASN 8075"
2402:7d80::/48,"ASN 8075"
2404:f800::/32,"ASN 8075"
2404:f802::/31,"ASN 8075"
2407:30c0:184::/47,"ASN 8075"
2407:30c0:186::/48,"ASN 8075"
2601:9200:c001::/48,"ASN 8070"
2601:9200:c003::/48,"ASN 8070"
2601:9200:c004::/48,"ASN 8070"
2602:801:600a::/48,"ASN 8075"
2602:812:200a::/48,"ASN 8075"
2602:f73e::/48,"ASN 8075"
2602:f742::/46,"ASN 8075"
2602:f742:3f::/48,"ASN 8075"
2602:f7be:102::/48,"ASN 8075"
2602:f8c6:20::/48,"ASN 8075"
2602:f8d5:a0::/47,"ASN 8075"
2602:f8d5:a6::/48,"ASN 8075"
2602:fc31:4::/48,"ASN 8075"
2602:fdeb:50::/48,"ASN 8075"
2602:fdeb:52::/47,"ASN 8075"
2602:fdeb:54::/47,"ASN 8075"
2602:fdeb:61::/48,"ASN 8075"
2602:fdeb:62::/47,"ASN 8075"
2602:fdeb:64::/48,"ASN 8075"
2603:1000::/26,"ASN 8075"
2603:1040::/27,"ASN 8075"
2603:1060::/31,"ASN 8075"
2603:1062::/32,"ASN 8075"
2603:1063::/39,"ASN 8075"
2603:1063:200::/40,"ASN 8075"
2603:1063:300::/40,"ASN 8070"
2603:1063:400::/38,"ASN 8075"
2603:1063:800::/37,"ASN 8075"
2603:1063:1000::/36,"ASN 8075"
2603:1063:2000::/40,"ASN 8075"
2603:1063:2100::/40,"ASN 8070"
2603:1063:2200::/39,"ASN 8075"
2603:1063:2400::/38,"ASN 8075"
2603:1063:2800::/37,"ASN 8075"
2603:1063:3000::/36,"ASN 8075"
2603:1063:4000::/35,"ASN 8075"
2603:1063:6000::/36,"ASN 8075"
2603:1063:7000::/37,"ASN 8075"
2603:1063:7800::/38,"ASN 8075"
2603:1063:7c00::/38,"ASN 8070"
2603:1063:8000::/33,"ASN 8075"
2603:1064::/30,"ASN 8075"
2603:1068::/29,"ASN 8075"
2603:1070::/28,"ASN 8075"
2605:4300:3601::/48,"ASN 8070"
2606:e540:c00::/47,"ASN 8075"
2606:e540:c02::/47,"ASN 8070"
2606:e540:c04::/48,"ASN 8075"
2607:33c0:a0::/48,"ASN 8075"
2607:9240:3f00::/48,"ASN 8070"
2607:a940:a100::/48,"ASN 8075"
2620:0:30::/45,"ASN 8075"
2620:7d:d::/48,"ASN 8075"
2620:7d:e::/47,"ASN 8075"
2620:b1:e000::/48,"ASN 8075"
2620:bc:2000::/48,"ASN 8075"
2620:119:5077::/48,"ASN 8075"
2620:12c:9005::/48,"ASN 8075"
2620:147:160::/48,"ASN 8075"
2620:1ec::/46,"ASN 8075"
2620:1ec:4::/46,"ASN 8068"
2620:1ec:8::/47,"ASN 8075"
2620:1ec:a::/47,"ASN 8068"
2620:1ec:c::/47,"ASN 8068"
2620:1ec:e::/47,"ASN 8075"
2620:1ec:10::/47,"ASN 8075"
2620:1ec:12::/47,"ASN 8068"
2620:1ec:14::/46,"ASN 8075"
2620:1ec:18::/46,"ASN 8075"
2620:1ec:1c::/48,"ASN 8075"
2620:1ec:1d::/48,"ASN 8068"
2620:1ec:1e::/47,"ASN 8075"
2620:1ec:20::/48,"ASN 8075"
2620:1ec:21::/48,"ASN 8068"
2620:1ec:22::/47,"ASN 8068"
2620:1ec:24::/48,"ASN 8068"
2620:1ec:25::/48,"ASN 8075"
2620:1ec:26::/47,"ASN 8075"
2620:1ec:28::/48,"ASN 8068"
2620:1ec:29::/48,"ASN 8075"
2620:1ec:2a::/47,"ASN 8075"
2620:1ec:2c::/46,"ASN 8075"
2620:1ec:30::/46,"ASN 8075"
2620:1ec:34::/48,"ASN 8068"
2620:1ec:35::/48,"ASN 8075"
2620:1ec:36::/47,"ASN 8075"
2620:1ec:38::/45,"ASN 8075"
2620:1ec:40::/47,"ASN 8075"
2620:1ec:42::/47,"ASN 8068"
2620:1ec:44::/47,"ASN 8068"
2620:1ec:46::/47,"ASN 8075"
2620:1ec:48::/45,"ASN 8075"
2620:1ec:50::/44,"ASN 8075"
2620:1ec:60::/43,"ASN 8075"
2620:1ec:80::/41,"ASN 8075"
2620:1ec:100::/40,"ASN 8075"
2620:1ec:200::/39,"ASN 8075"
2620:1ec:400::/38,"ASN 8075"
2620:1ec:800::/41,"ASN 8075"
2620:1ec:880::/42,"ASN 8075"
2620:1ec:8c0::/43,"ASN 8075"
2620:1ec:8e0::/44,"ASN 8075"
2620:1ec:8f0::/48,"ASN 8068"
2620:1ec:8f1::/48,"ASN 8075"
2620:1ec:8f2::/47,"ASN 8075"
2620:1ec:8f4::/46,"ASN 8075"
2620:1ec:8f8::/48,"ASN 8075"
2620:1ec:8f9::/48,"ASN 8068"
2620:1ec:8fa::/48,"ASN 8075"
2620:1ec:8fb::/48,"ASN 8068"
2620:1ec:8fc::/48,"ASN 8068"
2620:1ec:8fd::/48,"ASN 8075"
2620:1ec:8fe::/47,"ASN 8075"
2620:1ec:900::/48,"ASN 8068"
2620:1ec:901::/48,"ASN 8075"
2620:1ec:902::/47,"ASN 8075"
2620:1ec:904::/46,"ASN 8075"
2620:1ec:908::/48,"ASN 8075"
2620:1ec:909::/48,"ASN 8068"
2620:1ec:90a::/47,"ASN 8075"
2620:1ec:90c::/48,"ASN 8068"
2620:1ec:90d::/48,"ASN 8075"
2620:1ec:90e::/47,"ASN 8075"
2620:1ec:910::/48,"ASN 8075"
2620:1ec:911::/48,"ASN 8068"
2620:1ec:912::/47,"ASN 8075"
2620:1ec:914::/46,"ASN 8075"
2620:1ec:918::/45,"ASN 8075"
2620:1ec:920::/43,"ASN 8075"
2620:1ec:940::/42,"ASN 8075"
2620:1ec:980::/41,"ASN 8075"
2620:1ec:a00::/41,"ASN 8075"
2620:1ec:a80::/44,"ASN 8075"
2620:1ec:a90::/47,"ASN 8075"
2620:1ec:a92::/48,"ASN 8068"
2620:1ec:a93::/48,"ASN 8075"
2620:1ec:a94::/46,"ASN 8075"
2620:1ec:a98::/45,"ASN 8075"
2620:1ec:aa0::/43,"ASN 8075"
2620:1ec:ac0::/42,"ASN 8075"
2620:1ec:b00::/40,"ASN 8075"
2620:1ec:c00::/44,"ASN 8075"
2620:1ec:c10::/48,"ASN 8075"
2620:1ec:c11::/48,"ASN 8068"
2620:1ec:c12::/47,"ASN 8075"
2620:1ec:c14::/46,"ASN 8075"
2620:1ec:c18::/45,"ASN 8075"
2620:1ec:c20::/43,"ASN 8075"
2620:1ec:c40::/42,"ASN 8075"
2620:1ec:c80::/41,"ASN 8075"
2620:1ec:d00::/40,"ASN 8075"
2620:1ec:e00::/39,"ASN 8075"
2801:80:1d0::/48,"ASN 8075"
2a00:1c68::/29,"ASN 8075"
2a01:111::/35,"ASN 8075"
2a01:111:2000::/47,"ASN 8075"
2a01:111:2002::/48,"ASN 8075"
2a01:111:2003::/48,"ASN 8068"
2a01:111:2004::/46,"ASN 8075"
2a01:111:2008::/45,"ASN 8075"
2a01:111:2010::/44,"ASN 8075"
2a01:111:2020::/45,"ASN 8075"
2a01:111:2028::/46,"ASN 8075"
2a01:111:202c::/47,"ASN 8068"
2a01:111:202e::/48,"ASN 8068"
2a01:111:202f::/48,"ASN 8075"
2a01:111:2030::/44,"ASN 8075"
2a01:111:2040::/42,"ASN 8075"
2a01:111:2080::/41,"ASN 8075"
2a01:111:2100::/40,"ASN 8075"
2a01:111:2200::/39,"ASN 8075"
2a01:111:2400::/38,"ASN 8075"
2a01:111:2800::/37,"ASN 8075"
2a01:111:3000::/36,"ASN 8075"
2a01:111:4000::/34,"ASN 8075"
2a01:111:8000::/33,"ASN 8075"
2a01:e900:f0::/48,"ASN 8075"
2a02:d21::/48,"ASN 8075"
2a03:21e0::/48,"ASN 8075"
2a03:52a0:183::/48,"ASN 8075"
2a04:9a00:1480::/48,"ASN 8075"
2a04:9a00:1484::/48,"ASN 8075"
2a04:9a00:1488::/48,"ASN 8075"
2a04:9a00:148c::/48,"ASN 8075"
2a04:b0c0:10::/46,"ASN 8075"
2a05:c341::/48,"ASN 8075"
2a05:e100:a::/48,"ASN 8075"
2a05:f500:2::/48,"ASN 8075"
2a07:3502:1191::/48,"ASN 8075"
2a07:54c4:1756::/48,"ASN 8075"
2a0a:6044:8ffe::/47,"ASN 8075"
2a0b:9e80:2000::/48,"ASN 8075"
2a0c:4144:200::/48,"ASN 8075"
2a0c:61c7:ace::/48,"ASN 8075"
2a0e:b107:27c7::/48,"ASN 8075"
2a0f:7803:fc50::/48,"ASN 8075"
2a12:fc0::/48,"ASN 8075"
2a12:fc7:ffef::/48,"ASN 8075"
2a14:4e87:1000::/48,"ASN 8075"
2a14:d300:3::/48,"ASN 8075"
